sampled_node_idx,original_node_idx,review_id
0,6753,454601
1,6777,454599
2,6778,454600
3,6808,454598
4,6837,454596
5,6838,454597
6,6863,454595
7,6888,454593
8,6889,454594
9,6922,454592
10,6949,454591
11,7024,454589
12,7025,454590
13,7066,454588
14,7080,450850
15,7081,454586
16,7082,454587
17,7110,454583
18,7111,454584
19,7112,454585
20,12969,225420
21,12983,434321
22,13008,225418
23,13009,225419
24,13024,441269
25,13025,441270
26,13064,225414
27,13065,225415
28,13066,225416
29,13067,225417
30,13102,225413
31,13153,441268
32,13179,225412
33,13185,441266
34,13186,441267
35,13229,223294
36,13243,441262
37,13244,441263
38,13245,441264
39,13246,441265
40,13269,161273
41,13270,161274
42,13299,441259
43,13300,441260
44,13301,441261
45,13357,441257
46,13358,441258
47,13386,161272
48,13413,441253
49,13414,441254
50,13415,441255
51,13416,441256
52,13454,441252
53,13477,161271
54,13508,161270
55,13523,434320
56,13545,158693
57,13546,161266
58,13547,161267
59,13548,161268
60,13549,161269
61,13561,434062
62,13562,441251
63,13608,441248
64,13609,441249
65,13610,441250
66,13652,433925
67,13653,441246
68,13654,441247
69,13698,441244
70,13699,441245
71,13723,433965
72,13724,441243
73,13782,441242
74,13808,441241
75,18548,454419
76,18626,454417
77,18627,454418
78,18691,451322
79,18692,454416
80,18758,454413
81,18759,454414
82,18760,454415
83,18814,454411
84,18815,454412
85,18936,454409
86,18937,454410
87,19393,451136
88,19394,454402
89,19395,454403
90,19462,454400
91,19463,454401
92,19531,454399
93,19589,454397
94,19590,454398
95,19634,454395
96,19635,454396
97,19671,454393
98,19672,454394
99,21205,441127
100,21206,441128
101,21255,441126
102,21306,434595
103,21307,441125
104,21344,441124
105,21393,441123
106,21472,441120
107,21473,441121
108,21474,441122
109,23489,441073
110,23490,441074
111,23491,441075
112,23628,441071
113,23629,441072
114,23698,434059
115,23699,441070
116,23749,434058
117,23750,441068
118,23751,441069
119,23874,441064
120,23875,441065
121,23876,441066
122,23877,441067
123,23973,565498
124,23974,565499
125,24042,565494
126,24043,565495
127,24044,565496
128,24045,565497
129,24168,565492
130,24169,565493
131,24222,565491
132,24284,565490
133,25644,462856
134,25645,462857
135,25646,462858
136,25792,462852
137,25793,462853
138,25794,462854
139,25795,462855
140,25897,462849
141,25898,462850
142,25899,462851
143,25961,462848
144,26004,462846
145,26005,462847
146,26845,454293
147,26916,454291
148,26917,454292
149,27035,454290
150,27122,454289
151,27206,454287
152,27207,454288
153,27288,454284
154,27289,454285
155,27290,454286
156,27381,440995
157,27382,440996
158,27383,440997
159,27384,440998
160,27385,440999
161,27393,462829
162,27394,462830
163,27395,462831
164,27396,462832
165,27488,440994
166,27491,462826
167,27492,462827
168,27493,462828
169,27563,440991
170,27564,440992
171,27565,440993
172,27568,462824
173,27569,462825
174,27636,440987
175,27637,440988
176,27638,440989
177,27639,440990
178,27643,462823
179,27711,440986
180,27716,462822
181,27779,440983
182,27780,440984
183,27781,440985
184,27786,462821
185,27848,440981
186,27849,440982
187,27918,440978
188,27919,440979
189,27920,440980
190,27922,454267
191,27923,454268
192,27924,454269
193,27925,454270
194,28015,440975
195,28016,440976
196,28017,440977
197,28019,454265
198,28020,454266
199,28095,434314
200,28096,440972
201,28097,440973
202,28098,440974
203,28164,434054
204,28165,434055
205,28166,440969
206,28167,440970
207,28168,440971
208,28169,454263
209,28170,454264
210,28234,440968
211,28235,454262
212,28287,440966
213,28288,440967
214,28289,454260
215,28290,454261
216,28359,440961
217,28360,440962
218,28361,440963
219,28362,440964
220,28363,440965
221,28429,214714
222,28430,214715
223,28510,214713
224,28573,214712
225,28631,214711
226,28710,214710
227,28779,214708
228,28780,214709
229,28867,212123
230,28868,214707
231,29511,440947
232,29527,565431
233,29528,565432
234,29529,565433
235,29584,434312
236,29585,434313
237,29586,434593
238,29587,440944
239,29588,440945
240,29589,440946
241,29603,565429
242,29604,565430
243,29661,434311
244,29662,440943
245,29724,434310
246,29725,434592
247,29726,440940
248,29727,440941
249,29728,440942
250,29740,559881
251,29741,565427
252,29742,565428
253,29789,440935
254,29790,440936
255,29791,440937
256,29792,440938
257,29793,440939
258,29807,565426
259,29864,440932
260,29865,440933
261,29866,440934
262,29878,565425
263,29951,440929
264,29952,440930
265,29953,440931
266,30636,565421
267,30746,565420
268,30820,565415
269,30821,565416
270,30822,565417
271,30823,565418
272,30824,565419
273,31050,565413
274,31051,565414
275,31142,565412
276,31249,565410
277,31250,565411
278,31328,565406
279,31329,565407
280,31330,565408
281,31331,565409
282,31414,565405
283,31561,565403
284,31562,565404
285,31625,565402
286,32881,370788
287,32882,370789
288,32883,370790
289,32964,370787
290,33029,369323
291,33030,370785
292,33031,370786
293,33092,370784
294,33153,370783
295,33211,368981
296,33212,370782
297,33401,440870
298,33402,440871
299,33403,440872
300,33418,533625
301,33419,533626
302,33420,533627
303,33421,533628
304,33422,533629
305,33423,533630
306,33492,434588
307,33493,440869
308,33595,533624
309,33651,440867
310,33652,440868
311,33665,533623
312,33736,440865
313,33737,440866
314,33754,532677
315,33821,440863
316,33822,440864
317,33911,440859
318,33912,440860
319,33913,440861
320,33914,440862
321,33933,533622
322,33990,214650
323,33991,214651
324,33992,214652
325,34076,214648
326,34077,214649
327,34154,214647
328,34222,214646
329,34282,214642
330,34283,214643
331,34284,214644
332,34285,214645
333,34358,214641
334,35090,259580
335,35091,260931
336,35120,462719
337,35121,462720
338,35193,260928
339,35194,260929
340,35195,260930
341,35226,460361
342,35227,462713
343,35228,462714
344,35229,462715
345,35230,462716
346,35231,462717
347,35232,462718
348,35319,462710
349,35320,462711
350,35321,462712
351,35371,260925
352,35372,260926
353,35373,260927
354,35400,460221
355,35401,462707
356,35402,462708
357,35403,462709
358,35469,462706
359,35507,260924
360,35525,462705
361,35563,259579
362,35695,462703
363,35696,462704
364,35811,462700
365,35812,462701
366,35813,462702
367,35952,460275
368,36061,462699
369,36144,462696
370,36145,462697
371,36146,462698
372,36225,462694
373,36226,462695
374,36305,462689
375,36306,462690
376,36307,462691
377,36308,462692
378,36309,462693
379,36371,460203
380,36372,462687
381,36373,462688
382,36434,462685
383,36435,462686
384,36507,460360
385,36508,462684
386,36645,462683
387,36733,369319
388,36734,370757
389,36826,369318
390,36827,370756
391,36896,370754
392,36897,370755
393,36961,370752
394,36962,370753
395,37034,370750
396,37035,370751
397,37328,257230
398,37410,258403
399,37411,258404
400,37481,258401
401,37482,258402
402,37542,257229
403,37543,258399
404,37544,258400
405,37616,257223
406,37617,257224
407,37618,257225
408,37619,257226
409,37620,257227
410,37621,257228
411,37885,451131
412,37886,454136
413,37887,454137
414,37888,454138
415,37889,454139
416,37989,454135
417,38070,454134
418,38159,454132
419,38160,454133
420,38220,454131
421,38287,454129
422,38288,454130
423,38304,18334
424,38372,18331
425,38373,18332
426,38374,18333
427,38471,18330
428,38699,18329
429,38771,18327
430,38772,18328
431,38849,18325
432,38850,18326
433,39014,565324
434,39123,559464
435,39124,565323
436,39218,565320
437,39219,565321
438,39220,565322
439,39288,565319
440,39367,565317
441,39368,565318
442,39437,565314
443,39438,565315
444,39439,565316
445,39520,565313
446,40080,158681
447,40081,160945
448,40082,160946
449,40083,160947
450,40187,160942
451,40188,160943
452,40189,160944
453,40265,158680
454,40330,160940
455,40331,160941
456,40577,160939
457,40637,18315
458,40638,18316
459,40720,18312
460,40721,18313
461,40722,18314
462,40876,18310
463,40877,18311
464,41038,18307
465,41039,18308
466,41040,18309
467,41121,18306
468,41261,440745
469,41262,440746
470,41263,440747
471,41264,440748
472,41500,440742
473,41501,440743
474,41502,440744
475,41589,440740
476,41590,440741
477,41651,440739
478,41711,440738
479,41767,214588
480,41768,214589
481,41875,214585
482,41876,214586
483,41877,214587
484,41979,214581
485,41980,214582
486,41981,214583
487,41982,214584
488,42065,214579
489,42066,214580
490,42163,214577
491,42164,214578
492,42461,454080
493,42462,454081
494,42463,454082
495,42464,454083
496,42568,451312
497,42569,454077
498,42570,454078
499,42571,454079
500,42667,454074
501,42668,454075
502,42669,454076
503,42753,454073
504,42979,454071
505,42980,454072
506,43102,454070
507,43216,454066
508,43217,454067
509,43218,454068
510,43219,454069
511,43319,454064
512,43320,454065
513,43421,454063
514,43506,454062
515,43593,454061
516,43690,454059
517,43691,454060
518,43781,332034
519,43782,332035
520,43783,332036
521,43784,332037
522,43808,454057
523,43809,454058
524,43907,332033
525,44008,331270
526,44009,332031
527,44010,332032
528,44028,454054
529,44029,454055
530,44030,454056
531,44111,331269
532,44123,454053
533,44219,450976
534,44220,454052
535,44288,332030
536,44298,454049
537,44299,454050
538,44300,454051
539,44549,565254
540,44550,565255
541,44673,565253
542,44773,565251
543,44774,565252
544,44854,559266
545,44855,565250
546,44965,565248
547,44966,565249
548,45041,565246
549,45042,565247
550,45233,440683
551,45234,440684
552,45240,462599
553,45256,565243
554,45257,565244
555,45258,565245
556,45356,440682
557,45361,462597
558,45362,462598
559,45384,565242
560,45458,440680
561,45459,440681
562,45463,460357
563,45464,462594
564,45465,462595
565,45466,462596
566,45480,559874
567,45556,440679
568,45573,559463
569,45574,565241
570,45664,565240
571,45710,440678
572,45714,462593
573,45726,565238
574,45727,565239
575,45807,440675
576,45808,440676
577,45809,440677
578,45810,462591
579,45811,462592
580,45832,565236
581,45833,565237
582,45884,214556
583,45885,214557
584,45886,214558
585,46000,214555
586,46084,214554
587,46177,214552
588,46178,214553
589,46285,211930
590,46286,214551
591,46485,214549
592,46486,214550
593,48537,440621
594,48538,440622
595,48539,440623
596,48540,440624
597,48541,440625
598,48620,434582
599,48703,440619
600,48704,440620
601,48716,565180
602,48717,565181
603,48718,565182
604,48801,565177
605,48802,565178
606,48803,565179
607,48864,440618
608,48881,565175
609,48882,565176
610,48954,440616
611,48955,440617
612,48971,565174
613,49044,440614
614,49045,440615
615,49070,565173
616,49110,160852
617,49111,160853
618,49112,160854
619,49113,160855
620,49114,160856
621,49169,440613
622,49231,158463
623,49232,160851
624,49281,440612
625,49337,160847
626,49338,160848
627,49339,160849
628,49340,160850
629,49375,440609
630,49376,440610
631,49377,440611
632,49424,160844
633,49425,160845
634,49426,160846
635,49460,440607
636,49461,440608
637,49514,158517
638,49555,440605
639,49556,440606
640,49599,160842
641,49600,160843
642,49633,440602
643,49634,440603
644,49635,440604
645,49701,160840
646,49702,160841
647,49852,225073
648,49853,225074
649,49919,565161
650,49920,565162
651,49964,225069
652,49965,225070
653,49966,225071
654,49967,225072
655,50032,565160
656,50084,225067
657,50085,225068
658,50137,565158
659,50138,565159
660,50180,225066
661,50220,565157
662,50247,225065
663,50295,565154
664,50296,565155
665,50297,565156
666,50327,223207
667,50328,225064
668,50371,565153
669,51227,160814
670,51228,160815
671,51229,160816
672,51262,374016
673,51263,374377
674,51264,378031
675,51364,374058
676,51463,378030
677,51534,160811
678,51535,160812
679,51536,160813
680,51562,378029
681,51619,378026
682,51620,378027
683,51621,378028
684,51672,160808
685,51673,160809
686,51674,160810
687,51771,158588
688,51772,160807
689,51813,378024
690,51814,378025
691,51906,214505
692,51907,214506
693,51908,214507
694,51909,214508
695,51993,212118
696,51994,214504
697,52081,214502
698,52082,214503
699,52280,214501
700,52361,214500
701,52470,214497
702,52471,214498
703,52472,214499
704,52619,462532
705,52620,462533
706,52725,462531
707,52810,462529
708,52811,462530
709,52895,462527
710,52896,462528
711,52987,462525
712,52988,462526
713,53160,462524
714,53233,214491
715,53239,237999
716,53333,214490
717,53339,239031
718,53340,239032
719,53341,239033
720,53431,214488
721,53432,214489
722,53532,214484
723,53533,214485
724,53534,214486
725,53535,214487
726,53538,237998
727,53631,214483
728,53633,239029
729,53634,239030
730,53698,214481
731,53699,214482
732,53704,239028
733,53793,214480
734,53797,239026
735,53798,239027
736,53969,453966
737,54075,453964
738,54076,453965
739,54179,453962
740,54180,453963
741,54257,453961
742,54346,451126
743,54347,453959
744,54348,453960
745,54463,453957
746,54464,453958
747,54800,258329
748,54931,258327
749,54932,258328
750,55204,257214
751,55205,257215
752,55206,258325
753,55207,258326
754,55308,257264
755,55309,258323
756,55310,258324
757,55426,239006
758,55427,239007
759,55428,239008
760,55429,239009
761,55561,239004
762,55562,239005
763,55669,239003
764,55754,239002
765,55815,237904
766,55816,237996
767,55817,239001
768,55933,237995
769,55934,238998
770,55935,238999
771,55936,239000
772,56041,237946
773,56042,238994
774,56043,238995
775,56044,238996
776,56045,238997
777,56159,238993
778,56254,238989
779,56255,238990
780,56256,238991
781,56257,238992
782,56352,238987
783,56353,238988
784,56436,238984
785,56437,238985
786,56438,238986
787,56527,238980
788,56528,238981
789,56529,238982
790,56530,238983
791,56613,238979
792,56735,224994
793,56736,224995
794,56737,224996
795,56738,224997
796,56739,224998
797,57034,223200
798,57103,224992
799,57104,224993
800,57186,224990
801,57187,224991
802,57345,160741
803,57450,160740
804,57532,160738
805,57533,160739
806,57638,160737
807,57722,160735
808,57723,160736
809,57793,160733
810,57794,160734
811,57882,160732
812,58022,544838
813,58023,544839
814,58024,544840
815,58025,544841
816,58026,544842
817,58106,544836
818,58107,544837
819,58260,544835
820,58366,544834
821,58441,544831
822,58442,544832
823,58443,544833
824,58458,18189
825,58459,18190
826,58460,18191
827,58536,440420
828,58537,440421
829,58540,453936
830,58541,453937
831,58656,440415
832,58657,440416
833,58658,440417
834,58659,440418
835,58660,440419
836,58699,18187
837,58700,18188
838,58775,440414
839,58777,453934
840,58778,453935
841,58819,15961
842,58881,440413
843,58884,453932
844,58885,453933
845,58976,453931
846,59001,18185
847,59002,18186
848,59086,440410
849,59087,440411
850,59088,440412
851,59091,451308
852,59092,453929
853,59093,453930
854,59130,16004
855,59131,18183
856,59132,18184
857,59221,453928
858,59258,18181
859,59259,18182
860,59352,377945
861,59354,396879
862,59355,396880
863,59370,453924
864,59371,453925
865,59372,453926
866,59373,453927
867,59419,18178
868,59420,18179
869,59421,18180
870,59493,377944
871,59496,396877
872,59497,396878
873,59538,18174
874,59539,18175
875,59540,18176
876,59541,18177
877,59613,377942
878,59614,377943
879,59617,396875
880,59618,396876
881,59624,453923
882,59726,377940
883,59727,377941
884,59731,396871
885,59732,396872
886,59733,396873
887,59734,396874
888,59748,451307
889,59749,453920
890,59750,453921
891,59751,453922
892,59842,374376
893,59845,396870
894,59859,451306
895,59891,18173
896,59972,377937
897,59973,377938
898,59974,377939
899,59978,396868
900,59979,396869
901,60018,18172
902,60098,377936
903,60104,396867
904,60202,214420
905,60203,214421
906,60204,214422
907,60205,214423
908,60208,238936
909,60257,462451
910,60258,462452
911,60259,462453
912,60260,462454
913,60261,462455
914,60338,214418
915,60339,214419
916,60387,450845
917,60388,453918
918,60389,453919
919,60462,214417
920,60468,238935
921,60504,450844
922,60505,453917
923,60508,462449
924,60509,462450
925,60576,214415
926,60577,214416
927,60586,238931
928,60587,238932
929,60588,238933
930,60589,238934
931,60627,453916
932,60628,462448
933,60703,238929
934,60704,238930
935,60741,453914
936,60742,453915
937,60744,462445
938,60745,462446
939,60746,462447
940,60805,214414
941,60809,238928
942,60947,214412
943,60948,214413
944,60958,238927
945,61003,451305
946,61004,453911
947,61005,453912
948,61006,453913
949,61089,160702
950,61096,175993
951,61097,177242
952,61098,177243
953,61123,237943
954,61124,238923
955,61125,238924
956,61126,238925
957,61127,238926
958,61165,370627
959,61166,370628
960,61167,377925
961,61168,396863
962,61190,453908
963,61191,453909
964,61192,453910
965,61266,160700
966,61267,160701
967,61271,175992
968,61272,177240
969,61273,177241
970,61295,238919
971,61296,238920
972,61297,238921
973,61298,238922
974,61338,370626
975,61339,377922
976,61340,377923
977,61341,377924
978,61344,396860
979,61345,396861
980,61346,396862
981,61367,453903
982,61368,453904
983,61369,453905
984,61370,453906
985,61371,453907
986,61459,177239
987,61476,238918
988,61503,370624
989,61504,370625
990,61507,377917
991,61508,377918
992,61509,377919
993,61510,377920
994,61511,377921
995,61515,396858
996,61516,396859
997,61608,160699
998,61615,177238
999,61656,370623
1000,61735,160694
1001,61736,160695
1002,61737,160696
1003,61738,160697
1004,61739,160698
1005,61741,177237
1006,61756,238916
1007,61757,238917
1008,61777,377916
1009,61782,396856
1010,61783,396857
1011,61797,451304
1012,61798,453902
1013,61858,160693
1014,61863,175937
1015,61875,237990
1016,61876,238914
1017,61877,238915
1018,61907,377914
1019,61908,377915
1020,61915,394624
1021,61916,396853
1022,61917,396854
1023,61918,396855
1024,61930,450901
1025,61931,453900
1026,61932,453901
1027,62024,160692
1028,62029,177235
1029,62030,177236
1030,62048,238913
1031,62084,370619
1032,62085,370620
1033,62086,370621
1034,62087,370622
1035,62089,377912
1036,62090,377913
1037,62092,396851
1038,62093,396852
1039,62111,453894
1040,62112,453895
1041,62113,453896
1042,62114,453897
1043,62115,453898
1044,62116,453899
1045,62165,18160
1046,62166,27181
1047,62167,28086
1048,62168,28087
1049,62224,205103
1050,62225,205104
1051,62226,205105
1052,62227,205106
1053,62228,205107
1054,62255,307402
1055,62326,544808
1056,62327,544809
1057,62328,544810
1058,62350,15981
1059,62351,18158
1060,62352,18159
1061,62397,205102
1062,62421,307401
1063,62468,544806
1064,62469,544807
1065,62491,18157
1066,62495,27128
1067,62496,28084
1068,62497,28085
1069,62569,307399
1070,62570,307400
1071,62622,16119
1072,62627,28081
1073,62628,28082
1074,62629,28083
1075,62667,203641
1076,62668,205100
1077,62669,205101
1078,62690,307398
1079,62743,544804
1080,62744,544805
1081,62764,18155
1082,62765,18156
1083,62766,27145
1084,62808,205099
1085,62827,306241
1086,62828,307395
1087,62829,307396
1088,62830,307397
1089,62884,18154
1090,62926,205098
1091,63024,544801
1092,63025,544802
1093,63026,544803
1094,63047,18152
1095,63048,18153
1096,63052,28079
1097,63053,28080
1098,63138,307394
1099,63199,544800
1100,63572,331152
1101,63573,331209
1102,63574,331210
1103,63575,331211
1104,63576,331212
1105,63577,331213
1106,63578,331214
1107,63579,331255
1108,63580,331256
1109,63581,331257
1110,63582,331258
1111,63583,331259
1112,63584,331260
1113,63585,331261
1114,63586,331985
1115,63587,331986
1116,63588,331987
1117,63734,331254
1118,63735,331982
1119,63736,331983
1120,63737,331984
1121,63863,331980
1122,63864,331981
1123,64201,18140
1124,64202,18141
1125,64308,490612
1126,64309,490613
1127,64347,18138
1128,64348,18139
1129,64420,490611
1130,64448,18137
1131,64567,490608
1132,64568,490609
1133,64569,490610
1134,64603,18135
1135,64604,18136
1136,64702,488516
1137,64812,488338
1138,64832,16118
1139,64833,18133
1140,64834,18134
1141,64906,490607
1142,64932,18130
1143,64933,18131
1144,64934,18132
1145,65075,488358
1146,65076,490606
1147,65115,57220
1148,65116,57221
1149,65247,451302
1150,65248,453866
1151,65249,453867
1152,65257,488515
1153,65258,490602
1154,65259,490603
1155,65260,490604
1156,65261,490605
1157,65313,18126
1158,65314,18127
1159,65315,18128
1160,65316,18129
1161,65324,57219
1162,65445,429806
1163,65446,429807
1164,65462,490600
1165,65463,490601
1166,65500,18124
1167,65501,18125
1168,65509,57218
1169,65623,453865
1170,65624,460354
1171,65625,462412
1172,65626,462413
1173,65627,462414
1174,65628,462415
1175,65631,488381
1176,65632,490599
1177,65654,18120
1178,65655,18121
1179,65656,18122
1180,65657,18123
1181,65730,429803
1182,65731,429804
1183,65732,429805
1184,65739,451301
1185,65740,453864
1186,65744,490597
1187,65745,490598
1188,65775,57217
1189,65846,453862
1190,65847,453863
1191,65849,462411
1192,65851,490595
1193,65852,490596
1194,65882,18118
1195,65883,18119
1196,65889,55803
1197,65890,57216
1198,65965,429801
1199,65966,429802
1200,65969,453860
1201,65970,453861
1202,65972,462408
1203,65973,462409
1204,65974,462410
1205,65980,490592
1206,65981,490593
1207,65982,490594
1208,66015,18116
1209,66016,18117
1210,66038,57213
1211,66039,57214
1212,66040,57215
1213,66172,429797
1214,66173,429798
1215,66174,429799
1216,66175,429800
1217,66182,453857
1218,66183,453858
1219,66184,453859
1220,66185,462406
1221,66186,462407
1222,66192,490589
1223,66193,490590
1224,66194,490591
1225,66278,160654
1226,66279,160655
1227,66280,160656
1228,66281,160657
1229,66351,440286
1230,66371,488514
1231,66372,490588
1232,66447,160652
1233,66448,160653
1234,66501,440283
1235,66502,440284
1236,66503,440285
1237,66515,490587
1238,66583,158514
1239,66598,237942
1240,66599,237987
1241,66600,238881
1242,66601,238882
1243,66602,238883
1244,66651,440280
1245,66652,440281
1246,66653,440282
1247,66667,488513
1248,66668,490586
1249,66716,160651
1250,66739,237986
1251,66740,238880
1252,66787,488452
1253,66788,490584
1254,66789,490585
1255,66833,160649
1256,66834,160650
1257,66850,238879
1258,66884,440279
1259,66892,488512
1260,66981,238878
1261,67018,440276
1262,67019,440277
1263,67020,440278
1264,67037,490582
1265,67038,490583
1266,67106,160645
1267,67107,160646
1268,67108,160647
1269,67109,160648
1270,67129,238877
1271,67201,440272
1272,67202,440273
1273,67203,440274
1274,67204,440275
1275,67214,490580
1276,67215,490581
1277,68347,453842
1278,68348,453843
1279,68492,451299
1280,68493,451300
1281,68494,453839
1282,68495,453840
1283,68496,453841
1284,68776,453837
1285,68777,453838
1286,68921,453835
1287,68922,453836
1288,69229,18085
1289,69271,177197
1290,69282,224930
1291,69308,307371
1292,69327,370590
1293,69328,370591
1294,69344,434578
1295,69345,440211
1296,69346,440212
1297,69347,440213
1298,69365,488511
1299,69366,490557
1300,69367,490558
1301,69368,490559
1302,69400,18083
1303,69401,18084
1304,69432,177196
1305,69442,224929
1306,69461,370587
1307,69462,370588
1308,69463,370589
1309,69471,440209
1310,69472,440210
1311,69480,490556
1312,69506,18082
1313,69532,177193
1314,69533,177194
1315,69534,177195
1316,69547,223281
1317,69571,306330
1318,69572,306426
1319,69573,307369
1320,69574,307370
1321,69600,434302
1322,69601,440207
1323,69602,440208
1324,69620,490554
1325,69621,490555
1326,69650,18081
1327,69684,177192
1328,69710,307368
1329,69719,370586
1330,69734,440206
1331,69742,490551
1332,69743,490552
1333,69744,490553
1334,69768,18080
1335,69793,177191
1336,69801,224928
1337,69815,307365
1338,69816,307366
1339,69817,307367
1340,69824,368973
1341,69825,370584
1342,69826,370585
1343,69839,440203
1344,69840,440204
1345,69841,440205
1346,69849,488450
1347,69850,490550
1348,69875,18079
1349,69902,177190
1350,69910,224923
1351,69911,224924
1352,69912,224925
1353,69913,224926
1354,69914,224927
1355,69931,307364
1356,69957,434301
1357,69985,18075
1358,69986,18076
1359,69987,18077
1360,69988,18078
1361,70031,177188
1362,70032,177189
1363,70043,224922
1364,70065,307363
1365,70082,370582
1366,70083,370583
1367,70102,440197
1368,70103,440198
1369,70104,440199
1370,70105,440200
1371,70106,440201
1372,70107,440202
1373,70123,490549
1374,70207,158585
1375,70208,160623
1376,70209,160624
1377,70321,564894
1378,70422,358531
1379,70423,358532
1380,70424,358533
1381,70425,358534
1382,70426,358535
1383,70427,358536
1384,70428,358537
1385,70468,564893
1386,70549,358090
1387,70550,358528
1388,70551,358529
1389,70552,358530
1390,70557,374660
1391,70558,377850
1392,70559,377851
1393,70643,160619
1394,70644,160620
1395,70645,160621
1396,70646,160622
1397,70681,358527
1398,70684,377849
1399,70737,564888
1400,70738,564889
1401,70739,564890
1402,70740,564891
1403,70741,564892
1404,70831,358524
1405,70832,358525
1406,70833,358526
1407,70836,377848
1408,70864,564885
1409,70865,564886
1410,70866,564887
1411,70905,160617
1412,70906,160618
1413,70959,358101
1414,70960,358102
1415,70961,358522
1416,70962,358523
1417,70967,377845
1418,70968,377846
1419,70969,377847
1420,71010,564884
1421,71066,160616
1422,71131,358520
1423,71132,358521
1424,71135,377843
1425,71136,377844
1426,71325,450843
1427,71326,453808
1428,71327,453809
1429,71328,453810
1430,71329,453811
1431,71479,453807
1432,71628,453805
1433,71629,453806
1434,71741,451121
1435,71742,453804
1436,71838,453800
1437,71839,453801
1438,71840,453802
1439,71841,453803
1440,72096,453799
1441,72193,214339
1442,72194,214340
1443,72225,358514
1444,72252,433961
1445,72253,440137
1446,72254,440138
1447,72255,440139
1448,72256,440140
1449,72257,440141
1450,72260,462365
1451,72264,490533
1452,72265,490534
1453,72381,440134
1454,72382,440135
1455,72383,440136
1456,72386,462361
1457,72387,462362
1458,72388,462363
1459,72389,462364
1460,72392,490529
1461,72393,490530
1462,72394,490531
1463,72395,490532
1464,72468,214337
1465,72469,214338
1466,72498,358511
1467,72499,358512
1468,72500,358513
1469,72517,434298
1470,72518,440132
1471,72519,440133
1472,72530,462360
1473,72637,358509
1474,72638,358510
1475,72654,440128
1476,72655,440129
1477,72656,440130
1478,72657,440131
1479,72659,462358
1480,72660,462359
1481,72713,214334
1482,72714,214335
1483,72715,214336
1484,72750,358508
1485,72767,440127
1486,72772,462355
1487,72773,462356
1488,72774,462357
1489,72779,490527
1490,72780,490528
1491,72823,214332
1492,72824,214333
1493,72859,358089
1494,72860,358116
1495,72861,358507
1496,72871,440125
1497,72872,440126
1498,72880,462354
1499,72883,490525
1500,72884,490526
1501,72947,214331
1502,72983,358506
1503,73000,440123
1504,73001,440124
1505,73012,490522
1506,73013,490523
1507,73014,490524
1508,73037,18052
1509,73038,18053
1510,73039,18054
1511,73053,86036
1512,73054,86037
1513,73055,86038
1514,73056,86039
1515,73142,440116
1516,73143,440117
1517,73144,440118
1518,73145,440119
1519,73146,440120
1520,73147,440121
1521,73148,440122
1522,73194,18050
1523,73195,18051
1524,73214,85472
1525,73215,86033
1526,73216,86034
1527,73217,86035
1528,73300,440112
1529,73301,440113
1530,73302,440114
1531,73303,440115
1532,73342,18049
1533,73415,440110
1534,73416,440111
1535,73456,18048
1536,73476,86031
1537,73477,86032
1538,73552,440109
1539,73599,86029
1540,73600,86030
1541,73714,86028
1542,73777,440108
1543,73812,18045
1544,73813,18046
1545,73814,18047
1546,73834,85471
1547,73916,440103
1548,73917,440104
1549,73918,440105
1550,73919,440106
1551,73920,440107
1552,74073,358499
1553,74130,564850
1554,74156,57175
1555,74157,57176
1556,74276,564849
1557,74300,55711
1558,74301,57172
1559,74302,57173
1560,74303,57174
1561,74379,358497
1562,74380,358498
1563,74444,564846
1564,74445,564847
1565,74446,564848
1566,74478,55935
1567,74552,358496
1568,74609,55684
1569,74685,358494
1570,74686,358495
1571,74719,564843
1572,74720,564844
1573,74721,564845
1574,74740,57171
1575,74801,358492
1576,74802,358493
1577,74834,564842
1578,74860,57170
1579,74948,358099
1580,74949,358490
1581,74950,358491
1582,75002,564841
1583,75143,363626
1584,75144,363627
1585,75145,363628
1586,75174,450841
1587,75175,453772
1588,75176,453773
1589,75180,465760
1590,75181,465761
1591,75296,363625
1592,75311,440087
1593,75312,440088
1594,75313,440089
1595,75314,440090
1596,75315,453770
1597,75316,453771
1598,75319,465759
1599,75435,363623
1600,75436,363624
1601,75453,440083
1602,75454,440084
1603,75455,440085
1604,75456,440086
1605,75459,453768
1606,75460,453769
1607,75464,465755
1608,75465,465756
1609,75466,465757
1610,75467,465758
1611,75587,363621
1612,75588,363622
1613,75608,440080
1614,75609,440081
1615,75610,440082
1616,75613,453765
1617,75614,453766
1618,75615,453767
1619,75617,463804
1620,75725,440075
1621,75726,440076
1622,75727,440077
1623,75728,440078
1624,75729,440079
1625,75731,453763
1626,75732,453764
1627,75831,362459
1628,75832,363620
1629,75844,463388
1630,75972,440072
1631,75973,440073
1632,75974,440074
1633,75976,453759
1634,75977,453760
1635,75978,453761
1636,75979,453762
1637,75983,465754
1638,76085,224875
1639,76086,224876
1640,76087,224877
1641,76088,224878
1642,76248,224872
1643,76249,224873
1644,76250,224874
1645,76393,224869
1646,76394,224870
1647,76395,224871
1648,76524,223278
1649,76525,224868
1650,76760,224865
1651,76761,224866
1652,76762,224867
1653,76921,224863
1654,76922,224864
1655,77107,374372
1656,77108,377775
1657,77109,377776
1658,77110,377777
1659,77133,453750
1660,77204,160581
1661,77205,160582
1662,77206,160583
1663,77249,377774
1664,77271,453749
1665,77353,158674
1666,77354,160580
1667,77408,374655
1668,77424,453748
1669,77545,451120
1670,77546,453747
1671,77603,160577
1672,77604,160578
1673,77605,160579
1674,77635,377772
1675,77636,377773
1676,77658,453744
1677,77659,453745
1678,77660,453746
1679,77730,160575
1680,77731,160576
1681,77781,377769
1682,77782,377770
1683,77783,377771
1684,77808,453743
1685,77932,374654
1686,77933,377768
1687,77952,453741
1688,77953,453742
1689,78087,410982
1690,78088,410983
1691,78089,410984
1692,78130,564800
1693,78167,86005
1694,78236,377765
1695,78237,377766
1696,78238,377767
1697,78248,410981
1698,78332,86004
1699,78417,377762
1700,78418,377763
1701,78419,377764
1702,78429,410978
1703,78430,410979
1704,78431,410980
1705,78474,564798
1706,78475,564799
1707,78508,86002
1708,78509,86003
1709,78568,374653
1710,78576,410977
1711,78615,559457
1712,78616,564797
1713,78650,86001
1714,78692,377760
1715,78693,377761
1716,78703,409986
1717,78704,410976
1718,78732,564796
1719,78753,85488
1720,78754,85999
1721,78755,86000
1722,78811,377758
1723,78812,377759
1724,78848,559456
1725,78849,564794
1726,78850,564795
1727,78884,85996
1728,78885,85997
1729,78886,85998
1730,78961,377755
1731,78962,377756
1732,78963,377757
1733,78971,410975
1734,79012,564793
1735,79027,18013
1736,79028,18014
1737,79029,18015
1738,79309,18012
1739,79453,18008
1740,79454,18009
1741,79455,18010
1742,79456,18011
1743,79584,18007
1744,79686,18006
1745,79786,18005
1746,79902,16054
1747,79903,18004
1748,80015,434572
1749,80016,440015
1750,80017,440016
1751,80018,440017
1752,80019,440018
1753,80020,440019
1754,80021,440020
1755,80070,18001
1756,80071,18002
1757,80072,18003
1758,80161,374371
1759,80162,374652
1760,80163,377744
1761,80164,377745
1762,80183,440011
1763,80184,440012
1764,80185,440013
1765,80186,440014
1766,80243,17999
1767,80244,18000
1768,80324,377743
1769,80338,434296
1770,80339,434297
1771,80340,440009
1772,80341,440010
1773,80394,17998
1774,80464,440008
1775,80504,17996
1776,80505,17997
1777,80579,377742
1778,80590,440006
1779,80591,440007
1780,80629,17994
1781,80630,17995
1782,80711,377740
1783,80712,377741
1784,80729,440004
1785,80730,440005
1786,80766,17992
1787,80767,17993
1788,80861,377737
1789,80862,377738
1790,80863,377739
1791,80878,440003
1792,80921,17991
1793,80949,160556
1794,80950,160557
1795,80966,214280
1796,80967,214281
1797,80968,214282
1798,81023,434571
1799,81024,440001
1800,81025,440002
1801,81028,462289
1802,81037,490478
1803,81038,490479
1804,81039,490480
1805,81040,490481
1806,81109,160553
1807,81110,160554
1808,81111,160555
1809,81126,214279
1810,81127,224847
1811,81128,224848
1812,81176,439998
1813,81177,439999
1814,81178,440000
1815,81181,462287
1816,81182,462288
1817,81229,17988
1818,81230,17989
1819,81231,17990
1820,81271,160552
1821,81280,214278
1822,81285,223277
1823,81286,224845
1824,81287,224846
1825,81346,434295
1826,81347,434570
1827,81354,462283
1828,81355,462284
1829,81356,462285
1830,81357,462286
1831,81363,490475
1832,81364,490476
1833,81365,490477
1834,81392,17986
1835,81393,17987
1836,81429,160551
1837,81440,214276
1838,81441,214277
1839,81444,224842
1840,81445,224843
1841,81446,224844
1842,81477,433922
1843,81478,439996
1844,81479,439997
1845,81481,460351
1846,81487,490474
1847,81517,17985
1848,81545,160548
1849,81546,160549
1850,81547,160550
1851,81555,224841
1852,81600,439994
1853,81601,439995
1854,81603,462278
1855,81604,462279
1856,81605,462280
1857,81606,462281
1858,81607,462282
1859,81613,490473
1860,81637,17984
1861,81659,158582
1862,81660,158672
1863,81661,160546
1864,81662,160547
1865,81670,214274
1866,81671,214275
1867,81675,224840
1868,81713,439992
1869,81714,439993
1870,81718,490472
1871,81743,17980
1872,81744,17981
1873,81745,17982
1874,81746,17983
1875,81778,160544
1876,81779,160545
1877,81795,214273
1878,81796,224837
1879,81797,224838
1880,81798,224839
1881,81871,439990
1882,81872,439991
1883,81877,462277
1884,81886,490469
1885,81887,490470
1886,81888,490471
1887,81973,224834
1888,81974,224835
1889,81975,224836
1890,82006,396742
1891,82130,223276
1892,82131,224832
1893,82132,224833
1894,82177,396741
1895,82280,224828
1896,82281,224829
1897,82282,224830
1898,82283,224831
1899,82321,396739
1900,82322,396740
1901,82428,224827
1902,82453,394718
1903,82571,396738
1904,82666,396735
1905,82667,396736
1906,82668,396737
1907,82787,396733
1908,82788,396734
1909,82840,55710
1910,82841,55932
1911,82842,57134
1912,82869,139521
1913,82870,141078
1914,82871,141079
1915,82872,141080
1916,83011,55931
1917,83012,57132
1918,83013,57133
1919,83025,141076
1920,83026,141077
1921,83181,55798
1922,83182,57130
1923,83183,57131
1924,83194,141075
1925,83430,141074
1926,83549,57129
1927,83563,141072
1928,83564,141073
1929,83653,57127
1930,83654,57128
1931,84832,499717
1932,84833,499718
1933,84834,499719
1934,84835,499720
1935,85005,499714
1936,85006,499715
1937,85007,499716
1938,85453,499713
1939,85582,499712
1940,85725,499711
1941,85764,17953
1942,85765,17954
1943,85766,17955
1944,85805,160504
1945,85806,160505
1946,85870,374650
1947,85871,377681
1948,85872,377682
1949,85873,377683
1950,85874,377684
1951,85941,17952
1952,85973,160501
1953,85974,160502
1954,85975,160503
1955,86035,374649
1956,86036,377680
1957,86089,17950
1958,86090,17951
1959,86132,160499
1960,86133,160500
1961,86184,377679
1962,86246,17947
1963,86247,17948
1964,86248,17949
1965,86267,158670
1966,86268,160496
1967,86269,160497
1968,86270,160498
1969,86319,374648
1970,86408,158669
1971,86409,160495
1972,86460,377678
1973,86536,160494
1974,86574,377676
1975,86575,377677
1976,86628,17946
1977,86671,160492
1978,86672,160493
1979,86722,374647
1980,86723,377671
1981,86724,377672
1982,86725,377673
1983,86726,377674
1984,86727,377675
1985,86921,434047
1986,86922,434569
1987,86923,439890
1988,86924,439891
1989,86925,439892
1990,86926,439893
1991,86929,462230
1992,86930,462231
1993,86959,564683
1994,86960,564684
1995,86961,564685
1996,86962,564686
1997,86963,564687
1998,87108,439887
1999,87109,439888
2000,87110,439889
2001,87114,462229
2002,87137,564682
2003,87290,433960
2004,87291,439885
2005,87292,439886
2006,87298,462227
2007,87299,462228
2008,87336,559847
2009,87337,564679
2010,87338,564680
2011,87339,564681
2012,87494,439880
2013,87495,439881
2014,87496,439882
2015,87497,439883
2016,87498,439884
2017,87502,462224
2018,87503,462225
2019,87504,462226
2020,87540,559141
2021,87541,564676
2022,87542,564677
2023,87543,564678
2024,87677,439879
2025,87686,462221
2026,87687,462222
2027,87688,462223
2028,87720,564674
2029,87721,564675
2030,87820,439877
2031,87821,439878
2032,87826,460264
2033,87839,564671
2034,87840,564672
2035,87841,564673
2036,87978,439874
2037,87979,439875
2038,87980,439876
2039,87983,462219
2040,87984,462220
2041,88007,564670
2042,88018,918
2043,88019,2783
2044,88020,2784
2045,88102,264762
2046,88103,264763
2047,88104,264764
2048,88105,264765
2049,88106,264766
2050,88107,264767
2051,88108,264768
2052,88148,363568
2053,88149,363569
2054,88150,363570
2055,88151,363571
2056,88152,363572
2057,88167,396708
2058,88168,396709
2059,88188,453650
2060,88189,453651
2061,88240,917
2062,88327,263306
2063,88328,264761
2064,88348,363567
2065,88384,450900
2066,88385,453649
2067,88502,263305
2068,88539,396707
2069,88596,2781
2070,88597,2782
2071,88669,263218
2072,88670,264759
2073,88671,264760
2074,88697,362458
2075,88698,362518
2076,88699,363565
2077,88700,363566
2078,88711,396704
2079,88712,396705
2080,88713,396706
2081,88730,453648
2082,88780,2779
2083,88781,2780
2084,88838,264757
2085,88839,264758
2086,88859,363564
2087,88917,2778
2088,88979,264756
2089,89010,363563
2090,89018,396703
2091,89037,453645
2092,89038,453646
2093,89039,453647
2094,89084,2777
2095,89149,264755
2096,89175,363562
2097,89188,396700
2098,89189,396701
2099,89190,396702
2100,89202,453641
2101,89203,453642
2102,89204,453643
2103,89205,453644
2104,89520,382035
2105,89680,379221
2106,89681,382034
2107,89850,382031
2108,89851,382032
2109,89852,382033
2110,90005,382028
2111,90006,382029
2112,90007,382030
2113,90127,382025
2114,90128,382026
2115,90129,382027
2116,90304,382024
2117,90512,394717
2118,90513,396693
2119,90540,490314
2120,90541,490315
2121,90681,396692
2122,90712,490309
2123,90713,490310
2124,90714,490311
2125,90715,490312
2126,90716,490313
2127,90861,396691
2128,90882,488445
2129,90883,490308
2130,91031,396689
2131,91032,396690
2132,91052,490305
2133,91053,490306
2134,91054,490307
2135,91173,396688
2136,91198,490304
2137,91306,396682
2138,91307,396683
2139,91308,396684
2140,91309,396685
2141,91310,396686
2142,91311,396687
2143,91329,490302
2144,91330,490303
2145,91475,396680
2146,91476,396681
2147,91499,490300
2148,91500,490301
2149,91602,214205
2150,91619,264740
2151,91681,453624
2152,91682,453625
2153,91695,490298
2154,91696,490299
2155,91715,564627
2156,91716,564628
2157,91792,214203
2158,91793,214204
2159,91804,264736
2160,91805,264737
2161,91806,264738
2162,91807,264739
2163,91855,453622
2164,91856,453623
2165,91864,490295
2166,91865,490296
2167,91866,490297
2168,91889,564626
2169,91967,214202
2170,91982,264733
2171,91983,264734
2172,91984,264735
2173,92038,450971
2174,92039,451114
2175,92040,453620
2176,92041,453621
2177,92048,488378
2178,92049,488444
2179,92050,490292
2180,92051,490293
2181,92052,490294
2182,92070,559454
2183,92071,564622
2184,92072,564623
2185,92073,564624
2186,92074,564625
2187,92077,579815
2188,92144,212037
2189,92145,214199
2190,92146,214200
2191,92147,214201
2192,92161,264731
2193,92162,264732
2194,92215,453616
2195,92216,453617
2196,92217,453618
2197,92218,453619
2198,92227,490291
2199,92243,564621
2200,92249,579813
2201,92250,579814
2202,92307,214197
2203,92308,214198
2204,92324,264730
2205,92383,453612
2206,92384,453613
2207,92385,453614
2208,92386,453615
2209,92397,490290
2210,92414,564619
2211,92415,564620
2212,92422,579156
2213,92423,579812
2214,92545,453607
2215,92546,453608
2216,92547,453609
2217,92548,453610
2218,92549,453611
2219,92556,490289
2220,92577,559140
2221,92578,564615
2222,92579,564616
2223,92580,564617
2224,92581,564618
2225,92584,579809
2226,92585,579810
2227,92586,579811
2228,92665,214194
2229,92666,214195
2230,92667,214196
2231,92765,453606
2232,92795,564614
2233,92799,579807
2234,92800,579808
2235,92938,377613
2236,92939,377614
2237,92940,377615
2238,92941,377616
2239,92962,453601
2240,92963,453602
2241,92964,453603
2242,92965,453604
2243,92966,453605
2244,93130,377612
2245,93158,453600
2246,93313,377609
2247,93314,377610
2248,93315,377611
2249,93351,453599
2250,93484,377606
2251,93485,377607
2252,93486,377608
2253,93502,453598
2254,93608,374643
2255,93609,377604
2256,93610,377605
2257,93627,453596
2258,93628,453597
2259,93740,377603
2260,93758,453595
2261,93888,377600
2262,93889,377601
2263,93890,377602
2264,93907,453593
2265,93908,453594
2266,94081,453590
2267,94082,453591
2268,94083,453592
2269,94117,564591
2270,94136,91866
2271,94137,91867
2272,94138,91868
2273,94139,91869
2274,94231,453589
2275,94250,559846
2276,94251,564585
2277,94252,564586
2278,94253,564587
2279,94254,564588
2280,94255,564589
2281,94256,564590
2282,94287,89011
2283,94288,89288
2284,94289,91862
2285,94290,91863
2286,94291,91864
2287,94292,91865
2288,94379,453586
2289,94380,453587
2290,94381,453588
2291,94404,559845
2292,94405,564583
2293,94406,564584
2294,94444,89286
2295,94445,89287
2296,94446,91857
2297,94447,91858
2298,94448,91859
2299,94449,91860
2300,94450,91861
2301,94549,453584
2302,94550,453585
2303,94573,564582
2304,94609,91852
2305,94610,91853
2306,94611,91854
2307,94612,91855
2308,94613,91856
2309,94684,453580
2310,94685,453581
2311,94686,453582
2312,94687,453583
2313,94706,564579
2314,94707,564580
2315,94708,564581
2316,94736,91846
2317,94737,91847
2318,94738,91848
2319,94739,91849
2320,94740,91850
2321,94741,91851
2322,94815,453579
2323,94858,89010
2324,94859,91843
2325,94860,91844
2326,94861,91845
2327,94945,453578
2328,94968,564575
2329,94969,564576
2330,94970,564577
2331,94971,564578
2332,95019,88968
2333,95020,89009
2334,95021,91839
2335,95022,91840
2336,95023,91841
2337,95024,91842
2338,95034,141025
2339,95216,88967
2340,95217,91835
2341,95218,91836
2342,95219,91837
2343,95220,91838
2344,95242,141023
2345,95243,141024
2346,95416,91831
2347,95417,91832
2348,95418,91833
2349,95419,91834
2350,95429,141020
2351,95430,141021
2352,95431,141022
2353,95590,89060
2354,95591,91828
2355,95592,91829
2356,95593,91830
2357,95601,141018
2358,95602,141019
2359,95760,89007
2360,95761,89008
2361,95762,91824
2362,95763,91825
2363,95764,91826
2364,95765,91827
2365,95779,141017
2366,95904,88966
2367,95905,91816
2368,95906,91817
2369,95907,91818
2370,95908,91819
2371,95909,91820
2372,95910,91821
2373,95911,91822
2374,95912,91823
2375,95924,139426
2376,95925,141016
2377,96049,88965
2378,96050,91814
2379,96051,91815
2380,96065,141015
2381,96220,88964
2382,96221,91809
2383,96222,91810
2384,96223,91811
2385,96224,91812
2386,96225,91813
2387,96303,377582
2388,96304,377583
2389,96312,396659
2390,96313,396660
2391,96335,460200
2392,96336,462161
2393,96337,462162
2394,96338,462163
2395,96339,462164
2396,96393,91805
2397,96394,91806
2398,96395,91807
2399,96396,91808
2400,96457,377579
2401,96458,377580
2402,96459,377581
2403,96464,396658
2404,96480,462160
2405,96525,88963
2406,96526,89005
2407,96527,89006
2408,96528,91801
2409,96529,91802
2410,96530,91803
2411,96531,91804
2412,96597,377577
2413,96598,377578
2414,96601,396657
2415,96624,462159
2416,96671,91794
2417,96672,91795
2418,96673,91796
2419,96674,91797
2420,96675,91798
2421,96676,91799
2422,96677,91800
2423,96742,377575
2424,96743,377576
2425,96747,394716
2426,96748,396655
2427,96749,396656
2428,96820,91791
2429,96821,91792
2430,96822,91793
2431,96896,460262
2432,96939,91786
2433,96940,91787
2434,96941,91788
2435,96942,91789
2436,96943,91790
2437,97001,377574
2438,97004,394715
2439,97005,396653
2440,97006,396654
2441,97021,462156
2442,97022,462157
2443,97023,462158
2444,97076,88962
2445,97077,89003
2446,97078,89004
2447,97079,89285
2448,97080,91784
2449,97081,91785
2450,97158,377573
2451,97212,17885
2452,97213,17886
2453,97255,160408
2454,97256,160409
2455,97257,160410
2456,97277,214158
2457,97278,214159
2458,97279,214160
2459,97344,439706
2460,97345,439707
2461,97346,439708
2462,97348,462155
2463,97398,17883
2464,97399,17884
2465,97433,160406
2466,97434,160407
2467,97450,214156
2468,97451,214157
2469,97500,439703
2470,97501,439704
2471,97502,439705
2472,97508,462154
2473,97558,17882
2474,97598,160403
2475,97599,160404
2476,97600,160405
2477,97612,214154
2478,97613,214155
2479,97669,439699
2480,97670,439700
2481,97671,439701
2482,97672,439702
2483,97678,462153
2484,97715,17881
2485,97802,439696
2486,97803,439697
2487,97804,439698
2488,97807,462151
2489,97808,462152
2490,97857,16113
2491,97858,17878
2492,97859,17879
2493,97860,17880
2494,97900,214151
2495,97901,214152
2496,97902,214153
2497,97943,439694
2498,97944,439695
2499,97954,462148
2500,97955,462149
2501,97956,462150
2502,98006,17876
2503,98007,17877
2504,98033,160401
2505,98034,160402
2506,98104,462146
2507,98105,462147
2508,98139,17875
2509,98201,214150
2510,98261,439691
2511,98262,439692
2512,98263,439693
2513,98269,462145
2514,98427,465624
2515,98428,465625
2516,98614,463458
2517,98615,465621
2518,98616,465622
2519,98617,465623
2520,98755,465620
2521,98903,465619
2522,99016,463457
2523,99295,465618
2524,99503,564518
2525,99504,564519
2526,99505,564520
2527,99506,564521
2528,99660,559844
2529,99661,564517
2530,99829,564515
2531,99830,564516
2532,99956,564514
2533,100103,564513
2534,100380,564511
2535,100381,564512
2536,100397,8128
2537,100412,57064
2538,100413,57065
2539,100420,88961
2540,100421,91692
2541,100422,91693
2542,100423,91694
2543,100424,91695
2544,100425,91696
2545,100442,160382
2546,100589,8127
2547,100606,57062
2548,100607,57063
2549,100630,160380
2550,100631,160381
2551,100734,8125
2552,100735,8126
2553,100749,55708
2554,100750,57061
2555,100756,91691
2556,100763,160377
2557,100764,160378
2558,100765,160379
2559,100867,8124
2560,100886,91689
2561,100887,91690
2562,100901,160374
2563,100902,160375
2564,100903,160376
2565,101017,8120
2566,101018,8121
2567,101019,8122
2568,101020,8123
2569,101040,57060
2570,101047,88960
2571,101048,91688
2572,101161,8119
2573,101174,57057
2574,101175,57058
2575,101176,57059
2576,101184,88999
2577,101185,91687
2578,101342,57056
2579,101354,88959
2580,101355,91684
2581,101356,91685
2582,101357,91686
2583,101371,160372
2584,101372,160373
2585,101572,160370
2586,101573,160371
2587,101670,453528
2588,101676,465605
2589,101677,465606
2590,101758,160369
2591,101832,451111
2592,101836,465603
2593,101837,465604
2594,101921,160366
2595,101922,160367
2596,101923,160368
2597,101992,453524
2598,101993,453525
2599,101994,453526
2600,101995,453527
2601,102003,465602
2602,102141,453523
2603,102145,465600
2604,102146,465601
2605,102215,160363
2606,102216,160364
2607,102217,160365
2608,102285,453520
2609,102286,453521
2610,102287,453522
2611,102291,465599
2612,102350,160361
2613,102351,160362
2614,102421,453519
2615,102425,465598
2616,102499,160360
2617,102582,453516
2618,102583,453517
2619,102584,453518
2620,102587,465597
2621,102617,2716
2622,102618,2717
2623,102690,204944
2624,102765,462110
2625,102788,564481
2626,102803,2715
2627,102861,204943
2628,102938,462107
2629,102939,462108
2630,102940,462109
2631,102964,564479
2632,102965,564480
2633,102977,2713
2634,102978,2714
2635,103029,204941
2636,103030,204942
2637,103121,564476
2638,103122,564477
2639,103123,564478
2640,103139,2711
2641,103140,2712
2642,103179,204937
2643,103180,204938
2644,103181,204939
2645,103182,204940
2646,103264,559452
2647,103265,564473
2648,103266,564474
2649,103267,564475
2650,103321,204936
2651,103382,462105
2652,103383,462106
2653,103403,564470
2654,103404,564471
2655,103405,564472
2656,103414,2710
2657,103451,203533
2658,103452,204934
2659,103453,204935
2660,103491,460261
2661,103492,462104
2662,103524,2708
2663,103525,2709
2664,103581,204933
2665,103650,460260
2666,103651,462103
2667,103722,89166
2668,103723,89283
2669,103792,377501
2670,103793,377502
2671,103801,410919
2672,103802,410920
2673,103881,91643
2674,103882,91644
2675,103883,91645
2676,103884,91646
2677,103885,91647
2678,103886,91648
2679,103948,377498
2680,103949,377499
2681,103950,377500
2682,104040,88956
2683,104041,91641
2684,104042,91642
2685,104117,377496
2686,104118,377497
2687,104124,410026
2688,104125,410917
2689,104126,410918
2690,104232,91639
2691,104233,91640
2692,104314,410916
2693,104391,91635
2694,104392,91636
2695,104393,91637
2696,104394,91638
2697,104466,409982
2698,104541,91632
2699,104542,91633
2700,104543,91634
2701,104704,91629
2702,104705,91630
2703,104706,91631
2704,104806,377489
2705,104807,377490
2706,104808,377491
2707,104809,377492
2708,104810,377493
2709,104811,377494
2710,104812,377495
2711,104825,410913
2712,104826,410914
2713,104827,410915
2714,106236,284777
2715,106237,284778
2716,106238,284779
2717,106450,284776
2718,106607,284775
2719,106763,284774
2720,107061,283617
2721,107062,284773
2722,107244,284771
2723,107245,284772
2724,108389,91568
2725,108390,91569
2726,108391,91570
2727,108392,91571
2728,108409,158574
2729,108410,160321
2730,108411,160322
2731,108429,214091
2732,108430,214092
2733,108508,488440
2734,108509,490150
2735,108510,490151
2736,108511,490152
2737,108562,89281
2738,108581,160313
2739,108582,160314
2740,108583,160315
2741,108584,160316
2742,108585,160317
2743,108586,160318
2744,108587,160319
2745,108588,160320
2746,108595,214088
2747,108596,214089
2748,108597,214090
2749,108667,490148
2750,108668,490149
2751,108721,91566
2752,108722,91567
2753,108742,160312
2754,108757,214086
2755,108758,214087
2756,108841,490144
2757,108842,490145
2758,108843,490146
2759,108844,490147
2760,108885,91565
2761,108898,160311
2762,108911,214085
2763,109013,91563
2764,109014,91564
2765,109029,160310
2766,109039,214084
2767,109098,490143
2768,109141,89161
2769,109142,89280
2770,109155,160309
2771,109165,214081
2772,109166,214082
2773,109167,214083
2774,109251,490140
2775,109252,490141
2776,109253,490142
2777,109307,89279
2778,109308,91562
2779,109330,160308
2780,109345,211974
2781,109442,490139
2782,109482,17810
2783,109490,57024
2784,109491,57025
2785,109561,367403
2786,109586,439435
2787,109619,559843
2788,109620,564408
2789,109629,17808
2790,109630,17809
2791,109634,55660
2792,109706,367401
2793,109707,367402
2794,109728,439432
2795,109729,439433
2796,109730,439434
2797,109752,564404
2798,109753,564405
2799,109754,564406
2800,109755,564407
2801,109768,17807
2802,109778,55792
2803,109864,367398
2804,109865,367399
2805,109866,367400
2806,109867,369120
2807,109868,370449
2808,109883,439429
2809,109884,439430
2810,109885,439431
2811,109919,564402
2812,109920,564403
2813,109937,16050
2814,109958,55791
2815,109959,57023
2816,110028,369047
2817,110029,370445
2818,110030,370446
2819,110031,370447
2820,110032,370448
2821,110056,434555
2822,110078,564400
2823,110079,564401
2824,110088,17805
2825,110089,17806
2826,110103,55924
2827,110181,367394
2828,110182,367395
2829,110183,367396
2830,110184,367397
2831,110185,370444
2832,110197,439426
2833,110198,439427
2834,110199,439428
2835,110218,564399
2836,110228,17804
2837,110234,57022
2838,110303,370443
2839,110345,564398
2840,110365,17801
2841,110366,17802
2842,110367,17803
2843,110382,55923
2844,110383,57021
2845,110463,367393
2846,110464,370442
2847,110477,439425
2848,110537,57019
2849,110538,57020
2850,110601,214075
2851,110602,214076
2852,110649,381896
2853,110650,381897
2854,110651,381898
2855,110673,462054
2856,110674,462055
2857,110702,559842
2858,110703,564395
2859,110704,564396
2860,110705,564397
2861,110740,57017
2862,110741,57018
2863,110783,214074
2864,110823,381895
2865,110841,462052
2866,110842,462053
2867,110869,559841
2868,110870,564393
2869,110871,564394
2870,110949,214072
2871,110950,214073
2872,110999,381893
2873,111000,381894
2874,111015,462050
2875,111016,462051
2876,111042,564391
2877,111043,564392
2878,111076,57016
2879,111106,214071
2880,111156,379218
2881,111157,381892
2882,111187,462047
2883,111188,462048
2884,111189,462049
2885,111217,564389
2886,111218,564390
2887,111315,381890
2888,111316,381891
2889,111339,462046
2890,111360,564386
2891,111361,564387
2892,111362,564388
2893,111387,57014
2894,111388,57015
2895,111426,214069
2896,111427,214070
2897,111468,381889
2898,111484,460258
2899,111485,460346
2900,111486,462043
2901,111487,462044
2902,111488,462045
2903,111510,564385
2904,111547,55922
2905,111548,57011
2906,111549,57012
2907,111550,57013
2908,111590,214067
2909,111591,214068
2910,111657,462042
2911,111687,564380
2912,111688,564381
2913,111689,564382
2914,111690,564383
2915,111691,564384
2916,111735,158457
2917,111736,160289
2918,111798,381887
2919,111799,381888
2920,111853,564379
2921,111910,160288
2922,111958,381886
2923,112000,490106
2924,112016,564377
2925,112017,564378
2926,112072,158665
2927,112122,381884
2928,112123,381885
2929,112152,488376
2930,112153,490103
2931,112154,490104
2932,112155,490105
2933,112170,564372
2934,112171,564373
2935,112172,564374
2936,112173,564375
2937,112174,564376
2938,112212,160286
2939,112213,160287
2940,112261,381881
2941,112262,381882
2942,112263,381883
2943,112291,488439
2944,112304,564371
2945,112379,381879
2946,112380,381880
2947,112395,490102
2948,112427,160284
2949,112428,160285
2950,112463,381878
2951,112487,490101
2952,112497,564370
2953,112538,160282
2954,112539,160283
2955,112591,381876
2956,112592,381877
2957,112602,490098
2958,112603,490099
2959,112604,490100
2960,112617,564368
2961,112618,564369
2962,112659,212035
2963,112660,214056
2964,112661,214057
2965,112702,377429
2966,112712,439376
2967,112713,439377
2968,112714,439378
2969,112715,439379
2970,112718,453439
2971,112782,91520
2972,112783,91521
2973,112784,91522
2974,112807,214055
2975,112847,377428
2976,112860,434552
2977,112861,439372
2978,112862,439373
2979,112863,439374
2980,112864,439375
2981,112870,453438
2982,112885,544557
2983,112890,564366
2984,112891,564367
2985,112981,214054
2986,113036,374368
2987,113037,377427
2988,113056,439368
2989,113057,439369
2990,113058,439370
2991,113059,439371
2992,113062,453436
2993,113063,453437
2994,113099,544556
2995,113102,564365
2996,113149,88954
2997,113150,88996
2998,113151,91518
2999,113152,91519
3000,113190,214050
3001,113191,214051
3002,113192,214052
3003,113193,214053
3004,113243,374052
3005,113244,377425
3006,113245,377426
3007,113271,439365
3008,113272,439366
3009,113273,439367
3010,113279,453435
3011,113312,544552
3012,113313,544553
3013,113314,544554
3014,113315,544555
3015,113317,564361
3016,113318,564362
3017,113319,564363
3018,113320,564364
3019,113349,91515
3020,113350,91516
3021,113351,91517
3022,113378,214049
3023,113415,377422
3024,113416,377423
3025,113417,377424
3026,113428,439362
3027,113429,439363
3028,113430,439364
3029,113437,450838
3030,113438,453434
3031,113458,544551
3032,113493,91514
3033,113601,453432
3034,113602,453433
3035,113623,544549
3036,113624,544550
3037,113627,564356
3038,113628,564357
3039,113629,564358
3040,113630,564359
3041,113631,564360
3042,113673,91513
3043,113718,214046
3044,113719,214047
3045,113720,214048
3046,113778,377417
3047,113779,377418
3048,113780,377419
3049,113781,377420
3050,113782,377421
3051,113805,439359
3052,113806,439360
3053,113807,439361
3054,113810,453431
3055,113843,544547
3056,113844,544548
3057,113851,564354
3058,113852,564355
3059,113925,160267
3060,113926,160268
3061,113998,370427
3062,114015,396568
3063,114016,396569
3064,114045,463453
3065,114046,465549
3066,114053,490089
3067,114054,490090
3068,114066,544546
3069,114135,158664
3070,114136,160266
3071,114194,370425
3072,114195,370426
3073,114224,465547
3074,114225,465548
3075,114229,488437
3076,114230,490085
3077,114231,490086
3078,114232,490087
3079,114233,490088
3080,114332,160264
3081,114333,160265
3082,114417,396566
3083,114418,396567
3084,114447,465544
3085,114448,465545
3086,114449,465546
3087,114456,490083
3088,114457,490084
3089,114485,544543
3090,114486,544544
3091,114487,544545
3092,114578,160262
3093,114579,160263
3094,114650,370423
3095,114651,370424
3096,114662,396565
3097,114692,465543
3098,114698,490081
3099,114699,490082
3100,114713,544540
3101,114714,544541
3102,114715,544542
3103,114871,394711
3104,114872,396564
3105,114886,465542
3106,114894,490079
3107,114895,490080
3108,114906,544539
3109,114966,160259
3110,114967,160260
3111,114968,160261
3112,115024,369119
3113,115025,369282
3114,115026,370420
3115,115027,370421
3116,115028,370422
3117,115042,396563
3118,115067,490078
3119,115148,160257
3120,115149,160258
3121,115209,369118
3122,115210,370417
3123,115211,370418
3124,115212,370419
3125,115226,396561
3126,115227,396562
3127,115254,465540
3128,115255,465541
3129,115262,490076
3130,115263,490077
3131,115284,544536
3132,115285,544537
3133,115286,544538
3134,115430,363463
3135,115459,453413
3136,115492,544534
3137,115493,544535
3138,115639,363462
3139,115667,451287
3140,115668,453412
3141,115696,544532
3142,115697,544533
3143,115837,363461
3144,115875,453411
3145,116014,363460
3146,116054,451286
3147,116055,453410
3148,116085,544531
3149,116203,363459
3150,116236,453408
3151,116237,453409
3152,116257,543491
3153,116258,544530
3154,116397,451285
3155,116428,543454
3156,116429,544528
3157,116430,544529
3158,116592,362512
3159,116593,363455
3160,116594,363456
3161,116595,363457
3162,116596,363458
3163,116626,453407
3164,116661,544526
3165,116662,544527
3166,116825,374365
3167,117062,377387
3168,117063,377388
3169,117139,564320
3170,117140,564321
3171,117282,377386
3172,117345,564318
3173,117346,564319
3174,117464,374364
3175,117465,377383
3176,117466,377384
3177,117467,377385
3178,117521,559837
3179,117649,377379
3180,117650,377380
3181,117651,377381
3182,117652,377382
3183,117706,564316
3184,117707,564317
3185,117828,377377
3186,117829,377378
3187,117893,559836
3188,117894,564314
3189,117895,564315
3190,118082,377374
3191,118083,377375
3192,118084,377376
3193,118163,564311
3194,118164,564312
3195,118165,564313
3196,118225,91459
3197,118226,91460
3198,118246,136948
3199,118368,490053
3200,118369,490054
3201,118370,490055
3202,118446,89156
3203,118447,91457
3204,118448,91458
3205,118584,453399
3206,118585,453400
3207,118596,490050
3208,118597,490051
3209,118598,490052
3210,118660,91456
3211,118670,137245
3212,118671,137246
3213,118754,453397
3214,118755,453398
3215,118762,490047
3216,118763,490048
3217,118764,490049
3218,118835,136975
3219,118947,453395
3220,118948,453396
3221,118960,490045
3222,118961,490046
3223,119021,91455
3224,119131,453394
3225,119211,91452
3226,119212,91453
3227,119213,91454
3228,119228,136974
3229,119229,137244
3230,119337,453393
3231,119417,89155
3232,119418,91450
3233,119419,91451
3234,119433,136947
3235,119434,136973
3236,119435,137242
3237,119436,137243
3238,119556,453389
3239,119557,453390
3240,119558,453391
3241,119559,453392
3242,119585,488351
3243,119629,17755
3244,119846,581589
3245,119847,581590
3246,119848,581591
3247,119862,17750
3248,119863,17751
3249,119864,17752
3250,119865,17753
3251,119866,17754
3252,120012,581588
3253,120035,17749
3254,120510,581584
3255,120511,581585
3256,120512,581586
3257,120513,581587
3258,120522,16048
3259,120523,17748
3260,120709,581581
3261,120710,581582
3262,120711,581583
3263,120720,17747
3264,121005,533293
3265,121006,533294
3266,121007,533295
3267,121022,580411
3268,121023,581578
3269,121024,581579
3270,121025,581580
3271,121199,533292
3272,121217,581576
3273,121218,581577
3274,121379,533291
3275,121399,581575
3276,121718,581571
3277,121719,581572
3278,121720,581573
3279,121721,581574
3280,121908,533286
3281,121909,533287
3282,121910,533288
3283,121911,533289
3284,121912,533290
3285,122163,532673
3286,122164,533284
3287,122165,533285
3288,122189,580470
3289,122190,581567
3290,122191,581568
3291,122192,581569
3292,122193,581570
3293,122228,91428
3294,122229,91429
3295,122230,91430
3296,122231,91431
3297,122264,160217
3298,122396,490015
3299,122397,490016
3300,122398,490017
3301,122488,160216
3302,122612,490014
3303,122684,91426
3304,122685,91427
3305,122706,160214
3306,122707,160215
3307,122817,490013
3308,122881,91424
3309,122882,91425
3310,122901,160212
3311,122902,160213
3312,123003,490009
3313,123004,490010
3314,123005,490011
3315,123006,490012
3316,123066,91423
3317,123079,160211
3318,123171,490008
3319,123242,91421
3320,123243,91422
3321,123267,160210
3322,123376,488499
3323,123377,490003
3324,123378,490004
3325,123379,490005
3326,123380,490006
3327,123381,490007
3328,123460,91414
3329,123461,91415
3330,123462,91416
3331,123463,91417
3332,123464,91418
3333,123465,91419
3334,123466,91420
3335,123492,160208
3336,123493,160209
3337,123768,258115
3338,123779,284701
3339,123822,377323
3340,123823,377324
3341,123824,377325
3342,123872,458415
3343,123935,580469
3344,123936,581563
3345,124079,284700
3346,124120,377321
3347,124121,377322
3348,124164,458411
3349,124165,458412
3350,124166,458413
3351,124167,458414
3352,124223,581562
3353,124314,257292
3354,124315,258112
3355,124316,258113
3356,124317,258114
3357,124325,284699
3358,124533,258111
3359,124540,284697
3360,124541,284698
3361,124567,377320
3362,124593,458410
3363,124631,580410
3364,124632,581560
3365,124633,581561
3366,124713,258110
3367,124721,284696
3368,124739,377318
3369,124740,377319
3370,124761,458408
3371,124762,458409
3372,124800,581558
3373,124801,581559
3374,124885,284694
3375,124886,284695
3376,124916,377317
3377,124944,458407
3378,124987,581557
3379,125094,258107
3380,125095,258108
3381,125096,258109
3382,125108,284691
3383,125109,284692
3384,125110,284693
3385,125145,374637
3386,125146,377316
3387,125197,458405
3388,125198,458406
3389,125249,581556
3390,125362,224585
3391,125363,224586
3392,125364,224587
3393,125365,224588
3394,125456,461945
3395,125457,461946
3396,125458,461947
3397,125459,461948
3398,125563,203628
3399,125631,461944
3400,125652,533271
3401,125847,533270
3402,125924,204832
3403,125932,224581
3404,125933,224582
3405,125934,224583
3406,125935,224584
3407,126023,460191
3408,126024,461942
3409,126025,461943
3410,126042,533269
3411,126142,203406
3412,126143,203529
3413,126249,532672
3414,126250,533266
3415,126251,533267
3416,126252,533268
3417,126336,204829
3418,126337,204830
3419,126338,204831
3420,126343,224579
3421,126344,224580
3422,126415,461941
3423,126437,533264
3424,126438,533265
3425,126542,204826
3426,126543,204827
3427,126544,204828
3428,126554,224578
3429,126661,461939
3430,126662,461940
3431,126687,532722
3432,126768,91384
3433,126769,91385
3434,126770,91386
3435,126920,453347
3436,126921,453348
3437,126922,453349
3438,126970,564233
3439,127019,89154
3440,127020,91382
3441,127021,91383
3442,127146,453344
3443,127147,453345
3444,127148,453346
3445,127180,559183
3446,127181,564230
3447,127182,564231
3448,127183,564232
3449,127230,91378
3450,127231,91379
3451,127232,91380
3452,127233,91381
3453,127358,450836
3454,127359,451106
3455,127360,453343
3456,127394,564228
3457,127395,564229
3458,127443,91375
3459,127444,91376
3460,127445,91377
3461,127581,564224
3462,127582,564225
3463,127583,564226
3464,127584,564227
3465,127621,89274
3466,127622,91374
3467,127726,451105
3468,127727,453341
3469,127728,453342
3470,127764,564223
3471,127808,89153
3472,127809,91372
3473,127810,91373
3474,127929,453340
3475,127962,564222
3476,128131,453339
3477,128169,564221
3478,128196,17690
3479,128197,17691
3480,128198,17692
3481,128238,134302
3482,128239,134303
3483,128240,134304
3484,128277,213961
3485,128359,439076
3486,128360,439077
3487,128361,439078
3488,128362,439079
3489,128432,17688
3490,128433,17689
3491,128468,134299
3492,128469,134300
3493,128470,134301
3494,128492,213958
3495,128493,213959
3496,128494,213960
3497,128553,434039
3498,128554,439073
3499,128555,439074
3500,128556,439075
3501,128619,17686
3502,128620,17687
3503,128664,134298
3504,128683,213956
3505,128684,213957
3506,128750,439071
3507,128751,439072
3508,128805,17684
3509,128806,17685
3510,128831,134296
3511,128832,134297
3512,128912,434275
3513,128913,439068
3514,128914,439069
3515,128915,439070
3516,128975,17683
3517,129008,132947
3518,129009,132998
3519,129010,134295
3520,129032,213955
3521,129101,439063
3522,129102,439064
3523,129103,439065
3524,129104,439066
3525,129105,439067
3526,129154,17682
3527,129210,134294
3528,129305,439061
3529,129306,439062
3530,129431,134293
3531,129471,213951
3532,129472,213952
3533,129473,213953
3534,129474,213954
3535,129568,439058
3536,129569,439059
3537,129570,439060
3538,129670,91358
3539,129671,91359
3540,129672,91360
3541,129721,213949
3542,129722,213950
3543,129746,264567
3544,129794,370376
3545,129795,370377
3546,129796,377287
3547,129797,377288
3548,129844,461919
3549,129867,499542
3550,129868,499543
3551,129897,564207
3552,129898,564208
3553,129899,564209
3554,129922,17681
3555,129936,88993
3556,129937,91354
3557,129938,91355
3558,129939,91356
3559,129940,91357
3560,129998,264566
3561,130040,377285
3562,130041,377286
3563,130045,394318
3564,130046,396491
3565,130047,396492
3566,130048,396493
3567,130072,461914
3568,130073,461915
3569,130074,461916
3570,130075,461917
3571,130076,461918
3572,130087,498527
3573,130088,499541
3574,130099,564203
3575,130100,564204
3576,130101,564205
3577,130102,564206
3578,130189,213947
3579,130190,213948
3580,130210,264565
3581,130253,374635
3582,130254,377283
3583,130255,377284
3584,130256,381753
3585,130260,394315
3586,130261,394316
3587,130262,394317
3588,130263,396490
3589,130289,461913
3590,130301,499539
3591,130302,499540
3592,130319,559827
3593,130320,559828
3594,130321,564200
3595,130322,564201
3596,130323,564202
3597,130340,17678
3598,130341,17679
3599,130342,17680
3600,130363,89050
3601,130364,89051
3602,130365,91353
3603,130406,213945
3604,130407,213946
3605,130417,264562
3606,130418,264563
3607,130419,264564
3608,130452,370372
3609,130453,370373
3610,130454,370374
3611,130455,370375
3612,130459,377279
3613,130460,377280
3614,130461,377281
3615,130462,377282
3616,130468,394313
3617,130469,394314
3618,130470,396489
3619,130497,461911
3620,130498,461912
3621,130514,499538
3622,130527,564198
3623,130528,564199
3624,130543,17677
3625,130575,91351
3626,130576,91352
3627,130621,213941
3628,130622,213942
3629,130623,213943
3630,130624,213944
3631,130639,264561
3632,130661,370371
3633,130663,377277
3634,130664,377278
3635,130665,381752
3636,130673,394312
3637,130674,396487
3638,130675,396488
3639,130702,461908
3640,130703,461909
3641,130704,461910
3642,130722,499537
3643,130737,564191
3644,130738,564192
3645,130739,564193
3646,130740,564194
3647,130741,564195
3648,130742,564196
3649,130743,564197
3650,130766,17673
3651,130767,17674
3652,130768,17675
3653,130769,17676
3654,130824,213939
3655,130825,213940
3656,130877,369278
3657,130878,370370
3658,130880,374139
3659,130881,381748
3660,130882,381749
3661,130883,381750
3662,130884,381751
3663,130893,394311
3664,130894,396485
3665,130895,396486
3666,130922,461907
3667,130931,499536
3668,130954,559826
3669,130955,564190
3670,130980,16047
3671,130981,17672
3672,131021,91348
3673,131022,91349
3674,131023,91350
3675,131076,213938
3676,131093,263301
3677,131094,264559
3678,131095,264560
3679,131140,370367
3680,131141,370368
3681,131142,370369
3682,131147,377275
3683,131148,377276
3684,131149,381743
3685,131150,381744
3686,131151,381745
3687,131152,381746
3688,131153,381747
3689,131160,393138
3690,131161,394309
3691,131162,394310
3692,131163,396483
3693,131164,396484
3694,131193,461906
3695,131219,499535
3696,131235,564187
3697,131236,564188
3698,131237,564189
3699,131382,284676
3700,131426,381742
3701,131515,555570
3702,131516,555571
3703,131517,555572
3704,131662,284674
3705,131663,284675
3706,131693,381741
3707,131732,465473
3708,131733,465474
3709,131734,465475
3710,131757,532721
3711,131758,533250
3712,131886,283624
3713,131912,381740
3714,131942,465472
3715,132075,283697
3716,132109,381738
3717,132110,381739
3718,132136,465471
3719,132169,533245
3720,132170,533246
3721,132171,533247
3722,132172,533248
3723,132173,533249
3724,132180,555567
3725,132181,555568
3726,132182,555569
3727,132291,284672
3728,132292,284673
3729,132371,533242
3730,132372,533243
3731,132373,533244
3732,132379,554785
3733,132380,555565
3734,132381,555566
3735,132492,283661
3736,132493,284670
3737,132494,284671
3738,132521,379275
3739,132522,381734
3740,132523,381735
3741,132524,381736
3742,132525,381737
3743,132564,465470
3744,132584,533241
3745,132594,555563
3746,132595,555564
3747,132714,284669
3748,132750,381733
3749,132787,463794
3750,132788,465467
3751,132789,465468
3752,132790,465469
3753,132835,554808
3754,132836,554809
3755,132837,555562
3756,132932,160145
3757,132933,160146
3758,132950,204799
3759,132951,204800
3760,132952,204801
3761,132954,212031
3762,132955,213926
3763,132962,224553
3764,133033,396472
3765,133079,489919
3766,133080,489920
3767,133081,489921
3768,133082,489922
3769,133083,489923
3770,133106,554771
3771,133107,555561
3772,133175,160143
3773,133176,160144
3774,133192,204798
3775,133193,213924
3776,133194,213925
3777,133198,224551
3778,133199,224552
3779,133291,489917
3780,133292,489918
3781,133386,158485
3782,133404,204795
3783,133405,204796
3784,133406,204797
3785,133409,213919
3786,133410,213920
3787,133411,213921
3788,133412,213922
3789,133413,213923
3790,133417,224550
3791,133461,394710
3792,133462,396470
3793,133463,396471
3794,133498,489913
3795,133499,489914
3796,133500,489915
3797,133501,489916
3798,133528,555560
3799,133593,160140
3800,133594,160141
3801,133595,160142
3802,133608,203404
3803,133609,204793
3804,133610,204794
3805,133612,213916
3806,133613,213917
3807,133614,213918
3808,133619,224548
3809,133620,224549
3810,133665,396467
3811,133666,396468
3812,133667,396469
3813,133701,489911
3814,133702,489912
3815,133715,555558
3816,133716,555559
3817,133792,158568
3818,133793,160139
3819,133810,213915
3820,133865,394709
3821,133908,554833
3822,133909,555556
3823,133910,555557
3824,133986,160138
3825,133999,204792
3826,134002,213913
3827,134003,213914
3828,134008,224546
3829,134009,224547
3830,134133,554769
3831,134134,554770
3832,134135,555554
3833,134136,555555
3834,134235,204790
3835,134236,204791
3836,134238,213910
3837,134239,213911
3838,134240,213912
3839,134242,224543
3840,134243,224544
3841,134244,224545
3842,134323,396464
3843,134324,396465
3844,134325,396466
3845,134366,489908
3846,134367,489909
3847,134368,489910
3848,134390,554773
3849,134391,555552
3850,134392,555553
3851,134498,204786
3852,134499,204787
3853,134500,204788
3854,134501,204789
3855,134508,223112
3856,134509,223265
3857,134510,224540
3858,134511,224541
3859,134512,224542
3860,134658,606641
3861,134659,606642
3862,134660,606643
3863,134727,204784
3864,134728,204785
3865,134735,219641
3866,134736,219642
3867,134737,224539
3868,134892,605592
3869,134893,606640
3870,134975,204781
3871,134976,204782
3872,134977,204783
3873,134982,218754
3874,134983,219639
3875,134984,219640
3876,134985,224536
3877,134986,224537
3878,134987,224538
3879,135115,606638
3880,135116,606639
3881,135177,204780
3882,135186,219638
3883,135188,224535
3884,135303,606636
3885,135304,606637
3886,135381,204779
3887,135385,219637
3888,135386,223111
3889,135387,224533
3890,135388,224534
3891,135527,606635
3892,135614,204775
3893,135615,204776
3894,135616,204777
3895,135617,204778
3896,135621,223185
3897,135622,224532
3898,135779,606634
3899,135851,204774
3900,135861,219634
3901,135862,219635
3902,135863,219636
3903,135864,224530
3904,135865,224531
3905,136018,606633
3906,136075,115319
3907,136076,115320
3908,136240,460199
3909,136241,461871
3910,136242,461872
3911,136347,114955
3912,136348,114987
3913,136349,114988
3914,136350,114989
3915,136351,114990
3916,136502,451102
3917,136503,453280
3918,136506,461867
3919,136507,461868
3920,136508,461869
3921,136509,461870
3922,136601,114986
3923,136732,451101
3924,136733,453278
3925,136734,453279
3926,136824,114985
3927,136825,115318
3928,136945,453277
3929,136950,461866
3930,137018,115316
3931,137019,115317
3932,137142,453276
3933,137144,461863
3934,137145,461864
3935,137146,461865
3936,137235,114984
3937,137369,453275
3938,137373,461862
3939,137572,453272
3940,137573,453273
3941,137574,453274
3942,137579,461861
3943,139087,140863
3944,139150,331821
3945,139151,331822
3946,139209,488495
3947,139210,489870
3948,139211,489871
3949,139212,489872
3950,139213,489873
3951,139214,489874
3952,139215,489875
3953,139250,559825
3954,139317,140862
3955,139378,331246
3956,139379,331818
3957,139380,331819
3958,139381,331820
3959,139395,381694
3960,139396,381695
3961,139397,381696
3962,139448,489866
3963,139449,489867
3964,139450,489868
3965,139451,489869
3966,139479,564094
3967,139480,564095
3968,139481,564096
3969,139482,564097
3970,139483,564098
3971,139555,140858
3972,139556,140859
3973,139557,140860
3974,139558,140861
3975,139641,381693
3976,139680,489865
3977,139705,559824
3978,139706,564090
3979,139707,564091
3980,139708,564092
3981,139709,564093
3982,139825,381691
3983,139826,381692
3984,139853,488494
3985,139854,489863
3986,139855,489864
3987,139888,564089
3988,139931,140857
3989,139974,331815
3990,139975,331816
3991,139976,331817
3992,139994,381689
3993,139995,381690
3994,140025,489862
3995,140047,564088
3996,140090,140856
3997,140148,331814
3998,140161,381687
3999,140162,381688
4000,140194,489858
4001,140195,489859
4002,140196,489860
4003,140197,489861
4004,140212,564087
4005,140281,140854
4006,140282,140855
4007,140350,331811
4008,140351,331812
4009,140352,331813
4010,140375,381685
4011,140376,381686
4012,140421,489856
4013,140422,489857
4014,140494,45767
4015,140495,45768
4016,140496,45769
4017,140497,45770
4018,140517,91259
4019,140518,91260
4020,140567,213866
4021,140568,213867
4022,140569,213868
4023,140629,370336
4024,140630,370337
4025,140669,434535
4026,140670,438872
4027,140671,438873
4028,140672,438874
4029,140673,438875
4030,140680,453256
4031,140718,564082
4032,140719,564083
4033,140720,564084
4034,140721,564085
4035,140722,564086
4036,140748,45766
4037,140807,213865
4038,140868,369276
4039,140894,438868
4040,140895,438869
4041,140896,438870
4042,140897,438871
4043,140903,453251
4044,140904,453252
4045,140905,453253
4046,140906,453254
4047,140907,453255
4048,140948,564080
4049,140949,564081
4050,141009,91257
4051,141010,91258
4052,141083,369275
4053,141084,370333
4054,141085,370334
4055,141086,370335
4056,141108,438860
4057,141109,438861
4058,141110,438862
4059,141111,438863
4060,141112,438864
4061,141113,438865
4062,141114,438866
4063,141115,438867
4064,141122,453247
4065,141123,453248
4066,141124,453249
4067,141125,453250
4068,141166,559445
4069,141167,564079
4070,141193,45765
4071,141207,89151
4072,141208,91255
4073,141209,91256
4074,141253,212028
4075,141254,213863
4076,141255,213864
4077,141296,370332
4078,141314,438857
4079,141315,438858
4080,141316,438859
4081,141323,453246
4082,141345,564076
4083,141346,564077
4084,141347,564078
4085,141385,45762
4086,141386,45763
4087,141387,45764
4088,141401,91253
4089,141402,91254
4090,141436,213860
4091,141437,213861
4092,141438,213862
4093,141519,434534
4094,141520,438854
4095,141521,438855
4096,141522,438856
4097,141528,453244
4098,141529,453245
4099,141569,564074
4100,141570,564075
4101,141618,91251
4102,141619,91252
4103,141665,213859
4104,141710,370330
4105,141711,370331
4106,141735,433955
4107,141736,438850
4108,141737,438851
4109,141738,438852
4110,141739,438853
4111,141743,453243
4112,141774,559138
4113,141795,45761
4114,141809,91248
4115,141810,91249
4116,141811,91250
4117,141927,369039
4118,141957,438847
4119,141958,438848
4120,141959,438849
4121,141962,450961
4122,141963,451276
4123,141964,453241
4124,141965,453242
4125,142012,559823
4126,142104,140842
4127,142211,396421
4128,142212,396422
4129,142213,396423
4130,142234,450960
4131,142235,453238
4132,142236,453239
4133,142237,453240
4134,142276,544435
4135,142277,544436
4136,142353,140838
4137,142354,140839
4138,142355,140840
4139,142356,140841
4140,142446,450959
4141,142447,453237
4142,142473,544433
4143,142474,544434
4144,142481,586191
4145,142509,55781
4146,142510,56899
4147,142616,396419
4148,142617,396420
4149,142634,451099
4150,142635,453235
4151,142636,453236
4152,142663,544430
4153,142664,544431
4154,142665,544432
4155,142680,586187
4156,142681,586188
4157,142682,586189
4158,142683,586190
4159,142722,140835
4160,142723,140836
4161,142724,140837
4162,142798,396417
4163,142799,396418
4164,142820,453231
4165,142821,453232
4166,142822,453233
4167,142823,453234
4168,142862,586185
4169,142863,586186
4170,142881,55916
4171,142882,56896
4172,142883,56897
4173,142884,56898
4174,142915,140833
4175,142916,140834
4176,143007,453230
4177,143037,586184
4178,143057,56895
4179,143078,139513
4180,143079,140831
4181,143080,140832
4182,143149,396415
4183,143150,396416
4184,143164,453229
4185,143188,544429
4186,143220,55780
4187,143221,56893
4188,143222,56894
4189,143254,139512
4190,143255,140826
4191,143256,140827
4192,143257,140828
4193,143258,140829
4194,143259,140830
4195,143344,396414
4196,143365,453227
4197,143366,453228
4198,143400,544426
4199,143401,544427
4200,143402,544428
4201,143417,585599
4202,143418,585625
4203,143419,586183
4204,143470,91234
4205,143525,224499
4206,143526,224500
4207,143527,224501
4208,143619,453226
4209,143625,465423
4210,143684,586179
4211,143685,586180
4212,143686,586181
4213,143687,586182
4214,143723,89270
4215,143724,91232
4216,143725,91233
4217,143762,213845
4218,143763,213846
4219,143764,213847
4220,143771,224497
4221,143772,224498
4222,143843,453223
4223,143844,453224
4224,143845,453225
4225,143885,585640
4226,143886,586176
4227,143887,586177
4228,143888,586178
4229,143932,88992
4230,143933,89046
4231,143934,91229
4232,143935,91230
4233,143936,91231
4234,143986,212027
4235,143987,213844
4236,143993,224496
4237,144080,451098
4238,144082,465422
4239,144122,586175
4240,144169,91224
4241,144170,91225
4242,144171,91226
4243,144172,91227
4244,144173,91228
4245,144211,213843
4246,144304,453222
4247,144307,465417
4248,144308,465418
4249,144309,465419
4250,144310,465420
4251,144311,465421
4252,144353,585624
4253,144354,586172
4254,144355,586173
4255,144356,586174
4256,144387,88991
4257,144388,91223
4258,144427,213842
4259,144482,465415
4260,144483,465416
4261,144510,586171
4262,144539,91220
4263,144540,91221
4264,144541,91222
4265,144579,213840
4266,144580,213841
4267,144583,224493
4268,144584,224494
4269,144585,224495
4270,144657,453220
4271,144658,453221
4272,144700,586169
4273,144701,586170
4274,144730,91218
4275,144731,91219
4276,144760,213839
4277,144762,224492
4278,144827,450958
4279,144828,453216
4280,144829,453217
4281,144830,453218
4282,144831,453219
4283,144836,463792
4284,144837,465414
4285,144880,586167
4286,144881,586168
4287,144918,88951
4288,144919,91215
4289,144920,91216
4290,144921,91217
4291,144945,160079
4292,144946,160080
4293,144947,160081
4294,144948,160082
4295,144967,211916
4296,144968,213838
4297,145076,489819
4298,145077,489820
4299,145160,91212
4300,145161,91213
4301,145162,91214
4302,145182,160078
4303,145202,213836
4304,145203,213837
4305,145332,488492
4306,145333,489817
4307,145334,489818
4308,145411,89147
4309,145412,89148
4310,145413,91210
4311,145414,91211
4312,145432,158451
4313,145433,158566
4314,145434,158658
4315,145448,211968
4316,145449,213835
4317,145556,489815
4318,145557,489816
4319,145566,499507
4320,145638,91207
4321,145639,91208
4322,145640,91209
4323,145659,160077
4324,145676,213834
4325,145771,489814
4326,145775,499505
4327,145776,499506
4328,145842,88950
4329,145860,160076
4330,145966,489813
4331,145970,498486
4332,145971,499504
4333,146040,91206
4334,146066,158507
4335,146067,160074
4336,146068,160075
4337,146169,489810
4338,146170,489811
4339,146171,489812
4340,146257,89269
4341,146306,213830
4342,146307,213831
4343,146308,213832
4344,146309,213833
4345,146424,498526
4346,146425,499500
4347,146426,499501
4348,146427,499502
4349,146428,499503
4350,146524,160073
4351,146613,346830
4352,146614,346831
4353,146652,461799
4354,146709,586154
4355,146710,586155
4356,146784,158565
4357,146785,160071
4358,146786,160072
4359,146846,346828
4360,146847,346829
4361,146898,450957
4362,146899,453193
4363,146900,453194
4364,146901,453195
4365,146904,461798
4366,146949,586152
4367,146950,586153
4368,147011,158657
4369,147012,160069
4370,147013,160070
4371,147064,346827
4372,147101,451275
4373,147102,453192
4374,147104,461796
4375,147105,461797
4376,147143,586150
4377,147144,586151
4378,147200,160068
4379,147259,346826
4380,147295,453189
4381,147296,453190
4382,147297,453191
4383,147298,461792
4384,147299,461793
4385,147300,461794
4386,147301,461795
4387,147343,586149
4388,147398,160065
4389,147399,160066
4390,147400,160067
4391,147450,346823
4392,147451,346824
4393,147452,346825
4394,147479,451274
4395,147483,461790
4396,147484,461791
4397,147517,586147
4398,147518,586148
4399,147575,160062
4400,147576,160063
4401,147577,160064
4402,147642,346822
4403,147685,453188
4404,147733,586146
4405,147810,160060
4406,147811,160061
4407,147872,346820
4408,147873,346821
4409,147911,451273
4410,147912,453183
4411,147913,453184
4412,147914,453185
4413,147915,453186
4414,147916,453187
4415,147918,461788
4416,147919,461789
4417,147969,586145
4418,148080,224478
4419,148086,238570
4420,148087,238571
4421,148088,238572
4422,148089,238573
4423,148090,238574
4424,148146,381635
4425,148147,381636
4426,148148,381637
4427,148149,381638
4428,148187,461786
4429,148188,461787
4430,148336,224477
4431,148340,238569
4432,148401,381632
4433,148402,381633
4434,148403,381634
4435,148433,461785
4436,148464,564009
4437,148465,564010
4438,148466,564011
4439,148569,238567
4440,148570,238568
4441,148663,461784
4442,148693,559817
4443,148694,564007
4444,148695,564008
4445,148810,224474
4446,148811,224475
4447,148812,224476
4448,148870,381631
4449,148907,461782
4450,148908,461783
4451,148936,559816
4452,148937,564006
4453,149017,223262
4454,149018,224472
4455,149019,224473
4456,149024,238566
4457,149066,381630
4458,149095,461781
4459,149131,564003
4460,149132,564004
4461,149133,564005
4462,149205,224469
4463,149206,224470
4464,149207,224471
4465,149211,238565
4466,149305,564001
4467,149306,564002
4468,149392,238562
4469,149393,238563
4470,149394,238564
4471,149448,381627
4472,149449,381628
4473,149450,381629
4474,149485,461778
4475,149486,461779
4476,149487,461780
4477,149527,564000
4478,149543,901
4479,149544,2557
4480,149545,2558
4481,149730,438730
4482,149731,438731
4483,149732,438732
4484,149733,438733
4485,149742,457550
4486,149743,458341
4487,149831,1274
4488,149832,2555
4489,149833,2556
4490,149899,160048
4491,149900,160049
4492,149901,160050
4493,149902,160051
4494,149994,438726
4495,149995,438727
4496,149996,438728
4497,149997,438729
4498,150005,457508
4499,150006,457578
4500,150007,458340
4501,150066,900
4502,150067,1177
4503,150136,160047
4504,150232,438724
4505,150233,438725
4506,150295,2554
4507,150356,160046
4508,150450,438723
4509,150461,458339
4510,150563,160044
4511,150564,160045
4512,150647,438720
4513,150648,438721
4514,150649,438722
4515,150659,458338
4516,150705,2553
4517,150743,160043
4518,150825,433918
4519,150826,438717
4520,150827,438718
4521,150828,438719
4522,150942,160042
4523,151045,438715
4524,151046,438716
4525,151051,458335
4526,151052,458336
4527,151053,458337
4528,151160,91166
4529,151189,160040
4530,151190,160041
4531,151269,377090
4532,151270,377091
4533,151271,377092
4534,151309,463378
4535,151310,465387
4536,151322,489784
4537,151323,489785
4538,151324,489786
4539,151350,558468
4540,151351,558469
4541,151352,558470
4542,151431,91164
4543,151432,91165
4544,151457,160038
4545,151458,160039
4546,151529,377088
4547,151530,377089
4548,151555,438714
4549,151563,465386
4550,151571,488349
4551,151572,489782
4552,151573,489783
4553,151619,558465
4554,151620,558466
4555,151621,558467
4556,151667,88949
4557,151668,91161
4558,151669,91162
4559,151670,91163
4560,151690,158563
4561,151691,160036
4562,151692,160037
4563,151763,377087
4564,151787,438710
4565,151788,438711
4566,151789,438712
4567,151790,438713
4568,151798,463789
4569,151799,465383
4570,151800,465384
4571,151801,465385
4572,151808,488491
4573,151835,558463
4574,151836,558464
4575,151882,91160
4576,151988,377086
4577,152008,434033
4578,152009,438707
4579,152010,438708
4580,152011,438709
4581,152025,463377
4582,152037,489779
4583,152038,489780
4584,152039,489781
4585,152055,558462
4586,152114,91158
4587,152115,91159
4588,152130,158562
4589,152131,160035
4590,152198,377085
4591,152219,438704
4592,152220,438705
4593,152221,438706
4594,152236,489777
4595,152237,489778
4596,152309,91157
4597,152323,160033
4598,152324,160034
4599,152379,377081
4600,152380,377082
4601,152381,377083
4602,152382,377084
4603,152394,434530
4604,152395,438701
4605,152396,438702
4606,152397,438703
4607,152400,465382
4608,152405,488490
4609,152406,489775
4610,152407,489776
4611,152474,91152
4612,152475,91153
4613,152476,91154
4614,152477,91155
4615,152478,91156
4616,152602,374049
4617,152603,374628
4618,152604,377079
4619,152605,377080
4620,152625,434272
4621,152626,438698
4622,152627,438699
4623,152628,438700
4624,152641,465380
4625,152642,465381
4626,152648,489773
4627,152649,489774
4628,152678,558460
4629,152679,558461
4630,152743,140795
4631,152744,140796
4632,152751,160032
4633,152764,213791
4634,152767,219585
4635,152772,238557
4636,152807,377078
4637,152822,438697
4638,152834,488333
4639,152835,489771
4640,152836,489772
4641,152858,558459
4642,152941,140793
4643,152942,140794
4644,152948,160030
4645,152949,160031
4646,152974,213789
4647,152975,213790
4648,152985,238556
4649,152997,258012
4650,152998,258013
4651,153041,377075
4652,153042,377076
4653,153043,377077
4654,153071,438692
4655,153072,438693
4656,153073,438694
4657,153074,438695
4658,153075,438696
4659,153101,488435
4660,153130,558456
4661,153131,558457
4662,153132,558458
4663,153203,140790
4664,153204,140791
4665,153205,140792
4666,153213,158654
4667,153214,160027
4668,153215,160028
4669,153216,160029
4670,153243,213787
4671,153244,213788
4672,153258,258011
4673,153346,438688
4674,153347,438689
4675,153348,438690
4676,153349,438691
4677,153363,489770
4678,153469,140789
4679,153503,213785
4680,153504,213786
4681,153506,219581
4682,153507,219582
4683,153508,219583
4684,153509,219584
4685,153514,238555
4686,153523,258008
4687,153524,258009
4688,153525,258010
4689,153568,377074
4690,153593,438687
4691,153635,557670
4692,153708,140788
4693,153714,160026
4694,153737,219579
4695,153738,219580
4696,153742,238551
4697,153743,238552
4698,153744,238553
4699,153745,238554
4700,153751,258007
4701,153784,377071
4702,153785,377072
4703,153786,377073
4704,153811,438685
4705,153812,438686
4706,153838,488374
4707,153839,489768
4708,153840,489769
4709,153941,160023
4710,153942,160024
4711,153943,160025
4712,153959,213784
4713,153960,219578
4714,153965,238549
4715,153966,238550
4716,153969,258004
4717,153970,258005
4718,153971,258006
4719,154004,377068
4720,154005,377069
4721,154006,377070
4722,154024,434271
4723,154025,438682
4724,154026,438683
4725,154027,438684
4726,154052,489764
4727,154053,489765
4728,154054,489766
4729,154055,489767
4730,154075,558452
4731,154076,558453
4732,154077,558454
4733,154078,558455
4734,154156,140786
4735,154157,140787
4736,154165,160021
4737,154166,160022
4738,154192,213780
4739,154193,213781
4740,154194,213782
4741,154195,213783
4742,154199,219574
4743,154200,219575
4744,154201,219576
4745,154202,219577
4746,154213,238547
4747,154214,238548
4748,154221,258002
4749,154222,258003
4750,154292,438679
4751,154293,438680
4752,154294,438681
4753,154319,489763
4754,154349,558450
4755,154350,558451
4756,154583,450833
4757,154601,489761
4758,154602,489762
4759,154780,263298
4760,154781,264492
4761,154876,451095
4762,154877,451267
4763,154878,453131
4764,154884,465371
4765,154895,488332
4766,154896,489759
4767,154897,489760
4768,155035,264490
4769,155036,264491
4770,155118,451266
4771,155119,453130
4772,155123,463675
4773,155124,463788
4774,155137,489758
4775,155290,264489
4776,155360,453127
4777,155361,453128
4778,155362,453129
4779,155567,450893
4780,155568,453126
4781,155575,463375
4782,155576,465367
4783,155577,465368
4784,155578,465369
4785,155579,465370
4786,155585,488331
4787,155586,489755
4788,155587,489756
4789,155588,489757
4790,155705,264486
4791,155706,264487
4792,155707,264488
4793,155771,450832
4794,155772,453124
4795,155773,453125
4796,155780,463787
4797,155781,465366
4798,155946,264484
4799,155947,264485
4800,156021,451265
4801,156022,453120
4802,156023,453121
4803,156024,453122
4804,156025,453123
4805,156029,465364
4806,156030,465365
4807,156140,115429
4808,156141,116349
4809,156176,213766
4810,156177,213767
4811,156178,213768
4812,156179,213769
4813,156243,374349
4814,156244,377048
4815,156245,377049
4816,156298,461729
4817,156299,461730
4818,156300,461731
4819,156301,461732
4820,156316,494788
4821,156318,498484
4822,156319,499476
4823,156320,499477
4824,156350,581482
4825,156406,116348
4826,156438,212024
4827,156439,213765
4828,156443,224440
4829,156493,377041
4830,156494,377042
4831,156495,377043
4832,156496,377044
4833,156497,377045
4834,156498,377046
4835,156499,377047
4836,156536,461727
4837,156537,461728
4838,156556,494787
4839,156558,499475
4840,156647,116347
4841,156692,213760
4842,156693,213761
4843,156694,213762
4844,156695,213763
4845,156696,213764
4846,156698,224439
4847,156759,374136
4848,156760,377040
4849,156794,460337
4850,156795,461725
4851,156796,461726
4852,156814,493743
4853,156815,494786
4854,156817,499473
4855,156818,499474
4856,156857,581480
4857,156858,581481
4858,156956,213758
4859,156957,213759
4860,156965,223261
4861,156966,224437
4862,156967,224438
4863,157018,377039
4864,157063,494784
4865,157064,494785
4866,157066,499471
4867,157067,499472
4868,157097,581477
4869,157098,581478
4870,157099,581479
4871,157157,116345
4872,157158,116346
4873,157191,224435
4874,157192,224436
4875,157245,377038
4876,157276,461722
4877,157277,461723
4878,157278,461724
4879,157288,494782
4880,157289,494783
4881,157291,499470
4882,157323,580340
4883,157324,580468
4884,157325,581474
4885,157326,581475
4886,157327,581476
4887,157374,116344
4888,157405,212107
4889,157411,224433
4890,157412,224434
4891,157467,377036
4892,157468,377037
4893,157510,460336
4894,157511,461721
4895,157521,494781
4896,157522,498483
4897,157600,116340
4898,157601,116341
4899,157602,116342
4900,157603,116343
4901,157644,213755
4902,157645,213756
4903,157646,213757
4904,157650,224432
4905,157710,377030
4906,157711,377031
4907,157712,377032
4908,157713,377033
4909,157714,377034
4910,157715,377035
4911,157761,461719
4912,157762,461720
4913,157776,494780
4914,157867,134206
4915,157868,134207
4916,157879,167889
4917,157880,168413
4918,157881,168414
4919,157906,224429
4920,157907,224430
4921,157908,224431
4922,157919,264475
4923,157972,374348
4924,157973,377029
4925,158140,133124
4926,158155,167888
4927,158156,168412
4928,158185,224427
4929,158186,224428
4930,158206,264471
4931,158207,264472
4932,158208,264473
4933,158209,264474
4934,158250,377028
4935,158399,132971
4936,158400,134205
4937,158419,224426
4938,158431,264470
4939,158615,134204
4940,158632,168410
4941,158633,168411
4942,158650,224425
4943,158702,374627
4944,158703,377024
4945,158704,377025
4946,158705,377026
4947,158706,377027
4948,158859,132997
4949,158860,134202
4950,158861,134203
4951,158874,168409
4952,158895,224421
4953,158896,224422
4954,158897,224423
4955,158898,224424
4956,158912,264468
4957,158913,264469
4958,159101,134201
4959,159108,168408
4960,159127,224419
4961,159128,224420
4962,159141,264466
4963,159142,264467
4964,159180,377022
4965,159181,377023
4966,159317,134200
4967,159328,168407
4968,159352,224417
4969,159353,224418
4970,159371,264464
4971,159372,264465
4972,159409,377021
4973,159527,91096
4974,159568,189864
4975,159569,189865
4976,159570,189866
4977,159595,245023
4978,159596,245024
4979,159660,370295
4980,159661,370296
4981,159698,434268
4982,159699,438614
4983,159756,563883
4984,159757,563884
4985,159758,563885
4986,159759,563886
4987,159818,91094
4988,159819,91095
4989,159859,188262
4990,159870,224415
4991,159871,224416
4992,159876,245021
4993,159877,245022
4994,159932,370294
4995,159960,438611
4996,159961,438612
4997,159962,438613
4998,160010,563882
4999,160069,91086
5000,160070,91087
5001,160071,91088
5002,160072,91089
5003,160073,91090
5004,160074,91091
5005,160075,91092
5006,160076,91093
5007,160121,189863
5008,160144,224414
5009,160153,245020
5010,160203,369271
5011,160204,370291
5012,160205,370292
5013,160206,370293
5014,160244,434032
5015,160245,438605
5016,160246,438606
5017,160247,438607
5018,160248,438608
5019,160249,438609
5020,160250,438610
5021,160319,559135
5022,160320,563880
5023,160321,563881
5024,160360,89038
5025,160361,91085
5026,160393,189862
5027,160408,224409
5028,160409,224410
5029,160410,224411
5030,160411,224412
5031,160412,224413
5032,160418,245018
5033,160419,245019
5034,160462,370290
5035,160486,438603
5036,160487,438604
5037,160540,563879
5038,160585,91083
5039,160586,91084
5040,160616,187692
5041,160617,189861
5042,160635,243729
5043,160636,245017
5044,160695,438599
5045,160696,438600
5046,160697,438601
5047,160698,438602
5048,160781,91080
5049,160782,91081
5050,160783,91082
5051,160809,189860
5052,160822,224408
5053,160827,245016
5054,160868,370289
5055,160892,438597
5056,160893,438598
5057,160992,89267
5058,161037,189858
5059,161038,189859
5060,161054,224407
5061,161067,245014
5062,161068,245015
5063,161134,369038
5064,161135,370288
5065,161227,563878
5066,161251,2528
5067,161252,2529
5068,161290,89266
5069,161291,91078
5070,161292,91079
5071,161347,245013
5072,161351,257978
5073,161443,465341
5074,161444,465342
5075,161481,559813
5076,161504,2526
5077,161505,2527
5078,161538,88947
5079,161539,91076
5080,161540,91077
5081,161587,245012
5082,161600,292984
5083,161673,465340
5084,161710,559812
5085,161711,563875
5086,161712,563876
5087,161713,563877
5088,161733,2524
5089,161734,2525
5090,161773,91073
5091,161774,91074
5092,161775,91075
5093,161824,215082
5094,161825,215690
5095,161826,215691
5096,161832,245009
5097,161833,245010
5098,161834,245011
5099,161840,257977
5100,161855,292980
5101,161856,292981
5102,161857,292982
5103,161858,292983
5104,161859,293009
5105,161916,465338
5106,161917,465339
5107,161944,563873
5108,161945,563874
5109,161962,2523
5110,161994,91071
5111,161995,91072
5112,162059,215687
5113,162060,215688
5114,162061,215689
5115,162074,245007
5116,162075,245008
5117,162080,257975
5118,162081,257976
5119,162097,292976
5120,162098,292977
5121,162099,292978
5122,162100,292979
5123,162166,465337
5124,162213,559134
5125,162214,563870
5126,162215,563871
5127,162216,563872
5128,162265,89037
5129,162266,89145
5130,162267,91069
5131,162268,91070
5132,162305,215685
5133,162306,215686
5134,162316,245005
5135,162317,245006
5136,162324,257973
5137,162325,257974
5138,162341,292973
5139,162342,292974
5140,162343,292975
5141,162453,563868
5142,162454,563869
5143,162470,2522
5144,162493,89144
5145,162494,91066
5146,162495,91067
5147,162496,91068
5148,162538,215683
5149,162539,215684
5150,162547,245004
5151,162555,257970
5152,162556,257971
5153,162557,257972
5154,162572,292972
5155,162655,563866
5156,162656,563867
5157,162675,2519
5158,162676,2520
5159,162677,2521
5160,162713,91064
5161,162714,91065
5162,162792,245003
5163,162797,257968
5164,162798,257969
5165,162819,292956
5166,162903,463373
5167,162904,463451
5168,162905,465332
5169,162906,465333
5170,162907,465334
5171,162908,465335
5172,162909,465336
5173,162948,563863
5174,162949,563864
5175,162950,563865
5176,163055,224395
5177,163065,243520
5178,163066,245001
5179,163067,245002
5180,163107,367272
5181,163117,394178
5182,163118,396340
5183,163119,396341
5184,163126,408244
5185,163187,544352
5186,163286,213721
5187,163287,213722
5188,163292,223260
5189,163298,245000
5190,163335,367271
5191,163341,381563
5192,163346,394177
5193,163347,396339
5194,163350,408240
5195,163351,408241
5196,163352,408242
5197,163353,408243
5198,163414,544350
5199,163415,544351
5200,163528,213720
5201,163529,224394
5202,163540,244999
5203,163583,367267
5204,163584,367268
5205,163585,367269
5206,163586,367270
5207,163590,381558
5208,163591,381559
5209,163592,381560
5210,163593,381561
5211,163594,381562
5212,163599,396337
5213,163600,396338
5214,163606,408239
5215,163655,544349
5216,163783,213719
5217,163786,224390
5218,163787,224391
5219,163788,224392
5220,163789,224393
5221,163795,244998
5222,163854,367266
5223,163858,381557
5224,163868,394176
5225,163869,396333
5226,163870,396334
5227,163871,396335
5228,163872,396336
5229,163881,407527
5230,163930,544347
5231,163931,544348
5232,164025,211915
5233,164026,213716
5234,164027,213717
5235,164028,213718
5236,164031,224389
5237,164044,243728
5238,164109,394173
5239,164110,394174
5240,164111,394175
5241,164112,394702
5242,164113,396332
5243,164117,408236
5244,164118,408237
5245,164119,408238
5246,164175,543484
5247,164176,544345
5248,164177,544346
5249,164262,213714
5250,164263,213715
5251,164268,224388
5252,164280,244997
5253,164319,381555
5254,164320,381556
5255,164324,394170
5256,164325,394171
5257,164326,394172
5258,164327,396330
5259,164328,396331
5260,164332,408235
5261,164485,213713
5262,164489,224386
5263,164490,224387
5264,164498,243727
5265,164499,244996
5266,164563,367263
5267,164564,367264
5268,164565,367265
5269,164575,381554
5270,164584,394167
5271,164585,394168
5272,164586,394169
5273,164596,407593
5274,164663,544343
5275,164664,544344
5276,164701,2509
5277,164702,2510
5278,164703,2511
5279,164704,2512
5280,164980,563840
5281,164981,563841
5282,165014,2506
5283,165015,2507
5284,165016,2508
5285,165229,563839
5286,165251,893
5287,165252,2504
5288,165253,2505
5289,165477,559809
5290,165478,563836
5291,165479,563837
5292,165480,563838
5293,165497,892
5294,165498,1272
5295,165499,2503
5296,165702,559808
5297,165718,2502
5298,165861,563835
5299,165871,2500
5300,165872,2501
5301,166018,559180
5302,166019,563834
5303,166034,891
5304,166182,563833
5305,166217,56819
5306,166218,56820
5307,166323,374134
5308,166324,376971
5309,166345,453053
5310,166346,453054
5311,166347,453055
5312,166351,465316
5313,166352,465317
5314,166353,465318
5315,166423,101614
5316,166424,101615
5317,166425,101616
5318,166426,101617
5319,166427,101618
5320,166428,101619
5321,166526,376970
5322,166546,451260
5323,166547,453049
5324,166548,453050
5325,166549,453051
5326,166550,453052
5327,166551,461681
5328,166552,461682
5329,166553,463672
5330,166554,465315
5331,166621,55910
5332,166622,56818
5333,166636,101611
5334,166637,101612
5335,166638,101613
5336,166724,376968
5337,166725,376969
5338,166747,453047
5339,166748,453048
5340,166750,461678
5341,166751,461679
5342,166752,461680
5343,166753,465313
5344,166754,465314
5345,166828,56817
5346,166843,101606
5347,166844,101607
5348,166845,101608
5349,166846,101609
5350,166847,101610
5351,166943,376967
5352,166969,453046
5353,166973,461677
5354,167048,56815
5355,167049,56816
5356,167066,101605
5357,167190,453045
5358,167192,461676
5359,167193,465312
5360,167266,56813
5361,167267,56814
5362,167285,100323
5363,167286,100324
5364,167287,100325
5365,167288,101603
5366,167289,101604
5367,167393,376964
5368,167394,376965
5369,167395,376966
5370,167410,453044
5371,167413,461672
5372,167414,461673
5373,167415,461674
5374,167416,461675
5375,167417,465311
5376,167494,55777
5377,167510,101602
5378,167626,376961
5379,167627,376962
5380,167628,376963
5381,167654,451259
5382,167655,453043
5383,167658,461669
5384,167659,461670
5385,167660,461671
5386,167661,465310
5387,167799,159954
5388,167926,453039
5389,167927,453040
5390,167928,453041
5391,167929,453042
5392,167959,513520
5393,167960,513521
5394,167974,563812
5395,167975,563813
5396,167976,563814
5397,168033,100322
5398,168034,101600
5399,168035,101601
5400,168056,159949
5401,168057,159950
5402,168058,159951
5403,168059,159952
5404,168060,159953
5405,168141,381538
5406,168174,450892
5407,168175,451257
5408,168176,451258
5409,168177,453038
5410,168206,513519
5411,168225,563809
5412,168226,563810
5413,168227,563811
5414,168270,100321
5415,168271,101596
5416,168272,101597
5417,168273,101598
5418,168274,101599
5419,168296,159948
5420,168388,381534
5421,168389,381535
5422,168390,381536
5423,168391,381537
5424,168430,453037
5425,168448,513517
5426,168449,513518
5427,168458,563808
5428,168507,101594
5429,168508,101595
5430,168583,381531
5431,168584,381532
5432,168585,381533
5433,168609,450831
5434,168610,453035
5435,168611,453036
5436,168641,512870
5437,168642,513516
5438,168656,559806
5439,168657,563804
5440,168658,563805
5441,168659,563806
5442,168660,563807
5443,168701,100262
5444,168702,101591
5445,168703,101592
5446,168704,101593
5447,168732,159947
5448,168821,453032
5449,168822,453033
5450,168823,453034
5451,168837,513514
5452,168838,513515
5453,168855,563803
5454,168897,101588
5455,168898,101589
5456,168899,101590
5457,168921,159945
5458,168922,159946
5459,169016,381530
5460,169034,451256
5461,169035,453031
5462,169069,559805
5463,169070,563802
5464,169118,101585
5465,169119,101586
5466,169120,101587
5467,169139,159943
5468,169140,159944
5469,169223,381528
5470,169224,381529
5471,169253,453030
5472,169268,513513
5473,169286,559133
5474,169287,563801
5475,169348,100261
5476,169349,101584
5477,169449,374622
5478,169575,101582
5479,169576,101583
5480,169602,167885
5481,169603,168394
5482,169604,168395
5483,169618,219537
5484,169619,219538
5485,169804,101580
5486,169805,101581
5487,169836,168393
5488,169854,219535
5489,169855,219536
5490,169901,376944
5491,170018,101577
5492,170019,101578
5493,170020,101579
5494,170058,219532
5495,170059,219533
5496,170060,219534
5497,170101,376941
5498,170102,376942
5499,170103,376943
5500,170211,101575
5501,170212,101576
5502,170244,167884
5503,170245,168389
5504,170246,168390
5505,170247,168391
5506,170248,168392
5507,170315,376940
5508,170454,101574
5509,170478,168388
5510,170499,219530
5511,170500,219531
5512,170555,376937
5513,170556,376938
5514,170557,376939
5515,170676,101573
5516,170712,219528
5517,170713,219529
5518,170767,376936
5519,170890,91000
5520,170891,91001
5521,170892,91002
5522,170893,91003
5523,170894,91004
5524,170949,213672
5525,170950,213673
5526,171024,396299
5527,171025,396300
5528,171050,438466
5529,171051,438467
5530,171052,438468
5531,171056,453022
5532,171057,453023
5533,171076,489657
5534,171077,489658
5535,171148,90998
5536,171149,90999
5537,171253,394563
5538,171254,396298
5539,171262,438462
5540,171263,438463
5541,171264,438464
5542,171265,438465
5543,171267,451255
5544,171282,489656
5545,171370,89262
5546,171418,213670
5547,171419,213671
5548,171490,396297
5549,171511,438454
5550,171512,438455
5551,171513,438456
5552,171514,438457
5553,171515,438458
5554,171516,438459
5555,171517,438460
5556,171518,438461
5557,171520,453019
5558,171521,453020
5559,171522,453021
5560,171606,90997
5561,171646,213666
5562,171647,213667
5563,171648,213668
5564,171649,213669
5565,171715,438450
5566,171716,438451
5567,171717,438452
5568,171718,438453
5569,171720,453017
5570,171721,453018
5571,171730,489655
5572,171806,90996
5573,171851,213664
5574,171852,213665
5575,171901,396295
5576,171902,396296
5577,171920,438448
5578,171921,438449
5579,171927,453015
5580,171928,453016
5581,171938,489654
5582,172001,88945
5583,172002,88946
5584,172003,90995
5585,172047,213663
5586,172110,396292
5587,172111,396293
5588,172112,396294
5589,172130,438446
5590,172131,438447
5591,172146,488329
5592,172147,488426
5593,172148,489652
5594,172149,489653
5595,172218,88944
5596,172361,434522
5597,172362,438444
5598,172363,438445
5599,172381,488425
5600,172494,140720
5601,172583,376918
5602,172615,434521
5603,172616,438439
5604,172617,438440
5605,172618,438441
5606,172619,438442
5607,172620,438443
5608,172625,461646
5609,172626,461647
5610,172740,140718
5611,172741,140719
5612,172843,438437
5613,172844,438438
5614,172853,461645
5615,172863,489650
5616,172864,489651
5617,172968,140716
5618,172969,140717
5619,173060,376915
5620,173061,376916
5621,173062,376917
5622,173081,434518
5623,173082,434519
5624,173083,434520
5625,173084,438434
5626,173085,438435
5627,173086,438436
5628,173095,460332
5629,173103,489646
5630,173104,489647
5631,173105,489648
5632,173106,489649
5633,173192,139503
5634,173193,140715
5635,173274,376913
5636,173275,376914
5637,173297,433952
5638,173298,438430
5639,173299,438431
5640,173300,438432
5641,173301,438433
5642,173308,461643
5643,173309,461644
5644,173315,489645
5645,173403,140714
5646,173474,434517
5647,173475,438428
5648,173476,438429
5649,173481,461642
5650,173491,489644
5651,173638,376910
5652,173639,376911
5653,173640,376912
5654,173661,438424
5655,173662,438425
5656,173663,438426
5657,173664,438427
5658,173672,461639
5659,173673,461640
5660,173674,461641
5661,173678,489643
5662,173761,140712
5663,173762,140713
5664,173863,376906
5665,173864,376907
5666,173865,376908
5667,173866,376909
5668,173875,438419
5669,173876,438420
5670,173877,438421
5671,173878,438422
5672,173879,438423
5673,173893,489641
5674,173894,489642
5675,174013,224347
5676,174077,397114
5677,174078,397115
5678,174079,397116
5679,174080,397117
5680,174081,397548
5681,174197,134156
5682,174198,134157
5683,174225,224345
5684,174226,224346
5685,174284,397096
5686,174285,397112
5687,174286,397113
5688,174287,397547
5689,174414,134155
5690,174448,224344
5691,174626,134151
5692,174627,134152
5693,174628,134153
5694,174629,134154
5695,174663,224342
5696,174664,224343
5697,174718,397111
5698,174816,134149
5699,174817,134150
5700,174833,224339
5701,174834,224340
5702,174835,224341
5703,174876,397110
5704,174978,132938
5705,174979,132939
5706,174980,134147
5707,174981,134148
5708,175058,397546
5709,175196,134146
5710,175232,224336
5711,175233,224337
5712,175234,224338
5713,175425,90967
5714,175426,90968
5715,175427,90969
5716,175428,90970
5717,175696,88987
5718,175919,606499
5719,175947,90966
5720,176178,605637
5721,176179,606496
5722,176180,606497
5723,176181,606498
5724,176223,89261
5725,176224,90965
5726,176401,606495
5727,176435,90963
5728,176436,90964
5729,176607,90960
5730,176608,90961
5731,176609,90962
5732,176761,606492
5733,176762,606493
5734,176763,606494
5735,176805,90958
5736,176806,90959
5737,176988,605636
5738,177051,159895
5739,177052,159896
5740,177053,159897
5741,177155,381483
5742,177173,438376
5743,177174,438377
5744,177312,158652
5745,177313,159894
5746,177388,381477
5747,177389,381478
5748,177390,381479
5749,177391,381480
5750,177392,381481
5751,177393,381482
5752,177419,438373
5753,177420,438374
5754,177421,438375
5755,177550,159892
5756,177551,159893
5757,177633,381476
5758,177651,438370
5759,177652,438371
5760,177653,438372
5761,177784,159890
5762,177785,159891
5763,177851,381475
5764,177862,438369
5765,177979,158556
5766,177980,158557
5767,177981,158651
5768,177982,159887
5769,177983,159888
5770,177984,159889
5771,178044,381472
5772,178045,381473
5773,178046,381474
5774,178155,159886
5775,178229,381471
5776,178445,381466
5777,178446,381467
5778,178447,381468
5779,178448,381469
5780,178449,381470
5781,178474,438366
5782,178475,438367
5783,178476,438368
5784,178683,381464
5785,178684,381465
5786,179096,381460
5787,179097,381461
5788,179098,381462
5789,179099,381463
5790,179313,381459
5791,179508,381454
5792,179509,381455
5793,179510,381456
5794,179511,381457
5795,179512,381458
5796,179697,381453
5797,179905,381448
5798,179906,381449
5799,179907,381450
5800,179908,381451
5801,179909,381452
5802,180005,56772
5803,180006,56773
5804,180007,56774
5805,180055,213630
5806,180118,376851
5807,180119,376852
5808,180139,452959
5809,180140,452960
5810,180141,452961
5811,180150,488373
5812,180195,606483
5813,180196,606484
5814,180258,197385
5815,180305,376849
5816,180306,376850
5817,180329,452957
5818,180330,452958
5819,180349,489606
5820,180350,489607
5821,180385,606482
5822,180454,197379
5823,180455,197380
5824,180456,197381
5825,180457,197382
5826,180458,197383
5827,180459,197384
5828,180462,212101
5829,180504,376847
5830,180505,376848
5831,180530,452956
5832,180577,606480
5833,180578,606481
5834,180603,55774
5835,180604,56771
5836,180650,197378
5837,180655,213628
5838,180656,213629
5839,180716,376845
5840,180717,376846
5841,180747,451254
5842,180748,452955
5843,180758,489605
5844,180806,606479
5845,180825,56770
5846,180865,196875
5847,180866,197377
5848,180868,213627
5849,180929,376841
5850,180930,376842
5851,180931,376843
5852,180932,376844
5853,180970,452954
5854,180979,489603
5855,180980,489604
5856,181021,606478
5857,181041,56768
5858,181042,56769
5859,181094,213626
5860,181146,376840
5861,181174,452952
5862,181175,452953
5863,181190,489600
5864,181191,489601
5865,181192,489602
5866,181239,606477
5867,181268,56766
5868,181269,56767
5869,181344,197375
5870,181345,197376
5871,181354,213618
5872,181355,213619
5873,181356,213620
5874,181357,213621
5875,181358,213622
5876,181359,213623
5877,181360,213624
5878,181361,213625
5879,181438,376838
5880,181439,376839
5881,181490,452950
5882,181491,452951
5883,181508,489599
5884,181567,606475
5885,181568,606476
5886,181608,90922
5887,181609,90923
5888,181610,90924
5889,181623,115373
5890,181624,116275
5891,181674,257911
5892,181675,260306
5893,181761,461583
5894,181762,461584
5895,181763,461585
5896,181764,461586
5897,181765,461587
5898,181778,489596
5899,181779,489597
5900,181780,489598
5901,181803,543428
5902,181804,544275
5903,181848,88942
5904,181849,89259
5905,181850,90919
5906,181851,90920
5907,181852,90921
5908,181857,115468
5909,181858,116273
5910,181859,116274
5911,181926,257908
5912,181927,257909
5913,181928,257910
5914,181929,260304
5915,181930,260305
5916,182001,461582
5917,182009,489594
5918,182010,489595
5919,182037,544271
5920,182038,544272
5921,182039,544273
5922,182040,544274
5923,182091,88986
5924,182101,116271
5925,182102,116272
5926,182152,257288
5927,182153,257906
5928,182154,257907
5929,182225,461580
5930,182226,461581
5931,182236,489593
5932,182256,544270
5933,182316,90918
5934,182322,116270
5935,182433,461576
5936,182434,461577
5937,182435,461578
5938,182436,461579
5939,182442,489592
5940,182454,543482
5941,182455,544267
5942,182456,544268
5943,182457,544269
5944,182525,90915
5945,182526,90916
5946,182527,90917
5947,182592,257287
5948,182593,257904
5949,182594,257905
5950,182596,260301
5951,182597,260302
5952,182598,260303
5953,182683,461574
5954,182684,461575
5955,182695,489590
5956,182696,489591
5957,182717,544266
5958,182794,116266
5959,182795,116267
5960,182796,116268
5961,182797,116269
5962,182851,257902
5963,182852,257903
5964,182853,260298
5965,182854,260299
5966,182855,260300
5967,182946,460251
5968,182947,461570
5969,182948,461571
5970,182949,461572
5971,182950,461573
5972,182962,489588
5973,182963,489589
5974,183048,90912
5975,183049,90913
5976,183050,90914
5977,183060,115367
5978,183061,116262
5979,183062,116263
5980,183063,116264
5981,183064,116265
5982,183128,260296
5983,183129,260297
5984,183221,460330
5985,183222,461567
5986,183223,461568
5987,183224,461569
5988,183233,488423
5989,183234,489587
5990,183255,544264
5991,183256,544265
5992,183336,89137
5993,183337,90910
5994,183338,90911
5995,183395,213607
5996,183397,218723
5997,183398,219497
5998,183413,260293
5999,183414,260294
6000,183415,260295
6001,183470,381416
6002,183471,381417
6003,183487,410673
6004,183535,499391
6005,183536,499392
6006,183537,499393
6007,183538,499394
6008,183539,502105
6009,183540,502106
6010,183575,563641
6011,183676,213605
6012,183677,213606
6013,183702,260289
6014,183703,260290
6015,183704,260291
6016,183705,260292
6017,183757,381412
6018,183758,381413
6019,183759,381414
6020,183760,381415
6021,183768,410669
6022,183769,410670
6023,183770,410671
6024,183771,410672
6025,183815,499390
6026,183816,502103
6027,183817,502104
6028,183838,563639
6029,183839,563640
6030,183879,90907
6031,183880,90908
6032,183881,90909
6033,183986,381411
6034,184036,499388
6035,184037,499389
6036,184059,563638
6037,184104,90905
6038,184105,90906
6039,184139,213601
6040,184140,213602
6041,184141,213603
6042,184142,213604
6043,184144,219493
6044,184145,219494
6045,184146,219495
6046,184147,219496
6047,184163,260288
6048,184197,379206
6049,184198,381405
6050,184199,381406
6051,184200,381407
6052,184201,381408
6053,184202,381409
6054,184203,381410
6055,184217,410018
6056,184218,410667
6057,184219,410668
6058,184257,499387
6059,184277,563635
6060,184278,563636
6061,184279,563637
6062,184329,90902
6063,184330,90903
6064,184331,90904
6065,184379,213600
6066,184381,219490
6067,184382,219491
6068,184383,219492
6069,184399,260287
6070,184451,379205
6071,184452,381402
6072,184453,381403
6073,184454,381404
6074,184466,410666
6075,184506,499385
6076,184507,499386
6077,184508,502101
6078,184509,502102
6079,184528,563633
6080,184529,563634
6081,184575,89258
6082,184576,90899
6083,184577,90900
6084,184578,90901
6085,184623,213598
6086,184624,213599
6087,184625,219488
6088,184626,219489
6089,184643,259453
6090,184644,260286
6091,184687,379204
6092,184688,381401
6093,184702,410665
6094,184730,499384
6095,184731,502100
6096,184751,563632
6097,184802,90897
6098,184803,90898
6099,184857,213595
6100,184858,213596
6101,184859,213597
6102,184877,260285
6103,184976,501028
6104,184977,502098
6105,184978,502099
6106,185002,563631
6107,186398,88941
6108,186399,90889
6109,186501,376800
6110,186624,90888
6111,186721,376797
6112,186722,376798
6113,186723,376799
6114,186836,89035
6115,186837,90885
6116,186838,90886
6117,186839,90887
6118,186926,376796
6119,187032,90883
6120,187033,90884
6121,187220,90882
6122,187301,376793
6123,187302,376794
6124,187303,376795
6125,187542,376791
6126,187543,376792
6127,187663,90881
6128,187810,376790
6129,188039,211912
6130,188040,213574
6131,188041,213575
6132,188052,239125
6133,188053,239762
6134,188059,264391
6135,188094,374340
6136,188095,376789
6137,188097,381376
6138,188098,381377
6139,188146,488485
6140,188147,489557
6141,188148,489558
6142,188281,180124
6143,188282,180125
6144,188283,180126
6145,188316,239759
6146,188317,239760
6147,188318,239761
6148,188325,263255
6149,188357,376787
6150,188358,376788
6151,188359,381375
6152,188391,489555
6153,188392,489556
6154,188524,213573
6155,188533,239758
6156,188541,263296
6157,188542,264390
6158,188571,374046
6159,188572,374617
6160,188573,381374
6161,188608,488421
6162,188609,489553
6163,188610,489554
6164,188706,239757
6165,188711,264389
6166,188733,376785
6167,188734,376786
6168,188735,379203
6169,188736,381372
6170,188737,381373
6171,188772,488484
6172,188773,489552
6173,188858,180123
6174,188864,213571
6175,188865,213572
6176,188872,239756
6177,188878,263232
6178,188879,264388
6179,188914,376781
6180,188915,376782
6181,188916,376783
6182,188917,376784
6183,188918,381370
6184,188919,381371
6185,188955,489551
6186,189063,179615
6187,189064,180121
6188,189065,180122
6189,189080,211911
6190,189081,213568
6191,189082,213569
6192,189083,213570
6193,189095,239752
6194,189096,239753
6195,189097,239754
6196,189098,239755
6197,189105,263295
6198,189106,263341
6199,189130,374339
6200,189131,381368
6201,189132,381369
6202,189269,180118
6203,189270,180119
6204,189271,180120
6205,189289,212020
6206,189290,213566
6207,189291,213567
6208,189296,239750
6209,189297,239751
6210,189308,264387
6211,189353,381366
6212,189354,381367
6213,189407,489550
6214,189650,438242
6215,189900,438239
6216,189901,438240
6217,189902,438241
6218,190125,434514
6219,190126,438234
6220,190127,438235
6221,190128,438236
6222,190129,438237
6223,190130,438238
6224,190308,438232
6225,190309,438233
6226,190667,438230
6227,190668,438231
6228,190905,438222
6229,190906,438223
6230,190907,438224
6231,190908,438225
6232,190909,438226
6233,190910,438227
6234,190911,438228
6235,190912,438229
6236,191041,157187
6237,191042,157188
6238,191178,563575
6239,191179,563576
6240,191180,563577
6241,191181,563578
6242,191256,156211
6243,191257,157186
6244,191387,563571
6245,191388,563572
6246,191389,563573
6247,191390,563574
6248,191458,157185
6249,191583,563569
6250,191584,563570
6251,191648,157183
6252,191649,157184
6253,191872,157181
6254,191873,157182
6255,191973,563567
6256,191974,563568
6257,192020,157180
6258,192110,559791
6259,192111,563565
6260,192112,563566
6261,192246,101438
6262,192247,101439
6263,192254,131127
6264,192255,131128
6265,192256,131129
6266,192287,213548
6267,192288,213549
6268,192289,213550
6269,192337,438203
6270,192338,438204
6271,192339,438205
6272,192349,499356
6273,192350,499357
6274,192431,101435
6275,192432,101436
6276,192433,101437
6277,192445,130193
6278,192446,131125
6279,192447,131126
6280,192474,213547
6281,192527,343779
6282,192528,344734
6283,192529,344735
6284,192545,376758
6285,192546,376759
6286,192547,376760
6287,192548,376761
6288,192566,434513
6289,192567,438199
6290,192568,438200
6291,192569,438201
6292,192570,438202
6293,192579,468864
6294,192595,499354
6295,192596,499355
6296,192689,131124
6297,192712,213545
6298,192713,213546
6299,192788,343778
6300,192789,344733
6301,192795,376756
6302,192796,376757
6303,192831,438198
6304,192958,100316
6305,193056,343706
6306,193057,344731
6307,193058,344732
6308,193069,376755
6309,193102,438194
6310,193103,438195
6311,193104,438196
6312,193105,438197
6313,193120,468863
6314,193138,499353
6315,193252,101433
6316,193253,101434
6317,193268,131123
6318,193300,213544
6319,193370,374338
6320,193371,376754
6321,193405,433950
6322,193406,438193
6323,193426,468861
6324,193427,468862
6325,193512,101432
6326,193527,131122
6327,193551,213542
6328,193552,213543
6329,193598,343715
6330,193599,344729
6331,193600,344730
6332,193608,376752
6333,193609,376753
6334,193624,438192
6335,193638,467985
6336,193639,468860
6337,193716,101430
6338,193717,101431
6339,193725,131120
6340,193726,131121
6341,193759,213540
6342,193760,213541
6343,193844,438186
6344,193845,438187
6345,193846,438188
6346,193847,438189
6347,193848,438190
6348,193849,438191
6349,193859,467941
6350,193860,468855
6351,193861,468856
6352,193862,468857
6353,193863,468858
6354,193864,468859
6355,193873,498523
6356,193874,499348
6357,193875,499349
6358,193876,499350
6359,193877,499351
6360,193878,499352
6361,193946,56742
6362,193980,129167
6363,193981,129284
6364,193985,140625
6365,193986,140626
6366,193987,140627
6367,194027,224260
6368,194028,224261
6369,194061,284494
6370,194062,284495
6371,194063,284496
6372,194138,450890
6373,194139,452880
6374,194140,452881
6375,194141,452882
6376,194158,501026
6377,194159,502065
6378,194195,563545
6379,194260,56740
6380,194261,56741
6381,194298,129282
6382,194299,129283
6383,194302,140624
6384,194366,284493
6385,194445,425949
6386,194462,452878
6387,194463,452879
6388,194476,502063
6389,194477,502064
6390,194496,544229
6391,194509,563540
6392,194510,563541
6393,194511,563542
6394,194512,563543
6395,194513,563544
6396,194555,55771
6397,194556,55772
6398,194557,55897
6399,194558,56738
6400,194559,56739
6401,194593,129140
6402,194594,129166
6403,194600,139498
6404,194642,224255
6405,194643,224256
6406,194644,224257
6407,194645,224258
6408,194646,224259
6409,194676,284491
6410,194677,284492
6411,194742,425986
6412,194743,425987
6413,194757,452876
6414,194758,452877
6415,194793,544228
6416,194799,559130
6417,194800,559131
6418,194801,559789
6419,194802,563534
6420,194803,563535
6421,194804,563536
6422,194805,563537
6423,194806,563538
6424,194807,563539
6425,194858,55704
6426,194859,56736
6427,194860,56737
6428,194893,129281
6429,194897,140622
6430,194898,140623
6431,194932,224253
6432,194933,224254
6433,194953,283630
6434,195007,425985
6435,195008,426022
6436,195009,426023
6437,195010,426801
6438,195025,452875
6439,195046,501107
6440,195047,502060
6441,195048,502061
6442,195049,502062
6443,195071,544227
6444,195077,563531
6445,195078,563532
6446,195079,563533
6447,195122,56733
6448,195123,56734
6449,195124,56735
6450,195151,129144
6451,195155,139363
6452,195156,140621
6453,195242,284490
6454,195311,426800
6455,195324,452873
6456,195325,452874
6457,195351,502059
6458,195365,544222
6459,195366,544223
6460,195367,544224
6461,195368,544225
6462,195369,544226
6463,195375,559787
6464,195376,559788
6465,195377,563526
6466,195378,563527
6467,195379,563528
6468,195380,563529
6469,195381,563530
6470,195423,56732
6471,195448,129280
6472,195455,140620
6473,195492,224252
6474,195518,284488
6475,195519,284489
6476,195582,426799
6477,195594,452871
6478,195595,452872
6479,195621,502057
6480,195622,502058
6481,195646,544221
6482,195659,563524
6483,195660,563525
6484,195715,56731
6485,195761,129279
6486,195767,140619
6487,195922,426798
6488,195946,450889
6489,195947,452870
6490,196000,544219
6491,196001,544220
6492,196008,563523
6493,196066,52942
6494,196107,146686
6495,196108,147957
6496,196109,147958
6497,196110,147959
6498,196111,147960
6499,196115,159806
6500,196116,159807
6501,196126,183954
6502,196139,213527
6503,196140,213528
6504,196141,213529
6505,196410,147956
6506,196413,159805
6507,196437,213526
6508,196607,52879
6509,196653,147954
6510,196654,147955
6511,196657,159802
6512,196658,159803
6513,196659,159804
6514,196689,213520
6515,196690,213521
6516,196691,213522
6517,196692,213523
6518,196693,213524
6519,196694,213525
6520,196881,52869
6521,196882,52870
6522,196883,52871
6523,196935,183953
6524,196941,213519
6525,197127,52867
6526,197128,52868
6527,197129,52878
6528,197171,147953
6529,197176,159800
6530,197177,159801
6531,197187,183951
6532,197188,183952
6533,197198,213518
6534,197382,52866
6535,197429,147951
6536,197430,147952
6537,197439,159799
6538,197453,183079
6539,197454,183949
6540,197455,183950
6541,197469,213517
6542,197673,52864
6543,197674,52865
6544,197675,52877
6545,197728,147949
6546,197729,147950
6547,197731,159797
6548,197732,159798
6549,197747,183946
6550,197748,183947
6551,197749,183948
6552,197765,213514
6553,197766,213515
6554,197767,213516
6555,198024,90826
6556,198126,263293
6557,198127,263294
6558,198128,264358
6559,198129,264359
6560,198183,376721
6561,198184,376722
6562,198232,445417
6563,198233,445418
6564,198234,445419
6565,198243,461484
6566,198244,461485
6567,198257,489498
6568,198258,489499
6569,198350,90825
6570,198477,374616
6571,198478,376719
6572,198479,376720
6573,198526,489494
6574,198527,489495
6575,198528,489496
6576,198529,489497
6577,198592,606417
6578,198593,606418
6579,198639,90824
6580,198721,264357
6581,198757,376717
6582,198758,376718
6583,198790,461480
6584,198791,461481
6585,198792,461482
6586,198793,461483
6587,198871,606416
6588,198911,90820
6589,198912,90821
6590,198913,90822
6591,198914,90823
6592,199058,445415
6593,199059,445416
6594,199063,461478
6595,199064,461479
6596,199080,489493
6597,199123,606415
6598,199165,90819
6599,199249,264354
6600,199250,264355
6601,199251,264356
6602,199287,374615
6603,199288,376716
6604,199314,445414
6605,199325,489491
6606,199326,489492
6607,199378,606414
6608,199418,89254
6609,199419,90817
6610,199420,90818
6611,199484,264353
6612,199530,376712
6613,199531,376713
6614,199532,376714
6615,199533,376715
6616,199574,461477
6617,199582,489490
6618,199628,606412
6619,199629,606413
6620,199657,90815
6621,199658,90816
6622,199756,264350
6623,199757,264351
6624,199758,264352
6625,199815,376711
6626,199852,445410
6627,199853,445411
6628,199854,445412
6629,199855,445413
6630,199862,461475
6631,199863,461476
6632,199871,489489
6633,199931,606409
6634,199932,606410
6635,199933,606411
6636,200054,276098
6637,200055,276099
6638,200056,276100
6639,200113,379123
6640,200114,381306
6641,200222,577617
6642,200399,376710
6643,200400,381304
6644,200401,381305
6645,200472,577616
6646,200610,276096
6647,200611,276097
6648,200733,577613
6649,200734,577614
6650,200735,577615
6651,200842,276092
6652,200843,276093
6653,200844,276094
6654,200845,276095
6655,200877,376708
6656,200878,376709
6657,200880,381303
6658,200954,577612
6659,201090,275598
6660,201125,376706
6661,201126,376707
6662,201127,381302
6663,201197,576849
6664,201198,577611
6665,201380,374614
6666,201381,376704
6667,201382,376705
6668,201383,381301
6669,201629,276090
6670,201630,276091
6671,201696,376702
6672,201697,376703
6673,201698,381297
6674,201699,381298
6675,201700,381299
6676,201701,381300
6677,201805,577609
6678,201806,577610
6679,201925,174565
6680,201926,175268
6681,201927,175269
6682,201928,175270
6683,202067,438089
6684,202068,438090
6685,202074,461468
6686,202118,563471
6687,202237,175266
6688,202238,175267
6689,202345,438087
6690,202346,438088
6691,202387,563470
6692,202477,175265
6693,202588,438086
6694,202628,563468
6695,202629,563469
6696,202728,175264
6697,202820,438085
6698,202829,461467
6699,202944,175263
6700,203050,438083
6701,203051,438084
6702,203057,461463
6703,203058,461464
6704,203059,461465
6705,203060,461466
6706,203103,563464
6707,203104,563465
6708,203105,563466
6709,203106,563467
6710,203198,175262
6711,203311,438081
6712,203312,438082
6713,203320,460249
6714,203321,461462
6715,203370,559785
6716,203371,563461
6717,203372,563462
6718,203373,563463
6719,203466,175260
6720,203467,175261
6721,203584,438075
6722,203585,438076
6723,203586,438077
6724,203587,438078
6725,203588,438079
6726,203589,438080
6727,203596,461460
6728,203597,461461
6729,203633,563459
6730,203634,563460
6731,203845,396175
6732,203932,581338
6733,204120,396174
6734,204385,396170
6735,204386,396171
6736,204387,396172
6737,204388,396173
6738,204470,580401
6739,204471,581337
6740,204639,396169
6741,204727,581333
6742,204728,581334
6743,204729,581335
6744,204730,581336
6745,204980,581332
6746,205148,396167
6747,205149,396168
6748,205213,581330
6749,205214,581331
6750,205436,396166
6751,205530,581329
6752,205578,90793
6753,205583,101379
6754,205622,185502
6755,205735,376683
6756,205736,376684
6757,205745,394061
6758,205767,434257
6759,205768,438059
6760,205769,438060
6761,205770,438061
6762,205771,438062
6763,205777,452838
6764,205786,489466
6765,205787,489467
6766,205788,489468
6767,205789,489469
6768,205790,489470
6769,205794,499317
6770,205795,499318
6771,205889,90792
6772,206013,376682
6773,206024,394060
6774,206049,438057
6775,206050,438058
6776,206055,451085
6777,206056,452837
6778,206069,489464
6779,206070,489465
6780,206073,499315
6781,206074,499316
6782,206167,90788
6783,206168,90789
6784,206169,90790
6785,206170,90791
6786,206172,101375
6787,206173,101376
6788,206174,101377
6789,206175,101378
6790,206209,185173
6791,206309,376681
6792,206346,434256
6793,206347,438056
6794,206349,452835
6795,206350,452836
6796,206373,489463
6797,206481,90786
6798,206482,90787
6799,206485,101373
6800,206486,101374
6801,206521,185166
6802,206522,185167
6803,206523,185168
6804,206524,185169
6805,206525,185170
6806,206526,185171
6807,206527,185172
6808,206528,185501
6809,206595,376680
6810,206601,394058
6811,206602,394059
6812,206621,434255
6813,206622,438053
6814,206623,438054
6815,206624,438055
6816,206633,452834
6817,206656,488481
6818,206657,489461
6819,206658,489462
6820,206729,89132
6821,206734,101370
6822,206735,101371
6823,206736,101372
6824,206763,185133
6825,206764,185164
6826,206765,185165
6827,206844,374612
6828,206845,374613
6829,206846,376679
6830,206851,394055
6831,206852,394056
6832,206853,394057
6833,206864,438051
6834,206865,438052
6835,206866,452832
6836,206867,452833
6837,206883,499312
6838,206884,499313
6839,206885,499314
6840,206965,90785
6841,207005,185163
6842,207088,376677
6843,207089,376678
6844,207114,438048
6845,207115,438049
6846,207116,438050
6847,207131,489460
6848,207136,499309
6849,207137,499310
6850,207138,499311
6851,207237,89131
6852,207238,90784
6853,207241,101368
6854,207242,101369
6855,207286,185162
6856,207396,394052
6857,207397,394053
6858,207398,394054
6859,207424,434254
6860,207425,438044
6861,207426,438045
6862,207427,438046
6863,207428,438047
6864,207436,452829
6865,207437,452830
6866,207438,452831
6867,207461,488371
6868,207462,488480
6869,207463,489459
6870,207570,90782
6871,207571,90783
6872,207577,101367
6873,207596,134061
6874,207608,147916
6875,207609,147917
6876,207610,147918
6877,207611,147919
6878,207657,213464
6879,207765,376674
6880,207766,376675
6881,207767,376676
6882,207769,379111
6883,207770,379112
6884,207771,381252
6885,207772,381253
6886,207773,381254
6887,207774,381255
6888,207775,381256
6889,207776,381257
6890,207791,407532
6891,207792,408131
6892,207857,502026
6893,207933,606388
6894,207934,606389
6895,207976,90781
6896,207979,100314
6897,207980,101366
6898,207994,132933
6899,207995,133048
6900,207996,134060
6901,208005,147913
6902,208006,147914
6903,208007,147915
6904,208040,213461
6905,208041,213462
6906,208042,213463
6907,208129,374611
6908,208130,376672
6909,208131,376673
6910,208132,379110
6911,208133,381249
6912,208134,381250
6913,208135,381251
6914,208207,502024
6915,208208,502025
6916,208268,606387
6917,208305,89130
6918,208306,90779
6919,208307,90780
6920,208310,101364
6921,208311,101365
6922,208330,146684
6923,208331,147911
6924,208332,147912
6925,208368,213460
6926,208440,376671
6927,208442,379109
6928,208443,379139
6929,208444,381247
6930,208445,381248
6931,208458,407542
6932,208459,408130
6933,208563,606385
6934,208564,606386
6935,208593,90777
6936,208594,90778
6937,208599,101363
6938,208640,213459
6939,208692,376670
6940,208693,381245
6941,208694,381246
6942,208728,502023
6943,208809,90776
6944,208818,101361
6945,208819,101362
6946,208832,134059
6947,208958,376668
6948,208959,376669
6949,208960,379108
6950,208969,408129
6951,209008,502021
6952,209009,502022
6953,209065,606381
6954,209066,606382
6955,209067,606383
6956,209068,606384
6957,209106,90772
6958,209107,90773
6959,209108,90774
6960,209109,90775
6961,209113,101360
6962,209127,132968
6963,209128,134058
6964,209134,147909
6965,209135,147910
6966,209240,374610
6967,209241,376666
6968,209242,376667
6969,209243,379106
6970,209244,379107
6971,209245,381243
6972,209246,381244
6973,209262,407589
6974,209263,408125
6975,209264,408126
6976,209265,408127
6977,209266,408128
6978,209313,501103
6979,209357,606380
6980,209412,89253
6981,209413,90768
6982,209414,90769
6983,209415,90770
6984,209416,90771
6985,209423,101359
6986,209440,134054
6987,209441,134055
6988,209442,134056
6989,209443,134057
6990,209485,212019
6991,209486,212099
6992,209487,212100
6993,209488,213458
6994,209592,376662
6995,209593,376663
6996,209594,376664
6997,209595,376665
6998,209597,381241
6999,209598,381242
7000,209669,501025
7001,209670,502017
7002,209671,502018
7003,209672,502019
7004,209673,502020
7005,209755,56683
7006,209774,89252
7007,209912,381238
7008,209913,381239
7009,209914,381240
7010,209988,544186
7011,210049,56681
7012,210050,56682
7013,210066,90764
7014,210067,90765
7015,210068,90766
7016,210069,90767
7017,210118,213455
7018,210119,213456
7019,210120,213457
7020,210196,381235
7021,210197,381236
7022,210198,381237
7023,210276,544181
7024,210277,544182
7025,210278,544183
7026,210279,544184
7027,210280,544185
7028,210345,56677
7029,210346,56678
7030,210347,56679
7031,210348,56680
7032,210362,90759
7033,210363,90760
7034,210364,90761
7035,210365,90762
7036,210366,90763
7037,210430,213454
7038,210490,381234
7039,210592,5413
7040,210593,5414
7041,210594,5415
7042,210613,56676
7043,210626,90758
7044,210733,381231
7045,210734,381232
7046,210735,381233
7047,210796,543446
7048,210819,5409
7049,210820,5410
7050,210821,5411
7051,210822,5412
7052,210849,56674
7053,210850,56675
7054,210861,90756
7055,210862,90757
7056,210921,213452
7057,210922,213453
7058,211091,5408
7059,211115,55770
7060,211116,56673
7061,211139,90754
7062,211140,90755
7063,211192,213450
7064,211193,213451
7065,211336,544179
7066,211337,544180
7067,211373,5216
7068,211374,5217
7069,211375,5406
7070,211376,5407
7071,211475,212098
7072,211476,213449
7073,211572,379138
7074,211573,381230
7075,211660,544178
7076,211696,5404
7077,211697,5405
7078,211793,185496
7079,211794,185497
7080,211795,185498
7081,211895,379198
7082,211896,381228
7083,211897,381229
7084,211950,452805
7085,211967,489437
7086,212004,563395
7087,212005,563396
7088,212006,563397
7089,212007,563398
7090,212045,5403
7091,212137,185160
7092,212138,185493
7093,212139,185494
7094,212140,185495
7095,212218,381227
7096,212252,452803
7097,212253,452804
7098,212303,563391
7099,212304,563392
7100,212305,563393
7101,212306,563394
7102,212325,5402
7103,212388,185492
7104,212463,381223
7105,212464,381224
7106,212465,381225
7107,212466,381226
7108,212510,489436
7109,212531,563390
7110,212552,5215
7111,212553,5401
7112,212637,185491
7113,212740,452800
7114,212741,452801
7115,212742,452802
7116,212761,489432
7117,212762,489433
7118,212763,489434
7119,212764,489435
7120,212790,563389
7121,212813,5400
7122,212884,185489
7123,212885,185490
7124,212970,379197
7125,212971,379266
7126,213009,452799
7127,213024,489430
7128,213025,489431
7129,213057,563387
7130,213058,563388
7131,213086,5214
7132,213087,5398
7133,213088,5399
7134,213167,185107
7135,213168,185488
7136,213243,381222
7137,213275,450888
7138,213276,452797
7139,213277,452798
7140,213289,489429
7141,213314,559782
7142,213315,563385
7143,213316,563386
7144,213340,5397
7145,213541,381221
7146,213588,488370
7147,213589,489428
7148,213623,563382
7149,213624,563383
7150,213625,563384
7151,214109,396133
7152,214110,396134
7153,214371,394610
7154,214372,396131
7155,214373,396132
7156,214851,396129
7157,214852,396130
7158,215087,396128
7159,215355,394689
7160,215356,396126
7161,215357,396127
7162,215493,89129
7163,215494,90720
7164,215495,90721
7165,215668,437964
7166,215669,437965
7167,215670,437966
7168,215735,563366
7169,215736,563367
7170,215784,90718
7171,215785,90719
7172,215898,437961
7173,215899,437962
7174,215900,437963
7175,215963,563362
7176,215964,563363
7177,215965,563364
7178,215966,563365
7179,216016,90717
7180,216166,437954
7181,216167,437955
7182,216168,437956
7183,216169,437957
7184,216170,437958
7185,216171,437959
7186,216172,437960
7187,216220,563360
7188,216221,563361
7189,216269,90715
7190,216270,90716
7191,216386,437953
7192,216431,559129
7193,216432,563358
7194,216433,563359
7195,216488,88983
7196,216489,90713
7197,216490,90714
7198,216613,437952
7199,216647,563357
7200,216836,437950
7201,216837,437951
7202,216884,563356
7203,216940,90712
7204,217103,437948
7205,217104,437949
7206,217157,563353
7207,217158,563354
7208,217159,563355
7209,217220,87876
7210,217222,90710
7211,217223,90711
7212,217394,426762
7213,217513,87874
7214,217514,87875
7215,217641,426017
7216,217642,426760
7217,217643,426761
7218,217749,87871
7219,217750,87872
7220,217751,87873
7221,217752,89032
7222,217753,90708
7223,217754,90709
7224,217895,426758
7225,217896,426759
7226,218021,87870
7227,218024,90707
7228,218160,426757
7229,218255,90705
7230,218256,90706
7231,218458,87869
7232,218459,90704
7233,218685,87460
7234,218686,87867
7235,218687,87868
7236,218688,90702
7237,218689,90703
7238,218839,426754
7239,218840,426755
7240,218841,426756
7241,218976,101320
7242,218977,101321
7243,219101,376607
7244,219102,376608
7245,219103,376609
7246,219104,376610
7247,219149,465126
7248,219160,488369
7249,219189,569734
7250,219190,569735
7251,219193,581276
7252,219194,581277
7253,219195,581278
7254,219196,581279
7255,219236,101318
7256,219237,101319
7257,219305,264296
7258,219349,376604
7259,219350,376605
7260,219351,376606
7261,219388,465125
7262,219398,489407
7263,219399,489408
7264,219435,569733
7265,219487,101317
7266,219551,264295
7267,219638,465122
7268,219639,465123
7269,219640,465124
7270,219651,489406
7271,219683,581275
7272,219793,263291
7273,219794,264293
7274,219795,264294
7275,219825,376603
7276,219858,489403
7277,219859,489404
7278,219860,489405
7279,219891,569730
7280,219892,569731
7281,219893,569732
7282,219897,581273
7283,219898,581274
7284,219938,101313
7285,219939,101314
7286,219940,101315
7287,219941,101316
7288,220005,264292
7289,220047,376599
7290,220048,376600
7291,220049,376601
7292,220050,376602
7293,220087,489398
7294,220088,489399
7295,220089,489400
7296,220090,489401
7297,220091,489402
7298,220126,581272
7299,220181,100256
7300,220182,101310
7301,220183,101311
7302,220184,101312
7303,220245,263207
7304,220246,264291
7305,220288,376598
7306,220327,465121
7307,220335,489396
7308,220336,489397
7309,220365,569728
7310,220366,569729
7311,220372,581271
7312,220432,101309
7313,220512,264289
7314,220513,264290
7315,220555,376595
7316,220556,376596
7317,220557,376597
7318,220590,463362
7319,220591,463363
7320,220592,465118
7321,220593,465119
7322,220594,465120
7323,220606,489393
7324,220607,489394
7325,220608,489395
7326,220641,569726
7327,220642,569727
7328,220646,581270
7329,220664,17297
7330,220891,541731
7331,220892,541732
7332,220893,541733
7333,220894,541734
7334,220895,541735
7335,220896,541755
7336,220897,541756
7337,220898,541757
7338,221472,17295
7339,221473,17296
7340,221660,541754
7341,221686,16034
7342,221687,17294
7343,221918,17292
7344,221919,17293
7345,222186,17288
7346,222187,17289
7347,222188,17290
7348,222189,17291
7349,222491,541752
7350,222492,541753
7351,222572,109916
7352,222573,109917
7353,222586,159701
7354,222837,109913
7355,222838,109914
7356,222839,109915
7357,222855,159697
7358,222856,159698
7359,222857,159699
7360,222858,159700
7361,223085,109276
7362,223086,109912
7363,223352,159696
7364,223560,109910
7365,223561,109911
7366,223577,159695
7367,223812,159694
7368,224069,109265
7369,224070,109909
7370,224096,159692
7371,224097,159693
7372,224398,90673
7373,224399,90674
7374,224400,90675
7375,224401,90676
7376,224425,132993
7377,224426,134009
7378,224427,134010
7379,224555,381167
7380,224556,381168
7381,224565,396085
7382,224566,396086
7383,224593,452747
7384,224750,90671
7385,224751,90672
7386,224767,134007
7387,224768,134008
7388,224889,381164
7389,224890,381165
7390,224891,381166
7391,224900,396083
7392,224901,396084
7393,224924,452745
7394,224925,452746
7395,225039,90670
7396,225064,132967
7397,225065,134005
7398,225066,134006
7399,225172,379194
7400,225173,381161
7401,225174,381162
7402,225175,381163
7403,225219,452743
7404,225220,452744
7405,225335,90668
7406,225336,90669
7407,225352,134003
7408,225353,134004
7409,225469,381160
7410,225475,394686
7411,225590,90666
7412,225591,90667
7413,225691,381158
7414,225692,381159
7415,225700,396079
7416,225701,396080
7417,225702,396081
7418,225703,396082
7419,225723,452742
7420,225923,381154
7421,225924,381155
7422,225925,381156
7423,225926,381157
7424,225948,452738
7425,225949,452739
7426,225950,452740
7427,225951,452741
7428,226196,396078
7429,226227,450886
7430,226228,452737
7431,226498,465105
7432,226528,559775
7433,226529,563265
7434,226530,563266
7435,226531,563267
7436,226532,563268
7437,226533,563269
7438,226733,465104
7439,226775,563262
7440,226776,563263
7441,226777,563264
7442,227015,465100
7443,227016,465101
7444,227017,465102
7445,227018,465103
7446,227059,563261
7447,227318,563260
7448,227497,465097
7449,227498,465098
7450,227499,465099
7451,227533,563259
7452,227756,563258
7453,227968,465096
7454,228017,563255
7455,228018,563256
7456,228019,563257
7457,228254,452727
7458,228516,452723
7459,228517,452724
7460,228518,452725
7461,228519,452726
7462,228766,452722
7463,228983,451080
7464,228984,452720
7465,228985,452721
7466,229206,452718
7467,229207,452719
7468,229409,452716
7469,229410,452717
7470,229921,489353
7471,230136,324496
7472,230137,324497
7473,230212,488479
7474,230213,489352
7475,230416,324494
7476,230417,324495
7477,230485,489351
7478,230653,323599
7479,230654,324493
7480,230715,488344
7481,230716,489350
7482,230907,324492
7483,230949,489349
7484,231089,323564
7485,231090,324491
7486,231144,489347
7487,231145,489348
7488,231312,324490
7489,231391,489346
7490,231482,89249
7491,231532,213370
7492,231533,213371
7493,231551,247955
7494,231552,247956
7495,231553,247957
7496,231649,437797
7497,231650,437798
7498,231783,90637
7499,231851,212096
7500,231866,247954
7501,231938,437791
7502,231939,437792
7503,231940,437793
7504,231941,437794
7505,231942,437795
7506,231943,437796
7507,232070,90635
7508,232071,90636
7509,232124,212016
7510,232125,213368
7511,232126,213369
7512,232140,247952
7513,232141,247953
7514,232217,437789
7515,232218,437790
7516,232318,88981
7517,232319,90633
7518,232320,90634
7519,232378,213366
7520,232379,213367
7521,232392,247949
7522,232393,247950
7523,232394,247951
7524,232465,437784
7525,232466,437785
7526,232467,437786
7527,232468,437787
7528,232469,437788
7529,232621,213365
7530,232636,247948
7531,232709,437783
7532,232805,90632
7533,232850,213364
7534,232935,437782
7535,233028,90630
7536,233029,90631
7537,233074,213362
7538,233075,213363
7539,233172,437778
7540,233173,437779
7541,233174,437780
7542,233175,437781
7543,233316,156193
7544,233317,157089
7545,233318,157090
7546,233437,465082
7547,233438,465083
7548,233557,156192
7549,233558,157087
7550,233559,157088
7551,233719,465080
7552,233720,465081
7553,233868,156191
7554,233992,465077
7555,233993,465078
7556,233994,465079
7557,234029,563208
7558,234030,563209
7559,234031,563210
7560,234097,155934
7561,234098,157085
7562,234099,157086
7563,234235,465075
7564,234236,465076
7565,234266,563206
7566,234267,563207
7567,234462,465073
7568,234463,465074
7569,234503,563202
7570,234504,563203
7571,234505,563204
7572,234506,563205
7573,234578,155933
7574,234698,563198
7575,234699,563199
7576,234700,563200
7577,234701,563201
7578,234778,157083
7579,234779,157084
7580,234956,563196
7581,234957,563197
7582,235190,376524
7583,235191,381106
7584,235192,381107
7585,235193,381108
7586,235470,376522
7587,235471,376523
7588,235473,381103
7589,235474,381104
7590,235475,381105
7591,235760,376521
7592,235761,381101
7593,235762,381102
7594,235824,508202
7595,235825,508203
7596,235826,508204
7597,235827,508205
7598,235828,508206
7599,235829,508207
7600,235830,508208
7601,236028,376520
7602,236085,508192
7603,236086,508193
7604,236087,508194
7605,236088,508195
7606,236089,508196
7607,236090,508197
7608,236091,508198
7609,236092,508199
7610,236093,508200
7611,236094,508201
7612,236298,376517
7613,236299,376518
7614,236300,376519
7615,236301,379261
7616,236337,508191
7617,236529,376515
7618,236530,376516
7619,236531,381099
7620,236532,381100
7621,236588,507685
7622,236589,508186
7623,236590,508187
7624,236591,508188
7625,236592,508189
7626,236593,508190
7627,236769,376514
7628,236770,381097
7629,236771,381098
7630,236824,508180
7631,236825,508181
7632,236826,508182
7633,236827,508183
7634,236828,508184
7635,236829,508185
7636,236895,14000
7637,236896,14001
7638,236897,14002
7639,236898,14003
7640,236899,14004
7641,236900,14005
7642,237021,264252
7643,237058,331134
7644,237059,331618
7645,237060,331619
7646,237061,331620
7647,237062,331621
7648,237116,437739
7649,237158,507664
7650,237159,508177
7651,237160,508178
7652,237161,508179
7653,237192,548014
7654,237193,548054
7655,237194,548292
7656,237230,2314
7657,237231,2315
7658,237235,13624
7659,237236,13625
7660,237237,13641
7661,237238,13997
7662,237239,13998
7663,237240,13999
7664,237334,257256
7665,237335,257735
7666,237336,257736
7667,237337,257737
7668,237372,331616
7669,237373,331617
7670,237421,437737
7671,237422,437738
7672,237452,508173
7673,237453,508174
7674,237454,508175
7675,237455,508176
7676,237469,548053
7677,237470,548291
7678,237508,13623
7679,237509,13996
7680,237589,257733
7681,237590,257734
7682,237617,331615
7683,237674,434249
7684,237675,437735
7685,237676,437736
7686,237698,507684
7687,237699,508172
7688,237714,548052
7689,237715,548289
7690,237716,548290
7691,237746,877
7692,237747,2312
7693,237748,2313
7694,237752,13597
7695,237753,13993
7696,237754,13994
7697,237755,13995
7698,237855,264251
7699,237884,331614
7700,237917,437733
7701,237918,437734
7702,237943,507713
7703,237944,508168
7704,237945,508169
7705,237946,508170
7706,237947,508171
7707,237963,548051
7708,237964,548288
7709,237989,2308
7710,237990,2309
7711,237991,2310
7712,237992,2311
7713,237996,13991
7714,237997,13992
7715,238095,257730
7716,238096,257731
7717,238097,257732
7718,238100,264246
7719,238101,264247
7720,238102,264248
7721,238103,264249
7722,238104,264250
7723,238190,508163
7724,238191,508164
7725,238192,508165
7726,238193,508166
7727,238194,508167
7728,238232,2307
7729,238238,13595
7730,238239,13596
7731,238240,13989
7732,238241,13990
7733,238334,257728
7734,238335,257729
7735,238357,331613
7736,238398,437732
7737,238420,508162
7738,238465,13593
7739,238466,13594
7740,238467,13609
7741,238468,13622
7742,238469,13987
7743,238470,13988
7744,238597,257727
7745,238603,264242
7746,238604,264243
7747,238605,264244
7748,238606,264245
7749,238687,437730
7750,238688,437731
7751,238719,508159
7752,238720,508160
7753,238721,508161
7754,238740,548028
7755,238781,13592
7756,238782,13983
7757,238783,13984
7758,238784,13985
7759,238785,13986
7760,238824,89248
7761,238825,90587
7762,238826,90588
7763,238827,90589
7764,238828,90590
7765,238854,139400
7766,238855,140474
7767,238856,140475
7768,238857,140476
7769,238858,140477
7770,238871,159638
7771,238872,159639
7772,238873,159640
7773,238874,159641
7774,238932,257722
7775,238933,257723
7776,238934,257724
7777,238935,257725
7778,238936,257726
7779,239059,494611
7780,239060,494612
7781,239061,494613
7782,239070,507674
7783,239071,508157
7784,239072,508158
7785,239133,13591
7786,239134,13640
7787,239135,13980
7788,239136,13981
7789,239137,13982
7790,239178,90583
7791,239179,90584
7792,239180,90585
7793,239181,90586
7794,239221,158479
7795,239261,257721
7796,239387,489313
7797,239388,489314
7798,239389,489315
7799,239392,494607
7800,239393,494608
7801,239394,494609
7802,239395,494610
7803,239403,507683
7804,239404,508155
7805,239405,508156
7806,239461,13589
7807,239462,13590
7808,239463,13979
7809,239503,90581
7810,239504,90582
7811,239519,140473
7812,239658,488478
7813,239659,489311
7814,239660,489312
7815,239670,508153
7816,239671,508154
7817,239720,13977
7818,239721,13978
7819,239758,140472
7820,239766,159637
7821,239785,257719
7822,239786,257720
7823,239871,489309
7824,239872,489310
7825,239875,507663
7826,239876,507712
7827,239877,508150
7828,239878,508151
7829,239879,508152
7830,239934,13588
7831,239935,13639
7832,239936,13975
7833,239937,13976
7834,239968,90580
7835,239988,140471
7836,239999,158637
7837,240037,257718
7838,240125,489308
7839,240128,494605
7840,240129,494606
7841,240136,508148
7842,240137,508149
7843,240193,13972
7844,240194,13973
7845,240195,13974
7846,240250,159635
7847,240251,159636
7848,240376,489307
7849,240378,493657
7850,240385,508145
7851,240386,508146
7852,240387,508147
7853,240435,13971
7854,240474,90578
7855,240475,90579
7856,240498,140468
7857,240499,140469
7858,240500,140470
7859,240513,159633
7860,240514,159634
7861,240565,257717
7862,240663,488418
7863,240667,494604
7864,240671,507661
7865,240672,507662
7866,240673,508143
7867,240674,508144
7868,240762,90576
7869,240763,90577
7870,240834,224103
7871,240835,224104
7872,240836,224105
7873,240921,376497
7874,240922,376498
7875,240923,381073
7876,240924,381074
7877,240964,463784
7878,240965,465054
7879,240966,465055
7880,240994,508140
7881,240995,508141
7882,240996,508142
7883,241025,563141
7884,241026,563142
7885,241094,90573
7886,241095,90574
7887,241096,90575
7888,241214,376496
7889,241215,381071
7890,241216,381072
7891,241248,465053
7892,241265,508137
7893,241266,508138
7894,241267,508139
7895,241291,563138
7896,241292,563139
7897,241293,563140
7898,241427,223249
7899,241501,376492
7900,241502,376493
7901,241503,376494
7902,241504,376495
7903,241542,465052
7904,241564,508135
7905,241565,508136
7906,241579,563134
7907,241580,563135
7908,241581,563136
7909,241582,563137
7910,241677,224101
7911,241678,224102
7912,241731,376491
7913,241732,381068
7914,241733,381069
7915,241734,381070
7916,241772,465049
7917,241773,465050
7918,241774,465051
7919,241789,508133
7920,241790,508134
7921,241823,563129
7922,241824,563130
7923,241825,563131
7924,241826,563132
7925,241827,563133
7926,241874,89123
7927,241875,90572
7928,241916,224098
7929,241917,224099
7930,241918,224100
7931,241978,374605
7932,241979,376490
7933,242015,465048
7934,242030,508132
7935,242057,563128
7936,242101,90569
7937,242102,90570
7938,242103,90571
7939,242144,223248
7940,242189,376487
7941,242190,376488
7942,242191,376489
7943,242192,381066
7944,242193,381067
7945,242218,465047
7946,242233,508131
7947,242251,563127
7948,242371,224096
7949,242372,224097
7950,242453,374329
7951,242454,381064
7952,242455,381065
7953,242517,507660
7954,242546,563123
7955,242547,563124
7956,242548,563125
7957,242549,563126
7958,242573,13951
7959,242574,13952
7960,242575,13953
7961,242576,17219
7962,242577,17220
7963,242604,90568
7964,242651,213322
7965,242652,213323
7966,242653,213324
7967,242743,376484
7968,242744,376485
7969,242745,376486
7970,242778,452646
7971,242779,452647
7972,242780,452648
7973,242792,489296
7974,242793,489297
7975,242794,489298
7976,242864,13586
7977,242865,13587
7978,242866,13947
7979,242867,13948
7980,242868,13949
7981,242869,13950
7982,242871,17216
7983,242872,17217
7984,242873,17218
7985,242904,90565
7986,242905,90566
7987,242906,90567
7988,242945,213321
7989,243004,376483
7990,243031,452645
7991,243040,489294
7992,243041,489295
7993,243106,17215
7994,243187,213318
7995,243188,213319
7996,243189,213320
7997,243300,489293
7998,243356,13585
7999,243357,13946
8000,243361,17214
8001,243371,47938
8002,243372,47939
8003,243373,47959
8004,243374,47960
8005,243375,47961
8006,243376,48029
8007,243396,90562
8008,243397,90563
8009,243398,90564
8010,243454,212015
8011,243455,213317
8012,243538,376482
8013,243576,452644
8014,243584,489292
8015,243657,13944
8016,243658,13945
8017,243659,17213
8018,243672,47954
8019,243673,47955
8020,243674,47956
8021,243675,47957
8022,243676,47958
8023,243698,90560
8024,243699,90561
8025,243744,213316
8026,243815,376479
8027,243816,376480
8028,243817,376481
8029,243854,488326
8030,243855,489290
8031,243856,489291
8032,243916,16094
8033,243952,90559
8034,243993,213315
8035,244052,376478
8036,244084,450824
8037,244085,452643
8038,244163,17211
8039,244164,17212
8040,244184,47953
8041,244202,90556
8042,244203,90557
8043,244204,90558
8044,244258,212095
8045,244259,213312
8046,244260,213313
8047,244261,213314
8048,244340,376476
8049,244341,376477
8050,244371,451245
8051,244372,452639
8052,244373,452640
8053,244374,452641
8054,244375,452642
8055,244393,489288
8056,244394,489289
8057,246490,875
8058,246491,2284
8059,246492,2285
8060,246558,133949
8061,246659,315268
8062,246742,452630
8063,246743,452631
8064,246770,508100
8065,246771,508101
8066,246797,549460
8067,246798,549772
8068,246799,549773
8069,246800,549774
8070,246840,2283
8071,246921,132930
8072,246922,133948
8073,247014,315267
8074,247074,452627
8075,247075,452628
8076,247076,452629
8077,247096,507696
8078,247210,133042
8079,247290,314582
8080,247291,315266
8081,247347,451244
8082,247348,452626
8083,247371,508099
8084,247435,2282
8085,247502,133946
8086,247503,133947
8087,247569,315264
8088,247570,315265
8089,247635,451079
8090,247636,452625
8091,247654,507695
8092,247674,549770
8093,247675,549771
8094,247709,2281
8095,247781,132929
8096,247782,133945
8097,247864,315262
8098,247865,315263
8099,247930,452621
8100,247931,452622
8101,247932,452623
8102,247933,452624
8103,247957,508098
8104,248007,874
8105,248008,2280
8106,248057,133041
8107,248058,133944
8108,248127,315260
8109,248128,315261
8110,248181,450823
8111,248182,452620
8112,248201,508097
8113,248216,549459
8114,248217,549769
8115,248242,873
8116,248243,2278
8117,248244,2279
8118,248303,133943
8119,248466,452616
8120,248467,452617
8121,248468,452618
8122,248469,452619
8123,248503,507659
8124,248504,508095
8125,248505,508096
8126,248533,549458
8127,248534,549462
8128,248535,549768
8129,248578,13583
8130,248579,13918
8131,248580,13919
8132,248581,13920
8133,248582,13921
8134,248614,90528
8135,248615,90529
8136,248658,157060
8137,248659,157061
8138,248660,158636
8139,248661,159602
8140,248662,159603
8141,248663,159604
8142,248664,159605
8143,248665,159606
8144,248691,204434
8145,248692,204435
8146,248830,451243
8147,248888,549457
8148,248889,549764
8149,248890,549765
8150,248891,549766
8151,248892,549767
8152,248913,581201
8153,248914,581202
8154,248915,581203
8155,248939,13621
8156,248940,13917
8157,248943,17196
8158,248944,17197
8159,248990,90527
8160,249017,157059
8161,249018,159600
8162,249019,159601
8163,249036,204433
8164,249175,452613
8165,249176,452614
8166,249177,452615
8167,249224,549763
8168,249264,13916
8169,249267,17195
8170,249305,90526
8171,249349,155998
8172,249350,159599
8173,249370,204431
8174,249371,204432
8175,249480,452611
8176,249481,452612
8177,249533,549498
8178,249534,549760
8179,249535,549761
8180,249536,549762
8181,249555,581200
8182,249573,13582
8183,249574,13637
8184,249575,13915
8185,249576,17192
8186,249577,17193
8187,249578,17194
8188,249620,90525
8189,249649,159598
8190,249664,204428
8191,249665,204429
8192,249666,204430
8193,249785,452610
8194,249826,549497
8195,249827,549759
8196,249843,581197
8197,249844,581198
8198,249845,581199
8199,249867,13603
8200,249868,17190
8201,249869,17191
8202,249899,90522
8203,249900,90523
8204,249901,90524
8205,249918,157055
8206,249919,157056
8207,249920,157057
8208,249921,157058
8209,249922,158635
8210,249923,159596
8211,249924,159597
8212,249943,204427
8213,250041,450822
8214,250078,549758
8215,250097,581196
8216,250121,13581
8217,250122,13913
8218,250123,13914
8219,250125,17189
8220,250179,156184
8221,250180,159595
8222,250294,451078
8223,250353,581195
8224,250377,13912
8225,250381,17188
8226,250418,90520
8227,250419,90521
8228,250456,157054
8229,250457,159594
8230,250480,204426
8231,250615,450821
8232,250616,452609
8233,250663,549757
8234,250675,581193
8235,250676,581194
8236,250794,174403
8237,250970,508084
8238,250998,559767
8239,250999,563036
8240,251000,563037
8241,251001,563038
8242,251002,563039
8243,251003,563040
8244,251069,101182
8245,251070,101183
8246,251112,174402
8247,251290,563032
8248,251291,563033
8249,251292,563034
8250,251293,563035
8251,251352,101180
8252,251353,101181
8253,251377,174055
8254,251378,174071
8255,251379,174401
8256,251548,508080
8257,251549,508081
8258,251550,508082
8259,251551,508083
8260,251576,559766
8261,251577,563029
8262,251578,563030
8263,251579,563031
8264,251643,101178
8265,251644,101179
8266,251668,174070
8267,251669,174400
8268,251822,508079
8269,251843,563028
8270,251915,174068
8271,251916,174069
8272,251917,174399
8273,252090,563027
8274,252151,101175
8275,252152,101176
8276,252153,101177
8277,252308,508077
8278,252309,508078
8279,252324,559765
8280,252325,563024
8281,252326,563025
8282,252327,563026
8283,252397,101173
8284,252398,101174
8285,252432,174054
8286,252585,507694
8287,252586,508073
8288,252587,508074
8289,252588,508075
8290,252589,508076
8291,252621,563023
8292,252662,17172
8293,252663,17173
8294,252664,17174
8295,252665,17175
8296,252698,90509
8297,252699,90510
8298,252792,224069
8299,252793,224070
8300,252889,451242
8301,252890,452597
8302,252916,489262
8303,253049,90508
8304,253095,224066
8305,253096,224067
8306,253097,224068
8307,253195,452596
8308,253212,489259
8309,253213,489260
8310,253214,489261
8311,253270,17170
8312,253271,17171
8313,253312,90506
8314,253313,90507
8315,253372,224065
8316,253481,452595
8317,253494,489258
8318,253583,89121
8319,253584,90503
8320,253585,90504
8321,253586,90505
8322,253728,451241
8323,253729,452594
8324,253738,489257
8325,253809,17168
8326,253810,17169
8327,253883,224063
8328,253884,224064
8329,253974,452592
8330,253975,452593
8331,254148,224061
8332,254149,224062
8333,254277,489256
8334,254338,17166
8335,254339,17167
8336,254379,90501
8337,254380,90502
8338,254458,224060
8339,254573,452589
8340,254574,452590
8341,254575,452591
8342,254592,489253
8343,254593,489254
8344,254594,489255
8345,254665,13898
8346,254666,13899
8347,254760,130963
8348,254761,130964
8349,254842,284356
8350,254843,284357
8351,254985,563000
8352,254986,563001
8353,254987,563002
8354,254988,563003
8355,254989,563004
8356,254990,563005
8357,255153,283652
8358,255272,562998
8359,255273,562999
8360,255276,569655
8361,255277,569656
8362,255307,13897
8363,255448,284354
8364,255449,284355
8365,255596,559763
8366,255597,562994
8367,255598,562995
8368,255599,562996
8369,255600,562997
8370,255603,569209
8371,255604,569654
8372,255630,13893
8373,255631,13894
8374,255632,13895
8375,255633,13896
8376,255682,130959
8377,255683,130960
8378,255684,130961
8379,255685,130962
8380,255753,284351
8381,255754,284352
8382,255755,284353
8383,255887,562993
8384,255894,569227
8385,255895,569652
8386,255896,569653
8387,255980,130958
8388,256049,284350
8389,256179,562992
8390,256180,569651
8391,256206,13578
8392,256207,13891
8393,256208,13892
8394,256245,130956
8395,256246,130957
8396,256299,284349
8397,256412,562991
8398,256419,569242
8399,256420,569650
8400,256509,130954
8401,256510,130955
8402,256597,284348
8403,256753,562990
8404,256778,2253
8405,256996,376422
8406,256997,376423
8407,256998,380970
8408,256999,380971
8409,257000,380972
8410,257001,380973
8411,257002,380974
8412,257040,437561
8413,257047,463358
8414,257099,572061
8415,257119,606240
8416,257120,606241
8417,257285,376418
8418,257286,376419
8419,257287,376420
8420,257288,376421
8421,257289,380969
8422,257316,437559
8423,257317,437560
8424,257326,465005
8425,257370,572060
8426,257389,605630
8427,257390,606238
8428,257391,606239
8429,257394,2249
8430,257395,2250
8431,257396,2251
8432,257397,2252
8433,257611,376417
8434,257613,380968
8435,257640,437557
8436,257641,437558
8437,257656,465002
8438,257657,465003
8439,257658,465004
8440,257716,572058
8441,257717,572059
8442,257729,606237
8443,257899,376415
8444,257900,376416
8445,257901,380963
8446,257902,380964
8447,257903,380965
8448,257904,380966
8449,257905,380967
8450,257925,437556
8451,257970,572056
8452,257971,572057
8453,257988,2248
8454,258140,374600
8455,258141,376414
8456,258160,437554
8457,258161,437555
8458,258167,465001
8459,258216,572055
8460,258232,606236
8461,258234,2245
8462,258235,2246
8463,258236,2247
8464,258408,437552
8465,258409,437553
8466,258415,463782
8467,258416,464998
8468,258417,464999
8469,258418,465000
8470,258484,572053
8471,258485,572054
8472,258508,606235
8473,258512,2243
8474,258513,2244
8475,258745,434244
8476,258746,437547
8477,258747,437548
8478,258748,437549
8479,258749,437550
8480,258750,437551
8481,258756,464996
8482,258757,464997
8483,258805,572052
8484,258827,605629
8485,258828,606233
8486,258829,606234
8487,258833,1077
8488,258834,2241
8489,258835,2242
8490,259039,363133
8491,259040,363134
8492,259044,374599
8493,259081,464993
8494,259082,464994
8495,259083,464995
8496,259132,559762
8497,259133,562975
8498,259134,562976
8499,259153,2240
8500,259242,204399
8501,259243,204400
8502,259244,204401
8503,259245,204402
8504,259328,363132
8505,259332,376411
8506,259333,376412
8507,259334,376413
8508,259376,464991
8509,259377,464992
8510,259423,562973
8511,259424,562974
8512,259456,2238
8513,259457,2239
8514,259547,204397
8515,259548,204398
8516,259604,363130
8517,259605,363131
8518,259609,376410
8519,259653,464990
8520,259701,562970
8521,259702,562971
8522,259703,562972
8523,259726,2236
8524,259727,2237
8525,259883,376408
8526,259884,376409
8527,259913,464988
8528,259914,464989
8529,260118,363127
8530,260119,363128
8531,260120,363129
8532,260123,376407
8533,260190,562969
8534,260206,2235
8535,260271,203320
8536,260272,204396
8537,260327,363125
8538,260328,363126
8539,260332,376406
8540,260372,464985
8541,260373,464986
8542,260374,464987
8543,260422,1175
8544,260423,2234
8545,260518,203356
8546,260519,204395
8547,260592,363124
8548,260595,376405
8549,260629,464981
8550,260630,464982
8551,260631,464983
8552,260632,464984
8553,260672,562966
8554,260673,562967
8555,260674,562968
8556,260736,84675
8557,260737,84676
8558,260894,402420
8559,260984,572045
8560,261043,84674
8561,261210,402389
8562,261211,402418
8563,261212,402419
8564,261381,84206
8565,261382,84207
8566,261573,572041
8567,261574,572042
8568,261575,572043
8569,261576,572044
8570,261617,84669
8571,261618,84670
8572,261619,84671
8573,261620,84672
8574,261621,84673
8575,261755,402388
8576,261756,402403
8577,261823,572039
8578,261824,572040
8579,261876,84666
8580,261877,84667
8581,261878,84668
8582,262013,402417
8583,262091,572037
8584,262092,572038
8585,262136,84663
8586,262137,84664
8587,262138,84665
8588,262279,402412
8589,262280,402413
8590,262281,402414
8591,262282,402415
8592,262283,402416
8593,262368,572035
8594,262369,572036
8595,262644,572034
8596,262720,109836
8597,262721,109837
8598,262733,139488
8599,262734,140404
8600,262743,157028
8601,262744,157029
8602,262880,452555
8603,262886,464964
8604,262887,464965
8605,262888,464966
8606,262889,464967
8607,262902,494547
8608,262903,494548
8609,262950,572032
8610,262951,572033
8611,263024,109835
8612,263042,157027
8613,263100,274744
8614,263101,274745
8615,263102,274746
8616,263173,452554
8617,263176,463357
8618,263177,464962
8619,263178,464963
8620,263191,494543
8621,263192,494544
8622,263193,494545
8623,263194,494546
8624,263227,571407
8625,263292,109833
8626,263293,109834
8627,263312,156181
8628,263368,274743
8629,263447,452553
8630,263450,464961
8631,263493,572030
8632,263494,572031
8633,263558,109831
8634,263559,109832
8635,263576,139347
8636,263577,140403
8637,263583,155994
8638,263584,157026
8639,263619,274457
8640,263620,274740
8641,263621,274741
8642,263622,274742
8643,263695,452552
8644,263699,464960
8645,263713,494542
8646,263749,572029
8647,263808,156180
8648,263809,157024
8649,263810,157025
8650,263919,452549
8651,263920,452550
8652,263921,452551
8653,263936,493654
8654,263937,494541
8655,263967,572028
8656,264019,109830
8657,264034,140399
8658,264035,140400
8659,264036,140401
8660,264037,140402
8661,264041,157023
8662,264089,274456
8663,264090,274739
8664,264160,452546
8665,264161,452547
8666,264162,452548
8667,264167,464959
8668,264207,572024
8669,264208,572025
8670,264209,572026
8671,264210,572027
8672,264278,109828
8673,264279,109829
8674,264289,140395
8675,264290,140396
8676,264291,140397
8677,264292,140398
8678,264349,274738
8679,264443,452544
8680,264444,452545
8681,264449,464958
8682,264461,494540
8683,264703,323730
8684,264704,324433
8685,264725,380929
8686,264726,380930
8687,264727,380931
8688,264745,434494
8689,264746,437493
8690,264747,437494
8691,264748,437495
8692,264749,437496
8693,264750,437497
8694,264751,437498
8695,264841,17136
8696,264842,17137
8697,264947,274455
8698,264948,274737
8699,264971,324431
8700,264972,324432
8701,265001,380927
8702,265002,380928
8703,265030,437492
8704,265100,17135
8705,265212,274454
8706,265213,274735
8707,265214,274736
8708,265254,380926
8709,265280,437489
8710,265281,437490
8711,265282,437491
8712,265367,17133
8713,265368,17134
8714,265460,274733
8715,265461,274734
8716,265477,324429
8717,265478,324430
8718,265497,380925
8719,265521,437488
8720,265586,17132
8721,265666,274732
8722,265674,324427
8723,265675,324428
8724,265698,380923
8725,265699,380924
8726,265768,15992
8727,265769,16093
8728,265770,17131
8729,265881,324425
8730,265882,324426
8731,265902,379189
8732,265920,437486
8733,265921,437487
8734,266005,17130
8735,266131,274730
8736,266132,274731
8737,266155,323560
8738,266175,380920
8739,266176,380921
8740,266177,380922
8741,266198,434493
8742,266199,437480
8743,266200,437481
8744,266201,437482
8745,266202,437483
8746,266203,437484
8747,266204,437485
8748,266342,100305
8749,266343,101132
8750,266493,450819
8751,266494,452536
8752,266495,452537
8753,266496,452538
8754,266497,452539
8755,266610,100304
8756,266611,101131
8757,266754,452534
8758,266755,452535
8759,266882,101129
8760,266883,101130
8761,267093,452533
8762,267097,461231
8763,267098,461232
8764,267346,461229
8765,267347,461230
8766,267455,101126
8767,267456,101127
8768,267457,101128
8769,267603,452532
8770,267607,460318
8771,267608,461228
8772,267699,101124
8773,267700,101125
8774,267854,452529
8775,267855,452530
8776,267856,452531
8777,267862,461223
8778,267863,461224
8779,267864,461225
8780,267865,461226
8781,267866,461227
8782,267977,101123
8783,268139,452528
8784,268145,461219
8785,268146,461220
8786,268147,461221
8787,268148,461222
8788,268269,90439
8789,268270,90440
8790,268335,247888
8791,268422,437452
8792,268423,437453
8793,268424,437454
8794,268433,463781
8795,268434,464947
8796,268554,84633
8797,268555,84634
8798,268557,90437
8799,268558,90438
8800,268637,247236
8801,268638,247886
8802,268639,247887
8803,268717,376365
8804,268718,376366
8805,268719,376367
8806,268720,376368
8807,268749,437451
8808,268758,464945
8809,268759,464946
8810,268864,84201
8811,268865,84631
8812,268866,84632
8813,268873,90435
8814,268874,90436
8815,268997,376364
8816,269018,437449
8817,269019,437450
8818,269032,464944
8819,269140,84165
8820,269141,84200
8821,269143,90434
8822,269206,247885
8823,269285,464943
8824,269377,90433
8825,269436,247883
8826,269437,247884
8827,269504,434029
8828,269505,437448
8829,269514,464939
8830,269515,464940
8831,269516,464941
8832,269517,464942
8833,269604,84199
8834,269605,84628
8835,269606,84629
8836,269607,84630
8837,269609,90431
8838,269610,90432
8839,269693,247882
8840,269754,376359
8841,269755,376360
8842,269756,376361
8843,269757,376362
8844,269758,376363
8845,269773,437446
8846,269774,437447
8847,269880,84626
8848,269881,84627
8849,269884,90427
8850,269885,90428
8851,269886,90429
8852,269887,90430
8853,269963,247204
8854,269964,247881
8855,270033,376358
8856,270076,464938
8857,270152,17119
8858,270327,380902
8859,270332,395902
8860,270333,395903
8861,270353,434241
8862,270354,437442
8863,270355,437443
8864,270356,437444
8865,270357,437445
8866,270416,562894
8867,270417,562895
8868,270418,562896
8869,270445,17115
8870,270446,17116
8871,270447,17117
8872,270448,17118
8873,270514,133888
8874,270515,133889
8875,270516,133890
8876,270625,380899
8877,270626,380900
8878,270627,380901
8879,270631,395899
8880,270632,395900
8881,270633,395901
8882,270705,562890
8883,270706,562891
8884,270707,562892
8885,270708,562893
8886,270735,17112
8887,270736,17113
8888,270737,17114
8889,270797,133883
8890,270798,133884
8891,270799,133885
8892,270800,133886
8893,270801,133887
8894,270923,380898
8895,270932,395897
8896,270933,395898
8897,270948,437437
8898,270949,437438
8899,270950,437439
8900,270951,437440
8901,270952,437441
8902,271005,562888
8903,271006,562889
8904,271188,380896
8905,271189,380897
8906,271215,437436
8907,271280,562882
8908,271281,562883
8909,271282,562884
8910,271283,562885
8911,271284,562886
8912,271285,562887
8913,271310,17111
8914,271458,379187
8915,271459,380895
8916,271466,395896
8917,271482,437430
8918,271483,437431
8919,271484,437432
8920,271485,437433
8921,271486,437434
8922,271487,437435
8923,271528,562880
8924,271529,562881
8925,271549,17108
8926,271550,17109
8927,271551,17110
8928,271698,380894
8929,271707,394607
8930,271708,395895
8931,271726,437429
8932,271809,17107
8933,271860,133881
8934,271861,133882
8935,271984,380893
8936,272008,437427
8937,272009,437428
8938,272065,562878
8939,272066,562879
8940,272112,42560
8941,272173,175134
8942,272174,175135
8943,272188,204370
8944,272189,204371
8945,272251,343738
8946,272252,344583
8947,272270,376347
8948,272271,376348
8949,272273,379186
8950,272274,380889
8951,272275,380890
8952,272276,380891
8953,272277,380892
8954,272312,452514
8955,272398,605590
8956,272399,606197
8957,272420,42559
8958,272493,175132
8959,272494,175133
8960,272579,344581
8961,272580,344582
8962,272591,374323
8963,272592,374597
8964,272593,380887
8965,272594,380888
8966,272621,452512
8967,272622,452513
8968,272664,562872
8969,272665,562873
8970,272666,562874
8971,272667,562875
8972,272668,562876
8973,272669,562877
8974,272688,606195
8975,272689,606196
8976,272707,42558
8977,272773,175130
8978,272774,175131
8979,272786,204369
8980,272865,376345
8981,272866,376346
8982,272867,379185
8983,272868,380886
8984,272906,450817
8985,272907,452511
8986,272943,559753
8987,272964,606194
8988,272987,42557
8989,273040,175129
8990,273054,204367
8991,273055,204368
8992,273116,344579
8993,273117,344580
8994,273125,380883
8995,273126,380884
8996,273127,380885
8997,273158,452510
8998,273209,562871
8999,273227,606193
9000,273242,42554
9001,273243,42555
9002,273244,42556
9003,273314,204365
9004,273315,204366
9005,273425,452509
9006,273464,559752
9007,273465,562866
9008,273466,562867
9009,273467,562868
9010,273468,562869
9011,273469,562870
9012,273483,606192
9013,273505,42214
9014,273564,175128
9015,273578,204364
9016,273649,344577
9017,273650,344578
9018,273660,376342
9019,273661,376343
9020,273662,376344
9021,273663,380880
9022,273664,380881
9023,273665,380882
9024,273691,450816
9025,273692,450881
9026,273693,452507
9027,273694,452508
9028,273738,562862
9029,273739,562863
9030,273740,562864
9031,273741,562865
9032,273765,606189
9033,273766,606190
9034,273767,606191
9035,273789,42552
9036,273790,42553
9037,273862,175126
9038,273863,175127
9039,273878,204362
9040,273879,204363
9041,273950,344575
9042,273951,344576
9043,273965,374596
9044,273966,376341
9045,273967,380878
9046,273968,380879
9047,274068,562859
9048,274069,562860
9049,274070,562861
9050,274214,213195
9051,274291,376340
9052,274331,452506
9053,274587,374595
9054,274626,452504
9055,274627,452505
9056,274787,213194
9057,274869,374322
9058,274870,376339
9059,274906,451076
9060,274907,451077
9061,275132,452501
9062,275133,452502
9063,275134,452503
9064,275267,213191
9065,275268,213192
9066,275269,213193
9067,275331,374594
9068,275332,376337
9069,275333,376338
9070,275352,452500
9071,275480,213187
9072,275481,213188
9073,275482,213189
9074,275483,213190
9075,275537,376336
9076,275695,213182
9077,275696,213183
9078,275697,213184
9079,275698,213185
9080,275699,213186
9081,275751,376334
9082,275752,376335
9083,275769,451239
9084,275770,452499
9085,275871,167041
9086,275872,167042
9087,275873,167043
9088,275874,167044
9089,276264,167040
9090,276445,167039
9091,276637,166778
9092,277115,167035
9093,277116,167036
9094,277117,167037
9095,277118,167038
9096,277468,380854
9097,277469,380855
9098,277470,380856
9099,277501,437384
9100,277505,451075
9101,277506,452487
9102,277507,452488
9103,277685,380853
9104,277703,437382
9105,277704,437383
9106,277707,452486
9107,277866,380850
9108,277867,380851
9109,277868,380852
9110,277890,437380
9111,277891,437381
9112,277894,452483
9113,277895,452484
9114,277896,452485
9115,278056,379257
9116,278071,437379
9117,278077,452481
9118,278078,452482
9119,278236,437378
9120,278441,437377
9121,278445,452479
9122,278446,452480
9123,278708,380848
9124,278709,380849
9125,278733,437371
9126,278734,437372
9127,278735,437373
9128,278736,437374
9129,278737,437375
9130,278738,437376
9131,278741,452476
9132,278742,452477
9133,278743,452478
9134,278826,17086
9135,278827,17087
9136,278869,90387
9137,278892,140350
9138,279047,471468
9139,279048,471671
9140,279049,471672
9141,279059,501838
9142,279060,501839
9143,279124,17085
9144,279156,90385
9145,279157,90386
9146,279180,140348
9147,279181,140349
9148,279295,471670
9149,279306,501837
9150,279386,90384
9151,279415,140344
9152,279416,140345
9153,279417,140346
9154,279418,140347
9155,279562,471667
9156,279563,471668
9157,279564,471669
9158,279576,501835
9159,279577,501836
9160,279626,17083
9161,279627,17084
9162,279650,90383
9163,279795,471478
9164,279796,471665
9165,279797,471666
9166,279810,501834
9167,279868,17082
9168,279896,90380
9169,279897,90381
9170,279898,90382
9171,280045,471664
9172,280060,501833
9173,280115,17081
9174,280130,90379
9175,280150,140342
9176,280151,140343
9177,280315,501831
9178,280316,501832
9179,280368,17077
9180,280369,17078
9181,280370,17079
9182,280371,17080
9183,280412,90376
9184,280413,90377
9185,280414,90378
9186,280438,139344
9187,280439,140341
9188,280625,471663
9189,280639,501830
9190,280750,90374
9191,280751,90375
9192,280780,133856
9193,280953,458054
9194,280954,458055
9195,281002,562792
9196,281019,606168
9197,281020,606169
9198,281021,606170
9199,281060,90373
9200,281079,133036
9201,281203,458053
9202,281238,562790
9203,281239,562791
9204,281257,606167
9205,281294,89238
9206,281307,133854
9207,281308,133855
9208,281414,457532
9209,281415,458052
9210,281449,559746
9211,281450,562788
9212,281451,562789
9213,281467,605675
9214,281468,606165
9215,281469,606166
9216,281485,90372
9217,281496,132965
9218,281497,133853
9219,281577,562787
9220,281614,90369
9221,281615,90370
9222,281616,90371
9223,281745,562786
9224,281760,606164
9225,281813,133850
9226,281814,133851
9227,281815,133852
9228,281968,457570
9229,281969,458050
9230,281970,458051
9231,282017,562784
9232,282018,562785
9233,282037,606162
9234,282038,606163
9235,282075,90365
9236,282076,90366
9237,282077,90367
9238,282078,90368
9239,282090,133849
9240,282258,457480
9241,282259,458049
9242,282324,606161
9243,282370,130889
9244,282379,156172
9245,282390,189582
9246,282391,189583
9247,282392,189584
9248,282653,130146
9249,282654,130888
9250,282663,156171
9251,282881,156982
9252,282882,156983
9253,282883,156984
9254,283116,130182
9255,283117,130886
9256,283118,130887
9257,283134,188249
9258,283135,189581
9259,283339,130884
9260,283340,130885
9261,283349,156981
9262,283357,189578
9263,283358,189579
9264,283359,189580
9265,283586,130881
9266,283587,130882
9267,283588,130883
9268,283605,156979
9269,283606,156980
9270,283620,189576
9271,283621,189577
9272,283926,155992
9273,283927,156170
9274,284274,147664
9275,284275,147665
9276,284276,147666
9277,284710,541879
9278,284711,541880
9279,284712,542074
9280,284713,542075
9281,284714,542076
9282,284715,542077
9283,284815,146677
9284,284816,146678
9285,284989,542073
9286,285080,147663
9287,285305,147660
9288,285306,147661
9289,285307,147662
9290,285474,542072
9291,285563,146634
9292,285718,542071
9293,285815,146676
9294,285816,147657
9295,285817,147658
9296,285818,147659
9297,286004,541853
9298,286201,380794
9299,286229,437287
9300,286230,437288
9301,286231,437289
9302,286288,562746
9303,286289,562747
9304,286290,562748
9305,286468,380791
9306,286469,380792
9307,286470,380793
9308,286504,437283
9309,286505,437284
9310,286506,437285
9311,286507,437286
9312,286555,559426
9313,286556,562745
9314,286736,380790
9315,286755,437281
9316,286756,437282
9317,286808,562741
9318,286809,562742
9319,286810,562743
9320,286811,562744
9321,287008,380789
9322,287032,437280
9323,287092,562739
9324,287093,562740
9325,287247,379183
9326,287248,380788
9327,287268,433945
9328,287269,437278
9329,287270,437279
9330,287307,562737
9331,287308,562738
9332,287477,379136
9333,287543,562735
9334,287544,562736
9335,287740,380784
9336,287741,380785
9337,287742,380786
9338,287743,380787
9339,287780,437276
9340,287781,437277
9341,287833,562734
9342,288053,437274
9343,288054,437275
9344,288128,562730
9345,288129,562731
9346,288130,562732
9347,288131,562733
9348,288168,89237
9349,288169,90337
9350,288170,90338
9351,288314,437271
9352,288315,437272
9353,288316,437273
9354,288361,562727
9355,288362,562728
9356,288363,562729
9357,288418,90336
9358,288547,437266
9359,288548,437267
9360,288549,437268
9361,288550,437269
9362,288551,437270
9363,288595,562725
9364,288596,562726
9365,288635,90332
9366,288636,90333
9367,288637,90334
9368,288638,90335
9369,288767,437262
9370,288768,437263
9371,288769,437264
9372,288770,437265
9373,288807,562724
9374,288857,90330
9375,288858,90331
9376,289211,434027
9377,289212,437259
9378,289213,437260
9379,289214,437261
9380,289261,559744
9381,289262,562723
9382,289324,90328
9383,289325,90329
9384,289447,437258
9385,289486,562721
9386,289487,562722
9387,289501,17043
9388,289502,17044
9389,289503,17045
9390,289547,176579
9391,289548,176580
9392,289549,176581
9393,289625,363069
9394,289626,363070
9395,289627,363071
9396,289630,380775
9397,289631,380776
9398,289700,16031
9399,289701,17040
9400,289702,17041
9401,289703,17042
9402,289744,176577
9403,289745,176578
9404,289802,363065
9405,289803,363066
9406,289804,363067
9407,289805,363068
9408,289808,380771
9409,289809,380772
9410,289810,380773
9411,289811,380774
9412,289869,17037
9413,289870,17038
9414,289871,17039
9415,289938,176575
9416,289939,176576
9417,290021,380770
9418,290129,17036
9419,290207,176574
9420,290309,380767
9421,290310,380768
9422,290311,380769
9423,290420,17034
9424,290421,17035
9425,290500,176573
9426,290587,363063
9427,290588,363064
9428,290594,380765
9429,290595,380766
9430,290710,17032
9431,290711,17033
9432,290878,363062
9433,290886,380764
9434,291059,176572
9435,291161,380758
9436,291162,380759
9437,291163,380760
9438,291164,380761
9439,291165,380762
9440,291166,380763
9441,291331,90324
9442,291341,125128
9443,291348,140303
9444,291349,140304
9445,291383,213118
9446,291390,223947
9447,291391,223948
9448,291397,243372
9449,291398,243405
9450,291399,243691
9451,291429,318417
9452,291452,380756
9453,291453,380757
9454,291503,501804
9455,291538,562703
9456,291539,562704
9457,291544,569582
9458,291545,569583
9459,291546,570837
9460,291596,90323
9461,291611,125124
9462,291612,125125
9463,291613,125126
9464,291614,125127
9465,291616,130864
9466,291620,140302
9467,291647,211906
9468,291648,213116
9469,291649,213117
9470,291653,223945
9471,291654,223946
9472,291690,318415
9473,291691,318416
9474,291722,380753
9475,291723,380754
9476,291724,380755
9477,291746,422942
9478,291747,422943
9479,291748,422944
9480,291750,426632
9481,291751,426633
9482,291752,426634
9483,291764,461160
9484,291765,461161
9485,291785,501802
9486,291786,501803
9487,291813,562702
9488,291815,569581
9489,291816,570834
9490,291817,570835
9491,291818,570836
9492,291906,125122
9493,291907,125123
9494,291911,130863
9495,291916,140300
9496,291917,140301
9497,291919,147630
9498,291920,147631
9499,291964,212092
9500,291965,213112
9501,291966,213113
9502,291967,213114
9503,291968,213115
9504,291978,223942
9505,291979,223943
9506,291980,223944
9507,291998,243690
9508,291999,244704
9509,292000,244705
9510,292041,318413
9511,292042,318414
9512,292075,380749
9513,292076,380750
9514,292077,380751
9515,292078,380752
9516,292104,422940
9517,292105,422941
9518,292110,426631
9519,292195,562699
9520,292196,562700
9521,292197,562701
9522,292202,569580
9523,292203,570833
9524,292283,89236
9525,292284,90321
9526,292285,90322
9527,292314,125121
9528,292319,130862
9529,292324,140298
9530,292325,140299
9531,292330,147627
9532,292331,147628
9533,292332,147629
9534,292373,213110
9535,292374,213111
9536,292383,223941
9537,292391,243371
9538,292392,243689
9539,292440,318411
9540,292441,318412
9541,292475,379135
9542,292476,380744
9543,292477,380745
9544,292478,380746
9545,292479,380747
9546,292480,380748
9547,292509,422939
9548,292510,425946
9549,292511,426627
9550,292512,426628
9551,292513,426629
9552,292514,426630
9553,292534,461159
9554,292557,501797
9555,292558,501798
9556,292559,501799
9557,292560,501800
9558,292561,501801
9559,292605,559743
9560,292606,562697
9561,292607,562698
9562,292610,569579
9563,292611,570831
9564,292612,570832
9565,292680,90318
9566,292681,90319
9567,292682,90320
9568,292699,130861
9569,292702,140297
9570,292705,147624
9571,292706,147625
9572,292707,147626
9573,292741,213108
9574,292742,213109
9575,292748,223939
9576,292749,223940
9577,292796,318406
9578,292797,318407
9579,292798,318408
9580,292799,318409
9581,292800,318410
9582,292830,380743
9583,292872,461155
9584,292873,461156
9585,292874,461157
9586,292875,461158
9587,292905,501796
9588,292942,562690
9589,292943,562691
9590,292944,562692
9591,292945,562693
9592,292946,562694
9593,292947,562695
9594,292948,562696
9595,292950,569578
9596,293009,90315
9597,293010,90316
9598,293011,90317
9599,293035,130858
9600,293036,130859
9601,293037,130860
9602,293044,139482
9603,293045,140296
9604,293047,147623
9605,293079,213104
9606,293080,213105
9607,293081,213106
9608,293082,213107
9609,293088,223172
9610,293089,223937
9611,293090,223938
9612,293102,244703
9613,293151,317511
9614,293152,318405
9615,293185,380741
9616,293186,380742
9617,293201,422936
9618,293202,422937
9619,293203,422938
9620,293207,426626
9621,293223,461153
9622,293224,461154
9623,293245,501795
9624,293285,562689
9625,293291,569576
9626,293292,569577
9627,293293,570468
9628,293294,570830
9629,293367,88977
9630,293399,125119
9631,293400,125120
9632,293403,130181
9633,293404,130856
9634,293405,130857
9635,293413,140294
9636,293414,140295
9637,293420,147621
9638,293421,147622
9639,293476,213102
9640,293477,213103
9641,293484,223936
9642,293498,244701
9643,293499,244702
9644,293543,318401
9645,293544,318402
9646,293545,318403
9647,293546,318404
9648,293615,422934
9649,293616,422935
9650,293636,461151
9651,293637,461152
9652,293701,562685
9653,293702,562686
9654,293703,562687
9655,293704,562688
9656,293708,569240
9657,293709,569575
9658,293711,570467
9659,293796,90314
9660,293824,124773
9661,293825,125117
9662,293826,125118
9663,293833,133823
9664,293834,133824
9665,293838,139481
9666,293839,140293
9667,293843,147619
9668,293844,147620
9669,293885,213098
9670,293886,213099
9671,293887,213100
9672,293888,213101
9673,294004,395851
9674,294035,434025
9675,294036,434026
9676,294037,434237
9677,294038,437208
9678,294039,437209
9679,294040,437210
9680,294041,437211
9681,294042,437212
9682,294049,452426
9683,294050,452427
9684,294052,464871
9685,294053,464872
9686,294060,477578
9687,294061,477579
9688,294062,477580
9689,294106,559425
9690,294107,562681
9691,294108,562682
9692,294109,562683
9693,294110,562684
9694,294193,90310
9695,294194,90311
9696,294195,90312
9697,294196,90313
9698,294213,124771
9699,294214,124772
9700,294215,125116
9701,294221,133821
9702,294222,133822
9703,294224,140292
9704,294226,147616
9705,294227,147617
9706,294228,147618
9707,294273,212091
9708,294370,395850
9709,294380,434024
9710,294381,437205
9711,294382,437206
9712,294383,437207
9713,294391,452424
9714,294392,452425
9715,294405,477577
9716,294450,562678
9717,294451,562679
9718,294452,562680
9719,294542,124730
9720,294548,133819
9721,294549,133820
9722,294552,140291
9723,294555,147614
9724,294556,147615
9725,294588,213096
9726,294589,213097
9727,294680,395848
9728,294681,395849
9729,294699,434482
9730,294700,437201
9731,294701,437202
9732,294702,437203
9733,294703,437204
9734,294710,452423
9735,294718,464870
9736,294723,476699
9737,294755,559742
9738,294756,562677
9739,294818,90309
9740,294840,124717
9741,294846,133033
9742,294847,140287
9743,294848,140288
9744,294849,140289
9745,294850,140290
9746,294879,213095
9747,294972,395845
9748,294973,395846
9749,294974,395847
9750,294994,437199
9751,294995,437200
9752,295000,450946
9753,295003,464869
9754,295057,562676
9755,295127,90306
9756,295128,90307
9757,295129,90308
9758,295151,133818
9759,295155,140285
9760,295156,140286
9761,295180,213092
9762,295181,213093
9763,295182,213094
9764,295260,394605
9765,295261,395844
9766,295276,437196
9767,295277,437197
9768,295278,437198
9769,295281,450878
9770,295282,452422
9771,295286,464867
9772,295287,464868
9773,295404,90304
9774,295405,90305
9775,295428,125115
9776,295435,133815
9777,295436,133816
9778,295437,133817
9779,295439,140284
9780,295499,213091
9781,295606,434236
9782,295607,437194
9783,295608,437195
9784,295612,450877
9785,295613,452421
9786,295618,464865
9787,295619,464866
9788,295623,477576
9789,295678,559741
9790,295679,562674
9791,295680,562675
9792,295767,90303
9793,295789,125114
9794,295792,133813
9795,295793,133814
9796,295797,147610
9797,295798,147611
9798,295799,147612
9799,295800,147613
9800,295826,212013
9801,295963,395843
9802,295991,437188
9803,295992,437189
9804,295993,437190
9805,295994,437191
9806,295995,437192
9807,295996,437193
9808,296003,452419
9809,296004,452420
9810,296009,464862
9811,296010,464863
9812,296011,464864
9813,296017,476697
9814,296018,476698
9815,296019,477574
9816,296020,477575
9817,296068,559740
9818,296069,562672
9819,296070,562673
9820,296185,140280
9821,296186,140281
9822,296187,140282
9823,296188,140283
9824,296208,183733
9825,296209,183734
9826,296310,367000
9827,296311,367001
9828,296319,376230
9829,296320,376231
9830,296321,376232
9831,296372,452418
9832,296380,461143
9833,296381,461144
9834,296382,461145
9835,296460,581078
9836,296461,581079
9837,296567,139480
9838,296568,140278
9839,296569,140279
9840,296587,183732
9841,296679,366999
9842,296682,376226
9843,296683,376227
9844,296684,376228
9845,296685,376229
9846,296724,461142
9847,296967,366996
9848,296968,366997
9849,296969,366998
9850,296975,376225
9851,297023,452413
9852,297024,452414
9853,297025,452415
9854,297026,452416
9855,297027,452417
9856,297032,461139
9857,297033,461140
9858,297034,461141
9859,297088,581077
9860,297184,183731
9861,297273,374586
9862,297303,452411
9863,297304,452412
9864,297310,461137
9865,297311,461138
9866,297363,581076
9867,297441,140275
9868,297442,140276
9869,297443,140277
9870,297539,366995
9871,297541,376222
9872,297542,376223
9873,297543,376224
9874,297573,461134
9875,297574,461135
9876,297575,461136
9877,297637,581074
9878,297638,581075
9879,297713,140273
9880,297714,140274
9881,297733,183071
9882,297734,183730
9883,297829,366993
9884,297830,366994
9885,297836,376221
9886,297873,452406
9887,297874,452407
9888,297875,452408
9889,297876,452409
9890,297877,452410
9891,297887,461132
9892,297888,461133
9893,297962,581073
9894,298047,140272
9895,298071,183725
9896,298072,183726
9897,298073,183727
9898,298074,183728
9899,298075,183729
9900,298194,366251
9901,298195,366991
9902,298196,366992
9903,298200,376220
9904,298238,452404
9905,298239,452405
9906,298246,461129
9907,298247,461130
9908,298248,461131
9909,298337,581068
9910,298338,581069
9911,298339,581070
9912,298340,581071
9913,298341,581072
9914,298384,17006
9915,298385,17007
9916,298530,247832
9917,298531,247833
9918,298532,247834
9919,298619,376219
9920,298648,437166
9921,298649,437167
9922,298736,581064
9923,298737,581065
9924,298738,581066
9925,298739,581067
9926,298778,17005
9927,298847,159440
9928,298848,159441
9929,298890,247292
9930,298891,247831
9931,298965,374584
9932,298966,374585
9933,298991,437163
9934,298992,437164
9935,298993,437165
9936,299081,581063
9937,299110,16029
9938,299111,16091
9939,299112,17004
9940,299186,159438
9941,299187,159439
9942,299239,247826
9943,299240,247827
9944,299241,247828
9945,299242,247829
9946,299243,247830
9947,299320,376215
9948,299321,376216
9949,299322,376217
9950,299323,376218
9951,299355,437162
9952,299381,489126
9953,299382,489127
9954,299383,489128
9955,299450,17001
9956,299451,17002
9957,299452,17003
9958,299521,159436
9959,299522,159437
9960,299568,247824
9961,299569,247825
9962,299625,376214
9963,299648,437158
9964,299649,437159
9965,299650,437160
9966,299651,437161
9967,299665,489124
9968,299666,489125
9969,299715,581062
9970,299828,159433
9971,299829,159434
9972,299830,159435
9973,299868,247823
9974,299929,374583
9975,299958,433910
9976,299959,437156
9977,299960,437157
9978,299978,489122
9979,299979,489123
9980,300037,581060
9981,300038,581061
9982,300060,16997
9983,300061,16998
9984,300062,16999
9985,300063,17000
9986,300130,159431
9987,300131,159432
9988,300235,376213
9989,300267,434481
9990,300268,437154
9991,300269,437155
9992,300290,489120
9993,300291,489121
9994,300341,581059
9995,300601,376211
9996,300602,376212
9997,300643,437152
9998,300644,437153
9999,300681,489118
10000,300682,489119
10001,300735,581056
10002,300736,581057
10003,300737,581058
10004,300767,16995
10005,300768,16996
10006,300815,86106
10007,300817,90288
10008,300941,275945
10009,301061,434480
10010,301062,437151
10011,301173,16993
10012,301174,16994
10013,301204,86827
10014,301206,88936
10015,301207,90287
10016,301219,111553
10017,301220,111808
10018,301301,275944
10019,301423,543950
10020,301424,543951
10021,301468,16992
10022,301494,89027
10023,301495,90284
10024,301496,90285
10025,301497,90286
10026,301512,111552
10027,301513,111555
10028,301514,111804
10029,301515,111805
10030,301516,111806
10031,301517,111807
10032,301603,275943
10033,301697,437148
10034,301698,437149
10035,301699,437150
10036,301809,16990
10037,301810,16991
10038,301838,86101
10039,301839,86102
10040,301840,86103
10041,301841,86104
10042,301842,86105
10043,301843,86824
10044,301844,86825
10045,301845,86826
10046,301846,89111
10047,301847,90282
10048,301848,90283
10049,301861,111803
10050,301938,275940
10051,301939,275941
10052,301940,275942
10053,302018,437144
10054,302019,437145
10055,302020,437146
10056,302021,437147
10057,302079,543947
10058,302080,543948
10059,302081,543949
10060,302122,16090
10061,302151,86099
10062,302152,86100
10063,302153,90280
10064,302154,90281
10065,302162,111579
10066,302163,111802
10067,302251,275937
10068,302252,275938
10069,302253,275939
10070,302348,437143
10071,302403,543945
10072,302404,543946
10073,302443,16989
10074,302492,111554
10075,302493,111578
10076,302675,437139
10077,302676,437140
10078,302677,437141
10079,302678,437142
10080,302744,543401
10081,302745,543944
10082,302792,16987
10083,302793,16988
10084,302934,275936
10085,303013,437138
10086,303074,543943
10087,303127,16984
10088,303128,16985
10089,303129,16986
10090,303169,101001
10091,303210,156937
10092,303211,156938
10093,303212,158550
10094,303213,159424
10095,303214,159425
10096,303240,211935
10097,303241,213075
10098,303242,213076
10099,303346,366975
10100,303347,366976
10101,303349,376200
10102,303350,376201
10103,303351,376202
10104,303353,379099
10105,303354,380667
10106,303355,380668
10107,303356,380669
10108,303364,393839
10109,303365,393840
10110,303391,437135
10111,303392,437136
10112,303393,437137
10113,303482,16982
10114,303483,16983
10115,303525,100998
10116,303526,100999
10117,303527,101000
10118,303559,156934
10119,303560,156935
10120,303561,156936
10121,303562,159422
10122,303563,159423
10123,303589,213073
10124,303590,213074
10125,303683,366973
10126,303684,366974
10127,303688,374318
10128,303689,376199
10129,303690,380665
10130,303691,380666
10131,303718,437131
10132,303719,437132
10133,303720,437133
10134,303721,437134
10135,303811,16981
10136,303886,156932
10137,303887,156933
10138,303890,159419
10139,303891,159420
10140,303892,159421
10141,303927,213072
10142,303998,366969
10143,303999,366970
10144,304000,366971
10145,304001,366972
10146,304005,376197
10147,304006,376198
10148,304007,380663
10149,304008,380664
10150,304017,393099
10151,304038,437126
10152,304039,437127
10153,304040,437128
10154,304041,437129
10155,304042,437130
10156,304126,16979
10157,304127,16980
10158,304172,100997
10159,304194,159418
10160,304293,366968
10161,304297,374581
10162,304298,374582
10163,304299,380661
10164,304300,380662
10165,304305,393198
10166,304306,393838
10167,304328,437125
10168,304396,15991
10169,304397,16977
10170,304398,16978
10171,304441,100993
10172,304442,100994
10173,304443,100995
10174,304444,100996
10175,304467,159417
10176,304492,213071
10177,304563,366965
10178,304564,366966
10179,304565,366967
10180,304568,376196
10181,304573,393836
10182,304574,393837
10183,304591,437120
10184,304592,437121
10185,304593,437122
10186,304594,437123
10187,304595,437124
10188,304719,100992
10189,304740,156930
10190,304741,156931
10191,304742,159416
10192,304766,213069
10193,304767,213070
10194,304832,374579
10195,304833,374580
10196,304836,380660
10197,304841,393098
10198,304842,393834
10199,304843,393835
10200,304944,15952
10201,304945,16976
10202,304972,100990
10203,304973,100991
10204,304998,155988
10205,304999,156929
10206,305000,159414
10207,305001,159415
10208,305027,213068
10209,305124,376194
10210,305125,376195
10211,305126,379180
10212,305127,379254
10213,305128,380659
10214,305134,393832
10215,305135,393833
10216,305156,434233
10217,305157,434479
10218,305242,9351
10219,305315,147580
10220,305328,175067
10221,305329,175068
10222,305425,369968
10223,305426,369969
10224,305615,147579
10225,305631,175066
10226,305713,324354
10227,305714,324355
10228,305715,324356
10229,305869,9347
10230,305870,9348
10231,305871,9349
10232,305872,9350
10233,305954,175065
10234,306174,9346
10235,306233,147578
10236,306243,175064
10237,306299,323596
10238,306300,323630
10239,306301,324353
10240,306319,369243
10241,306320,369965
10242,306321,369966
10243,306322,369967
10244,306422,9345
10245,306498,147577
10246,306511,175061
10247,306512,175062
10248,306513,175063
10249,306593,323595
10250,306594,324352
10251,306617,369242
10252,306730,9343
10253,306731,9344
10254,306818,147573
10255,306819,147574
10256,306820,147575
10257,306821,147576
10258,306834,174545
10259,306925,324351
10260,306956,369964
10261,307096,9342
10262,307182,147571
10263,307183,147572
10264,307199,175058
10265,307200,175059
10266,307201,175060
10267,307280,324350
10268,307315,369241
10269,307316,369962
10270,307317,369963
10271,307526,84549
10272,307540,100293
10273,307541,100982
10274,307542,100983
10275,307651,247803
10276,307652,247804
10277,307675,284239
10278,307724,344512
10279,307725,344513
10280,307726,344514
10281,307770,407969
10282,307797,451235
10283,307798,452386
10284,307879,562603
10285,307880,562604
10286,307881,562605
10287,307968,84546
10288,307969,84547
10289,307970,84548
10290,307977,100979
10291,307978,100980
10292,307979,100981
10293,308069,247802
10294,308086,284233
10295,308087,284234
10296,308088,284235
10297,308089,284236
10298,308090,284237
10299,308091,284238
10300,308128,343705
10301,308129,344509
10302,308130,344510
10303,308131,344511
10304,308179,407968
10305,308194,450945
10306,308195,452385
10307,308268,559735
10308,308269,562602
10309,308342,84544
10310,308343,84545
10311,308458,247800
10312,308459,247801
10313,308515,343737
10314,308516,344507
10315,308517,344508
10316,308548,407967
10317,308563,452383
10318,308564,452384
10319,308606,562599
10320,308607,562600
10321,308608,562601
10322,308664,84543
10323,308743,247799
10324,308756,284231
10325,308757,284232
10326,308830,407964
10327,308831,407965
10328,308832,407966
10329,308858,452381
10330,308859,452382
10331,308915,562596
10332,308916,562597
10333,308917,562598
10334,308986,84541
10335,308987,84542
10336,308994,100978
10337,309074,247231
10338,309075,247797
10339,309076,247798
10340,309096,284230
10341,309125,344506
10342,309167,452379
10343,309168,452380
10344,309236,562593
10345,309237,562594
10346,309238,562595
10347,309312,84195
10348,309313,84540
10349,309321,100292
10350,309322,100975
10351,309323,100976
10352,309324,100977
10353,309424,247796
10354,309446,284229
10355,309491,344504
10356,309492,344505
10357,309521,407961
10358,309522,407962
10359,309523,407963
10360,309545,452378
10361,309603,559734
10362,309604,562592
10363,309684,100974
10364,309775,247290
10365,309828,343711
10366,309829,344503
10367,309868,407960
10368,309899,452375
10369,309900,452376
10370,309901,452377
10371,310103,168185
10372,310104,168186
10373,310112,176528
10374,310113,176529
10375,310126,203316
10376,310127,204277
10377,310128,204278
10378,310132,212012
10379,310133,213052
10380,310134,213053
10381,310135,213054
10382,310136,213055
10383,310137,213056
10384,310138,213057
10385,310161,260009
10386,310165,268265
10387,310239,374578
10388,310240,376176
10389,310278,461102
10390,310279,464834
10391,310355,16087
10392,310356,16956
10393,310427,168183
10394,310428,168184
10395,310435,176526
10396,310436,176527
10397,310451,213050
10398,310452,213051
10399,310474,259394
10400,310475,260006
10401,310476,260007
10402,310477,260008
10403,310485,268263
10404,310486,268264
10405,310538,374119
10406,310539,376173
10407,310540,376174
10408,310541,376175
10409,310542,379122
10410,310543,380632
10411,310544,380633
10412,310580,464833
10413,310745,168181
10414,310746,168182
10415,310786,259444
10416,310787,260004
10417,310788,260005
10418,310792,267678
10419,310793,268262
10420,310851,376172
10421,310852,380630
10422,310853,380631
10423,310897,461100
10424,310898,461101
10425,310899,463355
10426,310965,16953
10427,310966,16954
10428,310967,16955
10429,311060,176525
10430,311075,213048
10431,311076,213049
10432,311099,260003
10433,311107,267677
10434,311108,268261
10435,311165,380629
10436,311202,461098
10437,311203,461099
10438,311204,464831
10439,311205,464832
10440,311298,16952
10441,311371,168180
10442,311377,176523
10443,311378,176524
10444,311386,203389
10445,311387,204276
10446,311415,260002
10447,311418,268259
10448,311419,268260
10449,311474,376170
10450,311475,376171
10451,311476,380627
10452,311477,380628
10453,311509,461097
10454,311587,16949
10455,311588,16950
10456,311589,16951
10457,311672,168176
10458,311673,168177
10459,311674,168178
10460,311675,168179
10461,311681,176522
10462,311697,204273
10463,311698,204274
10464,311699,204275
10465,311702,213045
10466,311703,213046
10467,311704,213047
10468,311734,260001
10469,311738,267676
10470,311739,268258
10471,311798,374577
10472,311799,376169
10473,311801,380625
10474,311802,380626
10475,311849,461095
10476,311850,461096
10477,311851,464828
10478,311852,464829
10479,311853,464830
10480,311946,16946
10481,311947,16947
10482,311948,16948
10483,312070,176520
10484,312071,176521
10485,312089,203611
10486,312090,204271
10487,312091,204272
10488,312128,260000
10489,312136,268256
10490,312137,268257
10491,312248,461093
10492,312249,461094
10493,312250,464826
10494,312251,464827
10495,312367,2102
10496,312368,2103
10497,312463,156909
10498,312464,156910
10499,312600,376168
10500,312681,489079
10501,312767,2101
10502,312847,156907
10503,312848,156908
10504,312971,374314
10505,312972,376166
10506,312973,376167
10507,313017,488412
10508,313018,489077
10509,313019,489078
10510,313074,2100
10511,313163,156905
10512,313164,156906
10513,313288,376165
10514,313348,488470
10515,313349,489076
10516,313418,2099
10517,313605,374575
10518,313606,374576
10519,313607,376164
10520,313672,489075
10521,313719,860
10522,313720,2098
10523,313780,156902
10524,313781,156903
10525,313782,156904
10526,313861,374313
10527,313941,993
10528,313942,1073
10529,313943,2097
10530,314158,374118
10531,314159,376162
10532,314160,376163
10533,314214,489073
10534,314215,489074
10535,314287,992
10536,314288,1262
10537,314367,156899
10538,314368,156900
10539,314369,156901
10540,314492,374312
10541,314493,376161
10542,314554,489071
10543,314555,489072
10544,314682,86782
10545,314724,156163
10546,314725,156895
10547,314726,156896
10548,314727,156897
10549,314728,156898
10550,314850,380607
10551,314851,380608
10552,314882,437054
10553,314883,437055
10554,314884,437056
10555,314967,562570
10556,314968,562571
10557,315034,86779
10558,315035,86780
10559,315036,86781
10560,315061,133031
10561,315062,133774
10562,315063,133775
10563,315064,133776
10564,315111,213041
10565,315192,380606
10566,315235,434230
10567,315236,437052
10568,315237,437053
10569,315312,562569
10570,315362,86778
10571,315385,133773
10572,315416,211959
10573,315505,380605
10574,315527,434019
10575,315528,434472
10576,315586,562564
10577,315587,562565
10578,315588,562566
10579,315589,562567
10580,315590,562568
10581,315659,86096
10582,315660,86777
10583,315689,133771
10584,315690,133772
10585,315705,156894
10586,315728,213040
10587,315811,379098
10588,315812,380602
10589,315813,380603
10590,315814,380604
10591,315841,437051
10592,315906,559732
10593,315907,562563
10594,315954,86776
10595,315983,133770
10596,315995,155987
10597,315996,156893
10598,316020,212088
10599,316129,437048
10600,316130,437049
10601,316131,437050
10602,316181,562561
10603,316182,562562
10604,316242,86774
10605,316243,86775
10606,316267,127965
10607,316268,127966
10608,316269,127967
10609,316270,127968
10610,316271,127969
10611,316272,127970
10612,316273,127971
10613,316274,127972
10614,316275,127973
10615,316276,127974
10616,316278,132986
10617,316279,133769
10618,316288,156892
10619,316316,211958
10620,316317,213039
10621,316434,434229
10622,316435,434470
10623,316436,434471
10624,316437,437044
10625,316438,437045
10626,316439,437046
10627,316440,437047
10628,316497,562557
10629,316498,562558
10630,316499,562559
10631,316500,562560
10632,316566,86772
10633,316567,86773
10634,316595,127960
10635,316596,127961
10636,316597,127962
10637,316598,127963
10638,316599,127964
10639,316600,128078
10640,316604,133768
10641,316612,156891
10642,316644,212011
10643,316645,212085
10644,316646,212086
10645,316647,212087
10646,316648,213037
10647,316649,213038
10648,316762,380600
10649,316763,380601
10650,316786,434468
10651,316787,434469
10652,316788,437043
10653,316863,562553
10654,316864,562554
10655,316865,562555
10656,316866,562556
10657,316924,90233
10658,316925,90234
10659,316952,140214
10660,316953,140215
10661,316954,140216
10662,316955,140217
10663,316956,140218
10664,317011,228891
10665,317012,229044
10666,317013,229045
10667,317025,244631
10668,317026,244632
10669,317042,264060
10670,317172,461072
10671,317173,461073
10672,317221,558136
10673,317222,562552
10674,317293,90232
10675,317322,140212
10676,317323,140213
10677,317360,228889
10678,317361,228890
10679,317362,229043
10680,317367,243684
10681,317368,244629
10682,317369,244630
10683,317376,263287
10684,317525,559422
10685,317526,562550
10686,317527,562551
10687,317599,89104
10688,317600,89226
10689,317601,90231
10690,317624,139335
10691,317669,229041
10692,317670,229042
10693,317690,264059
10694,317791,461069
10695,317792,461070
10696,317793,461071
10697,317836,558135
10698,317837,562547
10699,317838,562548
10700,317839,562549
10701,317914,90230
10702,317980,228888
10703,317981,229040
10704,318142,558133
10705,318143,558134
10706,318144,562545
10707,318145,562546
10708,318208,90229
10709,318227,140208
10710,318228,140209
10711,318229,140210
10712,318230,140211
10713,318271,244627
10714,318272,244628
10715,318373,460239
10716,318374,461067
10717,318375,461068
10718,318417,557706
10719,318418,558132
10720,318419,562542
10721,318420,562543
10722,318421,562544
10723,318484,89025
10724,318509,140206
10725,318510,140207
10726,318559,244624
10727,318560,244625
10728,318561,244626
10729,318574,263249
10730,318575,264055
10731,318576,264056
10732,318577,264057
10733,318578,264058
10734,318664,461066
10735,318731,558131
10736,318815,90228
10737,318854,140205
10738,318918,229039
10739,318937,264053
10740,318938,264054
10741,319064,461065
10742,319126,557656
10743,319127,557705
10744,319128,558130
10745,319286,147529
10746,319287,147530
10747,319288,147531
10748,319452,380579
10749,319462,393797
10750,319497,452347
10751,319498,452348
10752,319805,379097
10753,319806,379178
10754,319807,380576
10755,319808,380577
10756,319809,380578
10757,319816,389398
10758,319817,389399
10759,319818,389400
10760,319852,452344
10761,319853,452345
10762,319854,452346
10763,319882,501716
10764,319883,501717
10765,320026,147528
10766,320153,380575
10767,320186,452342
10768,320187,452343
10769,320215,501011
10770,320216,501715
10771,320472,380574
10772,320476,389397
10773,320478,393795
10774,320479,393796
10775,320513,452339
10776,320514,452340
10777,320515,452341
10778,320676,147526
10779,320677,147527
10780,320823,380573
10781,320835,388980
10782,320836,389396
10783,320838,393794
10784,320870,452338
10785,320894,501713
10786,320895,501714
10787,321030,147525
10788,321163,379096
10789,321164,379252
10790,321167,389394
10791,321168,389395
10792,321170,393793
10793,321203,452337
10794,321227,501711
10795,321228,501712
10796,321345,147522
10797,321346,147523
10798,321347,147524
10799,321481,388979
10800,321482,389392
10801,321483,389393
10802,321486,393130
10803,321487,393194
10804,321488,393790
10805,321489,393791
10806,321490,393792
10807,321521,452335
10808,321522,452336
10809,321552,501704
10810,321553,501705
10811,321554,501706
10812,321555,501707
10813,321556,501708
10814,321557,501709
10815,321558,501710
10816,321671,90217
10817,321672,90218
10818,321675,100291
10819,321676,100939
10820,321677,100940
10821,321678,100941
10822,321707,139392
10823,321708,140197
10824,321716,158444
10825,321717,158625
10826,321718,159377
10827,321757,223872
10828,321758,223873
10829,321759,223874
10830,321849,366922
10831,321850,366923
10832,321852,369940
10833,321853,369941
10834,321856,374116
10835,321857,376131
10836,321858,376132
10837,321878,410387
10838,321904,452334
10839,321934,501088
10840,321935,501700
10841,321936,501701
10842,321937,501702
10843,321938,501703
10844,322065,139391
10845,322066,140195
10846,322067,140196
10847,322075,159376
10848,322111,223869
10849,322112,223870
10850,322113,223871
10851,322184,369939
10852,322185,374309
10853,322203,410386
10854,322259,501699
10855,322363,89222
10856,322364,90216
10857,322375,100938
10858,322405,140192
10859,322406,140193
10860,322407,140194
10861,322415,159373
10862,322416,159374
10863,322417,159375
10864,322439,223868
10865,322464,259517
10866,322465,259983
10867,322466,259984
10868,322467,259985
10869,322518,368995
10870,322519,369239
10871,322520,369938
10872,322524,374572
10873,322525,376129
10874,322526,376130
10875,322541,410385
10876,322562,452332
10877,322563,452333
10878,322599,501010
10879,322600,501698
10880,322707,89102
10881,322708,89221
10882,322709,90214
10883,322710,90215
10884,322721,100936
10885,322722,100937
10886,322745,140190
10887,322746,140191
10888,322787,223866
10889,322788,223867
10890,322813,259981
10891,322814,259982
10892,322869,366248
10893,322870,366920
10894,322871,366921
10895,322874,369937
10896,322877,374308
10897,322878,374570
10898,322879,374571
10899,322880,376127
10900,322881,376128
10901,322923,452331
10902,322953,501696
10903,322954,501697
10904,323074,90213
10905,323078,100935
10906,323096,140188
10907,323097,140189
10908,323105,159372
10909,323135,223864
10910,323136,223865
10911,323188,366917
10912,323189,366918
10913,323190,366919
10914,323194,376125
10915,323195,376126
10916,323240,452330
10917,323257,501695
10918,323358,90212
10919,323362,100934
10920,323382,140187
10921,323430,259980
10922,323485,369935
10923,323486,369936
10924,323488,374307
10925,323505,409924
10926,323506,410381
10927,323507,410382
10928,323508,410383
10929,323509,410384
10930,323533,450944
10931,323534,451233
10932,323563,501694
10933,323678,89220
10934,323683,100933
10935,323716,140186
10936,323725,159368
10937,323726,159369
10938,323727,159370
10939,323728,159371
10940,323761,223863
10941,323783,259515
10942,323784,259516
10943,323785,259979
10944,323850,366915
10945,323851,366916
10946,323852,369934
10947,323854,374306
10948,323855,376124
10949,323879,410377
10950,323880,410378
10951,323881,410379
10952,323882,410380
10953,323917,452327
10954,323918,452328
10955,323919,452329
10956,324066,86737
10957,324067,86738
10958,324070,89101
10959,324071,90211
10960,324258,376122
10961,324259,376123
10962,324260,380560
10963,324266,395774
10964,324267,395775
10965,324296,450875
10966,324457,86734
10967,324458,86735
10968,324459,86736
10969,324460,90210
10970,324601,376120
10971,324602,376121
10972,324603,380558
10973,324604,380559
10974,324612,395771
10975,324613,395772
10976,324614,395773
10977,324644,452326
10978,324760,86733
10979,324762,90209
10980,324891,376118
10981,324892,376119
10982,324893,380554
10983,324894,380555
10984,324895,380556
10985,324896,380557
10986,324902,395768
10987,324903,395769
10988,324904,395770
10989,324935,452321
10990,324936,452322
10991,324937,452323
10992,324938,452324
10993,324939,452325
10994,325051,86732
10995,325052,90207
10996,325053,90208
10997,325195,376115
10998,325196,376116
10999,325197,376117
11000,325205,395767
11001,325228,452319
11002,325229,452320
11003,325339,86073
11004,325340,86730
11005,325341,86731
11006,325342,89219
11007,325343,90205
11008,325344,90206
11009,325495,376112
11010,325496,376113
11011,325497,376114
11012,325498,380551
11013,325499,380552
11014,325500,380553
11015,325507,395766
11016,325651,86728
11017,325652,86729
11018,325653,89100
11019,325774,376111
11020,325775,380550
11021,325779,395762
11022,325780,395763
11023,325781,395764
11024,325782,395765
11025,325812,450943
11026,325965,86052
11027,325966,86726
11028,325967,86727
11029,325969,89024
11030,325970,90204
11031,326148,374042
11032,326149,376109
11033,326150,376110
11034,326155,395760
11035,326156,395761
11036,326183,451069
11037,326184,452317
11038,326185,452318
11039,326465,318290
11040,326466,318291
11041,326525,434459
11042,326526,436969
11043,326527,436970
11044,326528,436971
11045,326604,562490
11046,326605,562491
11047,326606,562492
11048,326631,604129
11049,326695,97380
11050,326696,97381
11051,326829,318289
11052,326883,434221
11053,326884,436967
11054,326885,436968
11055,326945,562485
11056,326946,562486
11057,326947,562487
11058,326948,562488
11059,326949,562489
11060,326974,604128
11061,327030,97149
11062,327199,434220
11063,327200,436960
11064,327201,436961
11065,327202,436962
11066,327203,436963
11067,327204,436964
11068,327205,436965
11069,327206,436966
11070,327268,562484
11071,327284,604125
11072,327285,604126
11073,327286,604127
11074,327351,97147
11075,327352,97148
11076,327469,317567
11077,327470,318285
11078,327471,318286
11079,327472,318287
11080,327473,318288
11081,327519,436957
11082,327520,436958
11083,327521,436959
11084,327587,562483
11085,327606,604124
11086,327646,97377
11087,327647,97378
11088,327648,97379
11089,327748,318283
11090,327749,318284
11091,327803,436954
11092,327804,436955
11093,327805,436956
11094,327841,559727
11095,327858,604121
11096,327859,604122
11097,327860,604123
11098,327907,97146
11099,328016,318282
11100,328069,436951
11101,328070,436952
11102,328071,436953
11103,328114,562481
11104,328115,562482
11105,328136,604120
11106,328211,97376
11107,328400,434219
11108,328401,436949
11109,328402,436950
11110,328465,559726
11111,328466,562480
11112,328611,189472
11113,328612,189473
11114,328613,189474
11115,328644,244604
11116,328650,252052
11117,328651,252053
11118,328652,252382
11119,328653,252383
11120,328734,369928
11121,328735,369929
11122,328736,374305
11123,328737,376094
11124,328738,376095
11125,328739,376096
11126,328740,380540
11127,328847,562479
11128,328875,2065
11129,328876,2066
11130,329006,243678
11131,329007,243679
11132,329008,243680
11133,329012,252051
11134,329013,252069
11135,329014,252070
11136,329081,376093
11137,329082,380539
11138,329123,463773
11139,329124,464783
11140,329125,464784
11141,329126,464785
11142,329133,477504
11143,329134,477505
11144,329135,477506
11145,329136,477507
11146,329137,477508
11147,329138,477509
11148,329215,849
11149,329216,2064
11150,329330,188228
11151,329331,188229
11152,329332,188230
11153,329333,188231
11154,329334,189470
11155,329335,189471
11156,329372,244601
11157,329373,244602
11158,329374,244603
11159,329377,252379
11160,329378,252380
11161,329379,252381
11162,329441,369926
11163,329442,369927
11164,329443,374115
11165,329444,374303
11166,329445,374304
11167,329446,376088
11168,329447,376089
11169,329448,376090
11170,329449,376091
11171,329450,376092
11172,329451,380537
11173,329452,380538
11174,329504,476446
11175,329505,476568
11176,329506,477503
11177,329557,559724
11178,329558,559725
11179,329559,562473
11180,329560,562474
11181,329561,562475
11182,329562,562476
11183,329563,562477
11184,329564,562478
11185,329585,1072
11186,329586,2061
11187,329587,2062
11188,329588,2063
11189,329680,187881
11190,329681,188226
11191,329682,188227
11192,329683,189467
11193,329684,189468
11194,329685,189469
11195,329706,243404
11196,329708,252039
11197,329709,252378
11198,329767,369924
11199,329768,369925
11200,329769,374114
11201,329770,374302
11202,329771,376087
11203,329772,380536
11204,329812,464781
11205,329813,464782
11206,329817,476567
11207,329818,477502
11208,329866,559245
11209,329867,562471
11210,329868,562472
11211,329887,990
11212,329969,187880
11213,329970,189466
11214,329999,243677
11215,330000,244599
11216,330001,244600
11217,330009,252377
11218,330070,369922
11219,330071,369923
11220,330072,376082
11221,330073,376083
11222,330074,376084
11223,330075,376085
11224,330076,376086
11225,330077,380535
11226,330122,463772
11227,330123,464780
11228,330125,477500
11229,330126,477501
11230,330165,559244
11231,330166,562465
11232,330167,562466
11233,330168,562467
11234,330169,562468
11235,330170,562469
11236,330171,562470
11237,330192,2060
11238,330272,188225
11239,330291,244598
11240,330296,252376
11241,330351,369921
11242,330353,374569
11243,330354,379250
11244,330380,477498
11245,330381,477499
11246,330420,559723
11247,330421,562463
11248,330422,562464
11249,330435,2059
11250,330561,189465
11251,330587,244597
11252,330591,252068
11253,330665,369920
11254,330671,376079
11255,330672,376080
11256,330673,376081
11257,330674,380531
11258,330675,380532
11259,330676,380533
11260,330677,380534
11261,330722,464777
11262,330723,464778
11263,330724,464779
11264,330736,477495
11265,330737,477496
11266,330738,477497
11267,330784,559419
11268,330785,559722
11269,330786,562458
11270,330787,562459
11271,330788,562460
11272,330789,562461
11273,330790,562462
11274,330864,90191
11275,330865,90192
11276,330892,133732
11277,330893,133733
11278,330894,133734
11279,330895,133735
11280,330896,133736
11281,330920,156157
11282,330921,156158
11283,330922,156859
11284,330940,187879
11285,330941,189463
11286,330942,189464
11287,331071,369918
11288,331072,369919
11289,331075,376075
11290,331076,376076
11291,331077,376077
11292,331078,376078
11293,331079,380529
11294,331080,380530
11295,331125,434017
11296,331126,436919
11297,331127,436920
11298,331128,436921
11299,331129,436922
11300,331130,436923
11301,331138,464775
11302,331139,464776
11303,331144,476391
11304,331145,477492
11305,331146,477493
11306,331147,477494
11307,331203,562450
11308,331204,562451
11309,331205,562452
11310,331206,562453
11311,331207,562454
11312,331208,562455
11313,331209,562456
11314,331210,562457
11315,331235,1071
11316,331236,1260
11317,331237,2058
11318,331305,90190
11319,331335,156857
11320,331336,156858
11321,331348,188223
11322,331349,188224
11323,331350,189459
11324,331351,189460
11325,331352,189461
11326,331353,189462
11327,331446,374301
11328,331447,376074
11329,331449,380527
11330,331450,380528
11331,331474,433244
11332,331475,433245
11333,331476,433246
11334,331477,436914
11335,331478,436915
11336,331479,436916
11337,331480,436917
11338,331481,436918
11339,331493,477490
11340,331494,477491
11341,331542,559176
11342,331543,562444
11343,331544,562445
11344,331545,562446
11345,331546,562447
11346,331547,562448
11347,331548,562449
11348,331571,1170
11349,331572,1171
11350,331635,133730
11351,331636,133731
11352,331644,155895
11353,331645,156856
11354,331664,189455
11355,331665,189456
11356,331666,189457
11357,331667,189458
11358,331767,369917
11359,331768,374300
11360,331769,376070
11361,331770,376071
11362,331771,376072
11363,331772,376073
11364,331773,380524
11365,331774,380525
11366,331775,380526
11367,331803,433242
11368,331804,433243
11369,331806,436910
11370,331807,436911
11371,331808,436912
11372,331809,436913
11373,331822,463656
11374,331823,464771
11375,331824,464772
11376,331825,464773
11377,331826,464774
11378,331876,562442
11379,331877,562443
11380,331903,2056
11381,331904,2057
11382,331967,133729
11383,331976,156855
11384,332066,369915
11385,332067,369916
11386,332069,376062
11387,332070,376063
11388,332071,376064
11389,332072,376065
11390,332073,376066
11391,332074,376067
11392,332075,376068
11393,332076,376069
11394,332077,379249
11395,332095,432876
11396,332096,433241
11397,332098,436909
11398,332105,464770
11399,332111,477488
11400,332112,477489
11401,332152,559418
11402,332153,562439
11403,332154,562440
11404,332155,562441
11405,332175,848
11406,332176,1169
11407,332177,2054
11408,332178,2055
11409,332226,90187
11410,332227,90188
11411,332228,90189
11412,332259,133106
11413,332271,156854
11414,332356,369912
11415,332357,369913
11416,332358,369914
11417,332360,374568
11418,332361,376059
11419,332362,376060
11420,332363,376061
11421,332364,380523
11422,332386,434216
11423,332387,436901
11424,332388,436902
11425,332389,436903
11426,332390,436904
11427,332391,436905
11428,332392,436906
11429,332393,436907
11430,332394,436908
11431,332405,464769
11432,332410,477486
11433,332411,477487
11434,332451,562438
11435,332468,847
11436,332469,2052
11437,332470,2053
11438,332521,132922
11439,332522,133728
11440,332551,187878
11441,332552,188222
11442,332635,369100
11443,332636,369911
11444,332638,376056
11445,332639,376057
11446,332640,376058
11447,332641,380521
11448,332642,380522
11449,332663,433238
11450,332664,433239
11451,332665,433240
11452,332666,436897
11453,332667,436898
11454,332668,436899
11455,332669,436900
11456,332677,463447
11457,332678,463655
11458,332679,464768
11459,332682,477484
11460,332683,477485
11461,332724,562436
11462,332725,562437
11463,332752,2051
11464,332801,90182
11465,332802,90183
11466,332803,90184
11467,332804,90185
11468,332805,90186
11469,332828,133028
11470,332829,133727
11471,332842,156853
11472,332857,188221
11473,332858,189454
11474,332967,369910
11475,332968,374299
11476,332969,376053
11477,332970,376054
11478,332971,376055
11479,332972,380520
11480,333000,436895
11481,333001,436896
11482,333009,464766
11483,333010,464767
11484,333063,559417
11485,333064,562431
11486,333065,562432
11487,333066,562433
11488,333067,562434
11489,333068,562435
11490,333104,38577
11491,333105,38578
11492,333106,38579
11493,333107,38580
11494,333170,147493
11495,333186,175013
11496,333187,175014
11497,333188,175015
11498,333242,244584
11499,333243,244585
11500,333244,244586
11501,333311,369237
11502,333312,369238
11503,333313,369909
11504,333383,464764
11505,333384,464765
11506,333388,476693
11507,333389,477482
11508,333390,477483
11509,333399,494397
11510,333400,501667
11511,333494,38575
11512,333495,38576
11513,333547,147492
11514,333563,175011
11515,333564,175012
11516,333607,243672
11517,333608,244582
11518,333609,244583
11519,333688,369907
11520,333689,369908
11521,333735,464762
11522,333736,464763
11523,333741,477481
11524,333748,494394
11525,333749,494395
11526,333750,494396
11527,333752,501664
11528,333753,501665
11529,333754,501666
11530,333890,146712
11531,333891,147489
11532,333892,147490
11533,333893,147491
11534,333911,175010
11535,333944,244581
11536,334010,369236
11537,334011,369905
11538,334012,369906
11539,334063,463654
11540,334064,464760
11541,334065,464761
11542,334069,476566
11543,334070,477478
11544,334071,477479
11545,334072,477480
11546,334080,494391
11547,334081,494392
11548,334082,494393
11549,334087,501663
11550,334175,38046
11551,334265,244579
11552,334266,244580
11553,334363,464759
11554,334370,476445
11555,334371,477477
11556,334381,493808
11557,334382,494390
11558,334384,501661
11559,334385,501662
11560,334447,38045
11561,334448,38574
11562,334503,147488
11563,334516,175008
11564,334517,175009
11565,334551,244578
11566,334615,369234
11567,334616,369235
11568,334656,464758
11569,334666,501657
11570,334667,501658
11571,334668,501659
11572,334669,501660
11573,334736,38571
11574,334737,38572
11575,334738,38573
11576,334796,147487
11577,334811,175007
11578,334847,243502
11579,334848,244574
11580,334849,244575
11581,334850,244576
11582,334851,244577
11583,334913,369233
11584,334914,369903
11585,334915,369904
11586,334970,463512
11587,334975,477475
11588,334976,477476
11589,334985,493707
11590,335071,38570
11591,335119,147484
11592,335120,147485
11593,335121,147486
11594,335138,174537
11595,335177,243671
11596,335292,463511
11597,335293,464756
11598,335294,464757
11599,335299,476692
11600,335300,477473
11601,335301,477474
11602,335313,501655
11603,335314,501656
11604,335364,3657
11605,335365,3658
11606,335438,90176
11607,335458,125047
11608,335459,125048
11609,335491,175006
11610,335550,243500
11611,335551,243501
11612,335552,244570
11613,335553,244571
11614,335554,244572
11615,335555,244573
11616,335657,436878
11617,335658,436879
11618,335664,451228
11619,335665,452292
11620,335666,452293
11621,335781,3654
11622,335782,3655
11623,335783,3656
11624,335823,90172
11625,335824,90173
11626,335825,90174
11627,335826,90175
11628,335868,174444
11629,335903,244566
11630,335904,244567
11631,335905,244568
11632,335906,244569
11633,335995,434213
11634,335996,434214
11635,335997,434215
11636,335998,434457
11637,335999,436876
11638,336000,436877
11639,336007,452288
11640,336008,452289
11641,336009,452290
11642,336010,452291
11643,336020,477471
11644,336021,477472
11645,336093,3651
11646,336094,3652
11647,336095,3653
11648,336140,90171
11649,336166,124763
11650,336189,175005
11651,336241,243670
11652,336242,244562
11653,336243,244563
11654,336244,244564
11655,336245,244565
11656,336373,436872
11657,336374,436873
11658,336375,436874
11659,336376,436875
11660,336381,452287
11661,336395,476564
11662,336396,476565
11663,336397,477464
11664,336398,477465
11665,336399,477466
11666,336400,477467
11667,336401,477468
11668,336402,477469
11669,336403,477470
11670,336530,89217
11671,336531,90169
11672,336532,90170
11673,336550,125046
11674,336587,174536
11675,336619,243499
11676,336620,244560
11677,336621,244561
11678,336676,372932
11679,336677,372933
11680,336678,372934
11681,336679,372935
11682,336680,372936
11683,336681,372937
11684,336707,436870
11685,336708,436871
11686,336722,476691
11687,336723,477461
11688,336724,477462
11689,336725,477463
11690,336794,3650
11691,336851,124715
11692,336852,125043
11693,336853,125044
11694,336854,125045
11695,336882,174534
11696,336883,174535
11697,336884,175002
11698,336885,175003
11699,336886,175004
11700,336905,244559
11701,336974,372578
11702,336975,372931
11703,337004,436861
11704,337005,436862
11705,337006,436863
11706,337007,436864
11707,337008,436865
11708,337009,436866
11709,337010,436867
11710,337011,436868
11711,337012,436869
11712,337023,476563
11713,337024,476690
11714,337025,477460
11715,337089,3648
11716,337090,3649
11717,337127,90168
11718,337143,125039
11719,337144,125040
11720,337145,125041
11721,337146,125042
11722,337290,436857
11723,337291,436858
11724,337292,436859
11725,337293,436860
11726,337313,477459
11727,337374,3647
11728,337419,90166
11729,337420,90167
11730,337465,175000
11731,337466,175001
11732,337512,243346
11733,337513,243497
11734,337514,243498
11735,337515,244558
11736,337618,372929
11737,337619,372930
11738,337652,436850
11739,337653,436851
11740,337654,436852
11741,337655,436853
11742,337656,436854
11743,337657,436855
11744,337658,436856
11745,337665,452283
11746,337666,452284
11747,337667,452285
11748,337668,452286
11749,337678,476562
11750,337679,477458
11751,337929,318262
11752,337930,318263
11753,337972,372925
11754,337973,372926
11755,337974,372927
11756,337975,372928
11757,338037,451066
11758,338038,451227
11759,338039,452281
11760,338040,452282
11761,338318,318261
11762,338335,372922
11763,338336,372923
11764,338337,372924
11765,338375,452280
11766,338632,318259
11767,338633,318260
11768,338657,372921
11769,338703,450873
11770,338962,318255
11771,338963,318256
11772,338964,318257
11773,338965,318258
11774,338997,372576
11775,338998,372577
11776,338999,372918
11777,339000,372919
11778,339001,372920
11779,339049,452279
11780,339318,318253
11781,339319,318254
11782,339343,372916
11783,339344,372917
11784,339387,452276
11785,339388,452277
11786,339389,452278
11787,339650,372914
11788,339651,372915
11789,339693,452275
11790,339953,318251
11791,339954,318252
11792,339987,372913
11793,340019,452274
11794,340094,2031
11795,340144,90154
11796,340145,90155
11797,340146,90156
11798,340170,133713
11799,340180,155982
11800,340215,212960
11801,340216,212961
11802,340307,369892
11803,340363,476390
11804,340364,476559
11805,340365,477441
11806,340366,477442
11807,340367,477443
11808,340368,477444
11809,340369,477445
11810,340370,477446
11811,340371,477447
11812,340476,90153
11813,340514,133711
11814,340515,133712
11815,340561,212958
11816,340562,212959
11817,340662,369891
11818,340728,463354
11819,340729,464739
11820,340734,476558
11821,340735,477440
11822,340885,89216
11823,340886,90152
11824,340909,133105
11825,340923,156149
11826,340924,156150
11827,340925,156831
11828,340926,156832
11829,340949,212957
11830,341063,369890
11831,341081,395722
11832,341082,395723
11833,341083,395724
11834,341120,476687
11835,341121,477438
11836,341122,477439
11837,341209,2030
11838,341250,90149
11839,341251,90150
11840,341252,90151
11841,341286,156827
11842,341287,156828
11843,341288,156829
11844,341289,156830
11845,341322,212084
11846,341403,369229
11847,341404,369230
11848,341405,369889
11849,341419,395719
11850,341420,395720
11851,341421,395721
11852,341448,464737
11853,341449,464738
11854,341454,476389
11855,341455,476686
11856,341456,477435
11857,341457,477436
11858,341458,477437
11859,341516,1164
11860,341517,1258
11861,341518,2028
11862,341519,2029
11863,341567,90148
11864,341585,133707
11865,341586,133708
11866,341587,133709
11867,341588,133710
11868,341629,212951
11869,341630,212952
11870,341631,212953
11871,341632,212954
11872,341633,212955
11873,341634,212956
11874,341717,369099
11875,341718,369888
11876,341767,464735
11877,341768,464736
11878,341774,477434
11879,341860,2027
11880,341914,90147
11881,341972,212950
11882,342043,369886
11883,342044,369887
11884,342057,395717
11885,342058,395718
11886,342095,464733
11887,342096,464734
11888,342101,476685
11889,342161,845
11890,342162,2025
11891,342163,2026
11892,342216,90145
11893,342217,90146
11894,342238,133704
11895,342239,133705
11896,342240,133706
11897,342256,156825
11898,342257,156826
11899,342290,212948
11900,342291,212949
11901,342370,369228
11902,342394,395715
11903,342395,395716
11904,342432,463444
11905,342433,463509
11906,342434,464731
11907,342435,464732
11908,342446,476557
11909,342447,476684
11910,342448,477433
11911,342528,987
11912,342529,1257
11913,342530,2020
11914,342531,2021
11915,342532,2022
11916,342533,2023
11917,342534,2024
11918,342585,100287
11919,342586,100869
11920,342587,100870
11921,342655,189407
11922,342750,344446
11923,342751,344447
11924,342752,344448
11925,342763,362382
11926,342815,433944
11927,342816,436786
11928,342817,436787
11929,342818,436788
11930,342819,436789
11931,342820,436790
11932,342821,436791
11933,342831,451225
11934,342832,451226
11935,342833,452258
11936,342834,452259
11937,342835,452260
11938,342840,460987
11939,342841,463651
11940,342842,463769
11941,342843,464728
11942,342844,464729
11943,342845,464730
11944,342849,476683
11945,342850,477432
11946,342937,844
11947,342938,2016
11948,342939,2017
11949,342940,2018
11950,342941,2019
11951,342990,100867
11952,342991,100868
11953,343048,189405
11954,343049,189406
11955,343149,362966
11956,343150,362967
11957,343160,379247
11958,343161,380472
11959,343162,380473
11960,343183,434209
11961,343184,434455
11962,343185,436780
11963,343186,436781
11964,343187,436782
11965,343188,436783
11966,343189,436784
11967,343190,436785
11968,343196,460986
11969,343197,464722
11970,343198,464723
11971,343199,464724
11972,343200,464725
11973,343201,464726
11974,343202,464727
11975,343211,477429
11976,343212,477430
11977,343213,477431
11978,343284,1163
11979,343335,100866
11980,343389,187871
11981,343390,188210
11982,343391,189403
11983,343392,189404
11984,343489,362964
11985,343490,362965
11986,343539,436777
11987,343540,436778
11988,343541,436779
11989,343552,450814
11990,343553,451064
11991,343554,452257
11992,343558,463353
11993,343559,464721
11994,343568,477428
11995,343647,843
11996,343648,1162
11997,343649,2015
11998,343704,100286
11999,343705,100865
12000,343759,188209
12001,343760,189399
12002,343761,189400
12003,343762,189401
12004,343763,189402
12005,343848,344443
12006,343849,344444
12007,343850,344445
12008,343862,362488
12009,343863,362963
12010,343875,380469
12011,343876,380470
12012,343877,380471
12013,343913,436771
12014,343914,436772
12015,343915,436773
12016,343916,436774
12017,343917,436775
12018,343918,436776
12019,343924,452256
12020,343928,460984
12021,343929,460985
12022,343930,464719
12023,343931,464720
12024,343934,477425
12025,343935,477426
12026,343936,477427
12027,344023,842
12028,344024,2012
12029,344025,2013
12030,344026,2014
12031,344078,100285
12032,344079,100864
12033,344132,188208
12034,344133,189398
12035,344238,344442
12036,344248,362961
12037,344249,362962
12038,344261,380466
12039,344262,380467
12040,344263,380468
12041,344303,436765
12042,344304,436766
12043,344305,436767
12044,344306,436768
12045,344307,436769
12046,344308,436770
12047,344316,452249
12048,344317,452250
12049,344318,452251
12050,344319,452252
12051,344320,452253
12052,344321,452254
12053,344322,452255
12054,344326,460981
12055,344327,460982
12056,344328,460983
12057,344329,464716
12058,344330,464717
12059,344331,464718
12060,344336,476682
12061,344337,477423
12062,344338,477424
12063,344404,841
12064,344405,1161
12065,344406,1256
12066,344461,100863
12067,344508,188207
12068,344509,189396
12069,344510,189397
12070,344589,344441
12071,344594,362960
12072,344600,380465
12073,344629,434454
12074,344630,436761
12075,344631,436762
12076,344632,436763
12077,344633,436764
12078,344639,451063
12079,344640,452246
12080,344641,452247
12081,344642,452248
12082,344645,463767
12083,344646,463768
12084,344651,476556
12085,344709,1160
12086,344710,2010
12087,344711,2011
12088,344762,100861
12089,344763,100862
12090,344911,343764
12091,344912,344439
12092,344913,344440
12093,344926,362959
12094,344935,380463
12095,344936,380464
12096,344971,436754
12097,344972,436755
12098,344973,436756
12099,344974,436757
12100,344975,436758
12101,344976,436759
12102,344977,436760
12103,344986,452241
12104,344987,452242
12105,344988,452243
12106,344989,452244
12107,344990,452245
12108,344992,460977
12109,344993,460978
12110,344994,460979
12111,344995,460980
12112,344996,463508
12113,345094,16079
12114,345219,187687
12115,345220,189391
12116,345221,189392
12117,345222,189393
12118,345223,189394
12119,345224,189395
12120,345254,223802
12121,345255,223803
12122,345476,559174
12123,345477,559709
12124,345478,559710
12125,345479,562293
12126,345480,562294
12127,345481,562295
12128,345482,562296
12129,345483,562297
12130,345484,562298
12131,345485,562299
12132,345486,562300
12133,345523,15989
12134,345524,16078
12135,345622,189388
12136,345623,189389
12137,345624,189390
12138,345650,223800
12139,345651,223801
12140,345856,562291
12141,345857,562292
12142,345889,16026
12143,345890,16823
12144,345891,16824
12145,346185,562287
12146,346186,562288
12147,346187,562289
12148,346188,562290
12149,346331,189386
12150,346332,189387
12151,346351,223798
12152,346352,223799
12153,346551,562279
12154,346552,562280
12155,346553,562281
12156,346554,562282
12157,346555,562283
12158,346556,562284
12159,346557,562285
12160,346558,562286
12161,346598,16822
12162,346689,188206
12163,346690,189383
12164,346691,189384
12165,346692,189385
12166,346710,223797
12167,346889,559414
12168,346890,559708
12169,346891,562273
12170,346892,562274
12171,346893,562275
12172,346894,562276
12173,346895,562277
12174,346896,562278
12175,346920,16821
12176,346994,187868
12177,346995,187869
12178,346996,187870
12179,346997,189382
12180,347008,223796
12181,347160,559413
12182,347161,562271
12183,347162,562272
12184,347187,16819
12185,347188,16820
12186,347288,189380
12187,347289,189381
12188,347310,223794
12189,347311,223795
12190,347516,559412
12191,347517,562267
12192,347518,562268
12193,347519,562269
12194,347520,562270
12195,347546,984
12196,347547,1254
12197,347548,2000
12198,347552,12498
12199,347611,114142
12200,347628,140132
12201,347800,380446
12202,347801,380447
12203,347802,380448
12204,347814,393192
12205,347815,393726
12206,347839,433908
12207,347840,434016
12208,347841,436711
12209,347842,436712
12210,347843,436713
12211,347844,436714
12212,347845,436715
12213,347846,436716
12214,347847,436717
12215,347848,436718
12216,347859,452232
12217,347966,839
12218,347967,1252
12219,347968,1253
12220,347978,11848
12221,348029,114141
12222,348040,140126
12223,348041,140127
12224,348042,140128
12225,348043,140129
12226,348044,140130
12227,348045,140131
12228,348203,380445
12229,348212,393723
12230,348213,393724
12231,348214,393725
12232,348237,434207
12233,348238,436710
12234,348240,451062
12235,348241,452230
12236,348242,452231
12237,348347,1998
12238,348348,1999
12239,348555,379246
12240,348586,436705
12241,348587,436706
12242,348588,436707
12243,348589,436708
12244,348590,436709
12245,348596,450813
12246,348597,452229
12247,348631,524676
12248,348677,1159
12249,348678,1997
12250,348685,12497
12251,348748,139334
12252,348749,140125
12253,348894,380442
12254,348895,380443
12255,348896,380444
12256,348905,393722
12257,348922,436699
12258,348923,436700
12259,348924,436701
12260,348925,436702
12261,348926,436703
12262,348927,436704
12263,348933,452227
12264,348934,452228
12265,348969,524674
12266,348970,524675
12267,349019,1069
12268,349020,1158
12269,349021,1995
12270,349022,1996
12271,349027,11860
12272,349070,114140
12273,349191,393720
12274,349192,393721
12275,349209,436691
12276,349210,436692
12277,349211,436693
12278,349212,436694
12279,349213,436695
12280,349214,436696
12281,349215,436697
12282,349216,436698
12283,349263,524671
12284,349264,524672
12285,349265,524673
12286,349296,1251
12287,349303,12492
12288,349304,12493
12289,349305,12494
12290,349306,12495
12291,349307,12496
12292,349353,113752
12293,349354,113753
12294,349355,114137
12295,349356,114138
12296,349357,114139
12297,349363,140124
12298,349481,380440
12299,349482,380441
12300,349488,393718
12301,349489,393719
12302,349506,434206
12303,349507,436689
12304,349508,436690
12305,349514,450872
12306,349552,524092
12307,349553,524669
12308,349554,524670
12309,349593,1250
12310,349602,12491
12311,349670,114135
12312,349671,114136
12313,349836,380438
12314,349837,380439
12315,349871,434453
12316,349872,436685
12317,349873,436686
12318,349874,436687
12319,349875,436688
12320,349878,450812
12321,349879,452223
12322,349880,452224
12323,349881,452225
12324,349882,452226
12325,349928,524668
12326,350052,90108
12327,350053,90109
12328,350144,227921
12329,350145,227922
12330,350244,375891
12331,350280,432826
12332,350295,451060
12333,350296,451061
12334,350297,452221
12335,350298,452222
12336,350303,463648
12337,350304,463765
12338,350308,476440
12339,350309,477399
12340,350310,477400
12341,350311,477401
12342,350321,494364
12343,350322,494365
12344,350323,494366
12345,350346,524666
12346,350347,524667
12347,350469,90107
12348,350558,227919
12349,350559,227920
12350,350656,374290
12351,350657,374550
12352,350658,374551
12353,350659,375889
12354,350660,375890
12355,350701,432715
12356,350702,432825
12357,350715,452219
12358,350716,452220
12359,350721,463647
12360,350722,464695
12361,350723,464696
12362,350727,476554
12363,350728,477397
12364,350729,477398
12365,350751,494363
12366,350770,524662
12367,350771,524663
12368,350772,524664
12369,350773,524665
12370,350872,90106
12371,350945,227918
12372,351026,375887
12373,351027,375888
12374,351053,432714
12375,351067,452214
12376,351068,452215
12377,351069,452216
12378,351070,452217
12379,351071,452218
12380,351080,477395
12381,351081,477396
12382,351106,524658
12383,351107,524659
12384,351108,524660
12385,351109,524661
12386,351263,227917
12387,351333,374549
12388,351334,375886
12389,351357,432822
12390,351358,432823
12391,351359,432824
12392,351376,450871
12393,351377,451223
12394,351378,452213
12395,351381,463645
12396,351382,463646
12397,351383,464693
12398,351384,464694
12399,351388,477393
12400,351389,477394
12401,351413,524091
12402,351414,524655
12403,351415,524656
12404,351416,524657
12405,351519,88934
12406,351520,90104
12407,351521,90105
12408,351582,227914
12409,351583,227915
12410,351584,227916
12411,351682,375883
12412,351683,375884
12413,351684,375885
12414,351720,432713
12415,351721,432821
12416,351735,452212
12417,351740,463443
12418,351741,463644
12419,351757,494360
12420,351758,494361
12421,351759,494362
12422,351775,524654
12423,351864,90102
12424,351865,90103
12425,352014,374289
12426,352057,452210
12427,352058,452211
12428,352062,464692
12429,352067,477392
12430,352073,494358
12431,352074,494359
12432,352097,524652
12433,352098,524653
12434,352189,90101
12435,352280,227913
12436,352378,375881
12437,352379,375882
12438,352414,432819
12439,352415,432820
12440,352436,463764
12441,352437,464691
12442,352443,477390
12443,352444,477391
12444,352454,494356
12445,352455,494357
12446,352474,524648
12447,352475,524649
12448,352476,524650
12449,352477,524651
12450,352645,140116
12451,352646,140117
12452,352648,147429
12453,352686,212915
12454,352687,212916
12455,352793,375876
12456,352794,375877
12457,352795,375878
12458,352796,375879
12459,352797,375880
12460,352834,434196
12461,352835,434197
12462,352836,436651
12463,352837,436652
12464,352838,436653
12465,352839,436654
12466,352840,436655
12467,352848,450811
12468,352849,451059
12469,352850,452207
12470,352851,452208
12471,352852,452209
12472,352856,463643
12473,352857,464689
12474,352858,464690
12475,352864,477389
12476,352975,20730
12477,353050,140115
12478,353203,374288
12479,353204,375874
12480,353205,375875
12481,353242,436646
12482,353243,436647
12483,353244,436648
12484,353245,436649
12485,353246,436650
12486,353253,450940
12487,353254,451058
12488,353255,451222
12489,353256,452204
12490,353257,452205
12491,353258,452206
12492,353273,476439
12493,353274,477386
12494,353275,477387
12495,353276,477388
12496,353368,20726
12497,353369,20727
12498,353370,20728
12499,353371,20729
12500,353417,147428
12501,353460,212912
12502,353461,212913
12503,353462,212914
12504,353570,374548
12505,353571,375871
12506,353572,375872
12507,353573,375873
12508,353608,436643
12509,353609,436644
12510,353610,436645
12511,353620,452200
12512,353621,452201
12513,353622,452202
12514,353623,452203
12515,353626,463442
12516,353627,463763
12517,353628,464688
12518,353637,476438
12519,353638,477385
12520,353720,20724
12521,353721,20725
12522,353776,140113
12523,353777,140114
12524,353801,212910
12525,353802,212911
12526,353867,375870
12527,353897,434449
12528,353898,436642
12529,353903,452199
12530,353905,463441
12531,353906,463762
12532,353907,464685
12533,353908,464686
12534,353909,464687
12535,353984,20720
12536,353985,20721
12537,353986,20722
12538,353987,20723
12539,354065,140110
12540,354066,140111
12541,354067,140112
12542,354071,147427
12543,354104,212909
12544,354188,374287
12545,354189,374547
12546,354190,375866
12547,354191,375867
12548,354192,375868
12549,354193,375869
12550,354232,436638
12551,354233,436639
12552,354234,436640
12553,354235,436641
12554,354236,452198
12555,354242,463352
12556,354243,463761
12557,354244,464683
12558,354245,464684
12559,354252,477383
12560,354253,477384
12561,354330,20718
12562,354331,20719
12563,354401,139389
12564,354434,212908
12565,354525,375863
12566,354526,375864
12567,354527,375865
12568,354557,434448
12569,354558,436637
12570,354567,452196
12571,354568,452197
12572,354571,464681
12573,354572,464682
12574,354722,140109
12575,354727,146710
12576,354728,147420
12577,354729,147421
12578,354730,147422
12579,354731,147423
12580,354732,147424
12581,354733,147425
12582,354734,147426
12583,354780,212006
12584,354781,212905
12585,354782,212906
12586,354783,212907
12587,354895,374546
12588,354896,375861
12589,354897,375862
12590,354943,434447
12591,354944,436635
12592,354945,436636
12593,354953,450810
12594,354954,452191
12595,354955,452192
12596,354956,452193
12597,354957,452194
12598,354958,452195
12599,354962,463642
12600,354963,463760
12601,354968,477381
12602,354969,477382
12603,355065,16791
12604,355066,16792
12605,355139,109643
12606,355155,130743
12607,355222,223165
12608,355223,223166
12609,355224,223240
12610,355225,223777
12611,355244,243368
12612,355245,243653
12613,355246,243654
12614,355247,244472
12615,355333,344420
12616,355356,380401
12617,355357,380402
12618,355396,436632
12619,355397,436633
12620,355398,436634
12621,355420,467806
12622,355421,467807
12623,355445,493650
12624,355446,493701
12625,355447,493806
12626,355450,501604
12627,355451,501605
12628,355452,501606
12629,355531,16786
12630,355532,16787
12631,355533,16788
12632,355534,16789
12633,355535,16790
12634,355603,109640
12635,355604,109641
12636,355605,109642
12637,355621,130741
12638,355622,130742
12639,355683,223775
12640,355684,223776
12641,355695,243652
12642,355696,244471
12643,355770,344417
12644,355771,344418
12645,355772,344419
12646,355796,380399
12647,355797,380400
12648,355837,434195
12649,355838,434446
12650,355839,436627
12651,355840,436628
12652,355841,436629
12653,355842,436630
12654,355843,436631
12655,355858,467803
12656,355859,467804
12657,355860,467805
12658,355875,494349
12659,355880,501601
12660,355881,501602
12661,355882,501603
12662,355949,16783
12663,355950,16784
12664,355951,16785
12665,356010,109638
12666,356011,109639
12667,356030,130739
12668,356031,130740
12669,356115,244468
12670,356116,244469
12671,356117,244470
12672,356165,344414
12673,356166,344415
12674,356167,344416
12675,356189,379245
12676,356190,380396
12677,356191,380397
12678,356192,380398
12679,356233,436619
12680,356234,436620
12681,356235,436621
12682,356236,436622
12683,356237,436623
12684,356238,436624
12685,356239,436625
12686,356240,436626
12687,356255,466791
12688,356274,500957
12689,356406,109637
12690,356420,130175
12691,356421,130736
12692,356422,130737
12693,356423,130738
12694,356481,223773
12695,356482,223774
12696,356490,243483
12697,356491,243651
12698,356492,244467
12699,356570,380395
12700,356598,434193
12701,356599,434194
12702,356600,436617
12703,356601,436618
12704,356611,467801
12705,356612,467802
12706,356628,494348
12707,356630,501600
12708,356691,16782
12709,356730,109636
12710,356742,130734
12711,356743,130735
12712,356789,243482
12713,356876,380394
12714,356909,433907
12715,356910,434445
12716,356911,436613
12717,356912,436614
12718,356913,436615
12719,356914,436616
12720,356929,466790
12721,356930,467800
12722,356949,493700
12723,356950,494346
12724,356951,494347
12725,356954,501597
12726,356955,501598
12727,356956,501599
12728,357028,16779
12729,357029,16780
12730,357030,16781
12731,357080,109635
12732,357091,130731
12733,357092,130732
12734,357093,130733
12735,357151,243650
12736,357152,244465
12737,357153,244466
12738,357214,344413
12739,357230,379121
12740,357231,380392
12741,357232,380393
12742,357259,434192
12743,357260,436610
12744,357261,436611
12745,357262,436612
12746,357277,467799
12747,357288,494344
12748,357289,494345
12749,357293,501596
12750,357363,16776
12751,357364,16777
12752,357365,16778
12753,357415,109634
12754,357425,130730
12755,357471,223119
12756,357472,223131
12757,357490,243649
12758,357491,244464
12759,357551,344411
12760,357552,344412
12761,357571,380388
12762,357572,380389
12763,357573,380390
12764,357574,380391
12765,357609,436607
12766,357610,436608
12767,357611,436609
12768,357646,494343
12769,357648,501594
12770,357649,501595
12771,357803,133669
12772,357812,147407
12773,357813,147408
12774,357814,147409
12775,358051,464661
12776,358052,464662
12777,358053,464663
12778,358054,464664
12779,358055,467798
12780,358131,559693
12781,358132,562158
12782,358133,562159
12783,358134,562160
12784,358135,562161
12785,358136,562162
12786,358247,133668
12787,358258,147406
12788,358467,463758
12789,358468,464659
12790,358469,464660
12791,358532,562156
12792,358533,562157
12793,358646,132917
12794,358647,133664
12795,358648,133665
12796,358649,133666
12797,358650,133667
12798,358658,147405
12799,358850,463757
12800,358851,464658
12801,358852,467793
12802,358853,467794
12803,358854,467795
12804,358855,467796
12805,358856,467797
12806,358912,562151
12807,358913,562152
12808,358914,562153
12809,358915,562154
12810,358916,562155
12811,359033,133663
12812,359044,147404
12813,359287,463440
12814,359288,464657
12815,359289,467790
12816,359290,467791
12817,359291,467792
12818,359354,562147
12819,359355,562148
12820,359356,562149
12821,359357,562150
12822,359462,133662
12823,359467,147403
12824,359651,463641
12825,359652,467789
12826,359705,559692
12827,359706,562144
12828,359707,562145
12829,359708,562146
12830,359803,133661
12831,359807,147400
12832,359808,147401
12833,359809,147402
12834,359973,467787
12835,359974,467788
12836,360027,559120
12837,360028,562142
12838,360029,562143
12839,360130,133659
12840,360131,133660
12841,360137,147397
12842,360138,147398
12843,360139,147399
12844,360366,463439
12845,360367,463640
12846,360368,464656
12847,360370,467786
12848,360421,559408
12849,360422,562140
12850,360423,562141
12851,360447,835
12852,360448,1955
12853,360467,27477
12854,360468,27478
12855,360469,27479
12856,360470,27480
12857,360471,27481
12858,360472,27482
12859,360510,86612
12860,360511,86613
12861,360512,86614
12862,360567,156139
12863,360568,156140
12864,360569,156789
12865,360570,156790
12866,360636,243646
12867,360637,244453
12868,360644,257498
12869,360648,263945
12870,360649,263946
12871,360650,263947
12872,360683,306364
12873,360684,306735
12874,360685,306736
12875,360732,375826
12876,360770,426006
12877,360771,426510
12878,360792,451053
12879,360793,452165
12880,360794,452166
12881,360795,452167
12882,360797,457905
12883,360798,457906
12884,360799,457907
12885,360847,515649
12886,360873,555108
12887,360923,978
12888,360924,1150
12889,360925,1151
12890,360926,1954
12891,360945,27474
12892,360946,27475
12893,360947,27476
12894,360981,86611
12895,361093,243645
12896,361094,244451
12897,361095,244452
12898,361108,257497
12899,361113,263943
12900,361114,263944
12901,361202,374283
12902,361203,374540
12903,361204,374541
12904,361230,426509
12905,361248,452162
12906,361249,452163
12907,361250,452164
12908,361253,457904
12909,361312,554795
12910,361313,555107
12911,361352,1066
12912,361353,1952
12913,361354,1953
12914,361459,156786
12915,361460,156787
12916,361461,156788
12917,361506,244449
12918,361507,244450
12919,361518,257274
12920,361519,257494
12921,361520,257495
12922,361521,257496
12923,361523,263247
12924,361524,263941
12925,361525,263942
12926,361541,306270
12927,361542,306734
12928,361595,374282
12929,361596,375820
12930,361597,375821
12931,361598,375822
12932,361599,375823
12933,361600,375824
12934,361601,375825
12935,361630,426508
12936,361646,451052
12937,361647,451218
12938,361648,452160
12939,361649,452161
12940,361654,457903
12941,361693,515647
12942,361694,515648
12943,361723,555105
12944,361724,555106
12945,361752,1949
12946,361753,1950
12947,361754,1951
12948,361796,86610
12949,361845,156784
12950,361846,156785
12951,361884,244448
12952,361892,257493
12953,361893,263939
12954,361894,263940
12955,361916,306733
12956,361979,425940
12957,361980,426507
12958,361992,452158
12959,361993,452159
12960,361994,457901
12961,361995,457902
12962,362032,515645
12963,362033,515646
12964,362053,554794
12965,362082,1247
12966,362083,1944
12967,362084,1945
12968,362085,1946
12969,362086,1947
12970,362087,1948
12971,362131,86607
12972,362132,86608
12973,362133,86609
12974,362229,244445
12975,362230,244446
12976,362231,244447
12977,362242,263938
12978,362277,306299
12979,362278,306732
12980,362315,374281
12981,362316,374539
12982,362317,375819
12983,362337,426505
12984,362338,426506
12985,362351,452157
12986,362353,457899
12987,362354,457900
12988,362393,515644
12989,362424,555101
12990,362425,555102
12991,362426,555103
12992,362427,555104
12993,362458,1942
12994,362459,1943
12995,362469,27473
12996,362494,86605
12997,362495,86606
12998,362525,156783
12999,362562,243480
13000,362563,244443
13001,362564,244444
13002,362571,257490
13003,362572,257491
13004,362573,257492
13005,362650,426504
13006,362659,450936
13007,362660,452154
13008,362661,452155
13009,362662,452156
13010,362697,515642
13011,362698,515643
13012,362750,1941
13013,362768,27471
13014,362769,27472
13015,362814,86088
13016,362815,86602
13017,362816,86603
13018,362817,86604
13019,362860,155978
13020,362914,243644
13021,362915,244441
13022,362916,244442
13023,362925,263284
13024,362926,263933
13025,362927,263934
13026,362928,263935
13027,362929,263936
13028,362930,263937
13029,362956,306363
13030,362957,306731
13031,363009,375816
13032,363010,375817
13033,363011,375818
13034,363043,426503
13035,363057,450869
13036,363058,452149
13037,363059,452150
13038,363060,452151
13039,363061,452152
13040,363062,452153
13041,363063,457898
13042,363109,515640
13043,363110,515641
13044,363137,555100
13045,363190,16757
13046,363191,16758
13047,363192,16759
13048,363238,86087
13049,363239,86599
13050,363240,86600
13051,363241,86601
13052,363282,140083
13053,363283,140084
13054,363284,140085
13055,363305,174950
13056,363316,189300
13057,363317,189301
13058,363412,324255
13059,363413,324256
13060,363453,380368
13061,363454,380369
13062,363510,467770
13063,363511,467771
13064,363575,559173
13065,363576,559689
13066,363577,562098
13067,363578,562099
13068,363579,562100
13069,363590,577242
13070,363591,577243
13071,363612,601314
13072,363613,601315
13073,363614,601316
13074,363615,601317
13075,363616,601318
13076,363617,601319
13077,363618,601320
13078,363619,601321
13079,363633,16756
13080,363675,86597
13081,363676,86598
13082,363709,140082
13083,363727,174948
13084,363728,174949
13085,363741,188187
13086,363742,189299
13087,363854,380366
13088,363855,380367
13089,363907,467767
13090,363908,467768
13091,363909,467769
13092,363967,562094
13093,363968,562095
13094,363969,562096
13095,363970,562097
13096,363980,577241
13097,364002,600343
13098,364003,601307
13099,364004,601308
13100,364005,601309
13101,364006,601310
13102,364007,601311
13103,364008,601312
13104,364009,601313
13105,364026,16754
13106,364027,16755
13107,364063,86086
13108,364082,140081
13109,364099,174946
13110,364100,174947
13111,364106,187649
13112,364107,189295
13113,364108,189296
13114,364109,189297
13115,364110,189298
13116,364180,323667
13117,364181,324252
13118,364182,324253
13119,364183,324254
13120,364226,380365
13121,364287,467764
13122,364288,467765
13123,364289,467766
13124,364347,562091
13125,364348,562092
13126,364349,562093
13127,364360,577239
13128,364361,577240
13129,364375,600304
13130,364376,601303
13131,364377,601304
13132,364378,601305
13133,364379,601306
13134,364399,16753
13135,364426,86595
13136,364427,86596
13137,364450,139472
13138,364463,174943
13139,364464,174944
13140,364465,174945
13141,364475,189292
13142,364476,189293
13143,364477,189294
13144,364543,323719
13145,364544,324251
13146,364582,380364
13147,364622,467762
13148,364623,467763
13149,364690,562089
13150,364691,562090
13151,364717,601296
13152,364718,601297
13153,364719,601298
13154,364720,601299
13155,364721,601300
13156,364722,601301
13157,364723,601302
13158,364742,16752
13159,364777,86594
13160,364805,140080
13161,364822,174941
13162,364823,174942
13163,364832,189290
13164,364833,189291
13165,364954,379244
13166,364955,380363
13167,364997,467760
13168,364998,467761
13169,365041,559242
13170,365042,559688
13171,365043,562084
13172,365044,562085
13173,365045,562086
13174,365046,562087
13175,365047,562088
13176,365071,601289
13177,365072,601290
13178,365073,601291
13179,365074,601292
13180,365075,601293
13181,365076,601294
13182,365077,601295
13183,365087,16751
13184,365123,86060
13185,365124,86593
13186,365151,140079
13187,365172,174938
13188,365173,174939
13189,365174,174940
13190,365185,188186
13191,365186,189288
13192,365187,189289
13193,365312,379176
13194,365313,380362
13195,365424,562083
13196,365445,601286
13197,365446,601287
13198,365447,601288
13199,365461,16750
13200,365490,86592
13201,365514,140075
13202,365515,140076
13203,365516,140077
13204,365517,140078
13205,365545,174937
13206,365550,189286
13207,365551,189287
13208,365631,324248
13209,365632,324249
13210,365633,324250
13211,365766,562077
13212,365767,562078
13213,365768,562079
13214,365769,562080
13215,365770,562081
13216,365771,562082
13217,365778,576837
13218,365779,577234
13219,365780,577235
13220,365781,577236
13221,365782,577237
13222,365783,577238
13223,365796,601281
13224,365797,601282
13225,365798,601283
13226,365799,601284
13227,365800,601285
13228,365802,1149
13229,365803,1245
13230,365811,16747
13231,365812,16748
13232,365813,16749
13233,365815,22478
13234,365855,90050
13235,365856,90051
13236,365857,90052
13237,365858,90053
13238,365859,90054
13239,365869,100821
13240,365870,100822
13241,365893,140072
13242,365894,140073
13243,365895,140074
13244,365975,263926
13245,366066,369819
13246,366067,369820
13247,366068,369821
13248,366069,369822
13249,366072,375798
13250,366127,464633
13251,366134,477343
13252,366162,524072
13253,366163,524585
13254,366174,542893
13255,366175,543170
13256,366176,543171
13257,366236,1927
13258,366238,16746
13259,366243,23202
13260,366279,90049
13261,366285,100820
13262,366310,140070
13263,366311,140071
13264,366426,369816
13265,366427,369817
13266,366428,369818
13267,366433,375794
13268,366434,375795
13269,366435,375796
13270,366436,375797
13271,366479,460934
13272,366480,460935
13273,366481,464632
13274,366488,477341
13275,366489,477342
13276,366508,524584
13277,366519,543168
13278,366520,543169
13279,366554,1925
13280,366555,1926
13281,366565,16743
13282,366566,16744
13283,366567,16745
13284,366570,22477
13285,366571,23198
13286,366572,23199
13287,366573,23200
13288,366574,23201
13289,366618,90047
13290,366619,90048
13291,366624,100281
13292,366625,100819
13293,366655,139387
13294,366656,139471
13295,366661,148991
13296,366739,263925
13297,366812,368953
13298,366813,369214
13299,366814,369811
13300,366815,369812
13301,366816,369813
13302,366817,369814
13303,366818,369815
13304,366821,374280
13305,366822,375790
13306,366823,375791
13307,366824,375792
13308,366825,375793
13309,366899,460931
13310,366900,460932
13311,366901,460933
13312,366902,463438
13313,366903,464628
13314,366904,464629
13315,366905,464630
13316,366906,464631
13317,366921,477339
13318,366922,477340
13319,366956,524580
13320,366957,524581
13321,366958,524582
13322,366959,524583
13323,367015,834
13324,367016,975
13325,367024,22475
13326,367025,22476
13327,367026,23196
13328,367027,23197
13329,367051,90046
13330,367054,100816
13331,367055,100817
13332,367056,100818
13333,367085,140069
13334,367093,148932
13335,367166,263283
13336,367167,263322
13337,367168,263922
13338,367169,263923
13339,367170,263924
13340,367221,369809
13341,367222,369810
13342,367224,374279
13343,367225,375784
13344,367226,375785
13345,367227,375786
13346,367228,375787
13347,367229,375788
13348,367230,375789
13349,367286,460929
13350,367287,460930
13351,367288,464623
13352,367289,464624
13353,367290,464625
13354,367291,464626
13355,367292,464627
13356,367306,477335
13357,367307,477336
13358,367308,477337
13359,367309,477338
13360,367333,524578
13361,367334,524579
13362,367347,542892
13363,367348,543166
13364,367349,543167
13365,367392,1063
13366,367393,1922
13367,367394,1923
13368,367395,1924
13369,367400,15988
13370,367401,16741
13371,367402,16742
13372,367405,23194
13373,367406,23195
13374,367447,90043
13375,367448,90044
13376,367449,90045
13377,367455,100814
13378,367456,100815
13379,367484,140068
13380,367488,148902
13381,367489,148930
13382,367490,148931
13383,367491,148989
13384,367492,148990
13385,367568,263920
13386,367569,263921
13387,367636,369807
13388,367637,369808
13389,367642,375782
13390,367643,375783
13391,367696,460233
13392,367697,460928
13393,367698,464621
13394,367699,464622
13395,367710,477334
13396,367735,524576
13397,367736,524577
13398,367790,1244
13399,367791,1921
13400,367798,22474
13401,367836,89214
13402,367837,90041
13403,367838,90042
13404,367861,148928
13405,367862,148929
13406,367863,148988
13407,367937,263919
13408,367994,369213
13409,367995,369806
13410,367999,375781
13411,368047,460927
13412,368048,464620
13413,368054,476549
13414,368055,477333
13415,368078,524574
13416,368079,524575
13417,368090,543165
13418,368127,974
13419,368128,1062
13420,368129,1148
13421,368130,1920
13422,368139,16739
13423,368140,16740
13424,368194,100813
13425,368207,140066
13426,368208,140067
13427,368212,148900
13428,368213,148901
13429,368214,148913
13430,368215,148927
13431,368286,263918
13432,368365,369803
13433,368366,369804
13434,368367,369805
13435,368372,375779
13436,368373,375780
13437,368420,460207
13438,368421,460925
13439,368422,460926
13440,368423,463504
13441,368424,464619
13442,368433,477331
13443,368434,477332
13444,368474,543164
13445,368522,1919
13446,368580,90036
13447,368581,90037
13448,368582,90038
13449,368583,90039
13450,368584,90040
13451,368637,183608
13452,368652,204157
13453,368653,204158
13454,368654,204159
13455,368655,204160
13456,368737,318156
13457,368831,464618
13458,368841,477329
13459,368842,477330
13460,368876,524068
13461,368921,584443
13462,368922,584444
13463,368938,601246
13464,368939,601247
13465,368940,601248
13466,368941,601249
13467,368942,601250
13468,368943,601251
13469,368944,601252
13470,368945,601253
13471,368946,601254
13472,368947,601255
13473,368955,833
13474,368956,1243
13475,368957,1917
13476,368958,1918
13477,369018,86582
13478,369022,90035
13479,369105,183065
13480,369106,183607
13481,369118,204153
13482,369119,204154
13483,369120,204155
13484,369121,204156
13485,369221,318152
13486,369222,318153
13487,369223,318154
13488,369224,318155
13489,369343,463349
13490,369344,464615
13491,369345,464616
13492,369346,464617
13493,369352,477328
13494,369393,524571
13495,369394,524572
13496,369395,524573
13497,369428,554235
13498,369451,584441
13499,369452,584442
13500,369460,600323
13501,369461,601244
13502,369462,601245
13503,369479,13802
13504,369535,86579
13505,369536,86580
13506,369537,86581
13507,369540,90034
13508,369605,183603
13509,369606,183604
13510,369607,183605
13511,369608,183606
13512,369625,204151
13513,369626,204152
13514,369715,318151
13515,369823,464614
13516,369871,524570
13517,369909,554234
13518,369938,584286
13519,369939,584439
13520,369940,584440
13521,369955,601240
13522,369956,601241
13523,369957,601242
13524,369958,601243
13525,369967,832
13526,369968,1915
13527,369969,1916
13528,369977,13631
13529,369978,13798
13530,369979,13799
13531,369980,13800
13532,369981,13801
13533,370037,86578
13534,370093,183602
13535,370273,463635
13536,370274,464611
13537,370275,464612
13538,370276,464613
13539,370283,476679
13540,370284,477327
13541,370306,524567
13542,370307,524568
13543,370308,524569
13544,370325,554231
13545,370326,554232
13546,370327,554233
13547,370345,584438
13548,370356,601237
13549,370357,601238
13550,370358,601239
13551,370364,1914
13552,370368,13797
13553,370420,86577
13554,370422,90033
13555,370490,183600
13556,370491,183601
13557,370512,204150
13558,370689,463634
13559,370690,464609
13560,370691,464610
13561,370698,477325
13562,370699,477326
13563,370722,524566
13564,370746,554230
13565,370763,584437
13566,370775,600309
13567,370776,601232
13568,370777,601233
13569,370778,601234
13570,370779,601235
13571,370780,601236
13572,370785,1061
13573,370786,1913
13574,370794,13795
13575,370795,13796
13576,370838,86574
13577,370839,86575
13578,370840,86576
13579,370841,89213
13580,370842,90031
13581,370843,90032
13582,370990,318150
13583,371075,463503
13584,371076,464608
13585,371088,476548
13586,371089,477324
13587,371121,524563
13588,371122,524564
13589,371123,524565
13590,371145,554227
13591,371146,554228
13592,371147,554229
13593,371192,601229
13594,371193,601230
13595,371194,601231
13596,371198,1910
13597,371199,1911
13598,371200,1912
13599,371207,13793
13600,371208,13794
13601,371263,86572
13602,371264,86573
13603,371267,90028
13604,371268,90029
13605,371269,90030
13606,371342,204149
13607,371416,317541
13608,371417,318146
13609,371418,318147
13610,371419,318148
13611,371420,318149
13612,371531,463631
13613,371532,463632
13614,371533,463633
13615,371534,464606
13616,371535,464607
13617,371541,476547
13618,371598,554226
13619,371615,584435
13620,371616,584436
13621,371633,601225
13622,371634,601226
13623,371635,601227
13624,371636,601228
13625,371638,831
13626,371639,1909
13627,371734,133637
13628,371735,133638
13629,371736,133639
13630,371823,249715
13631,371824,250305
13632,371825,250306
13633,371887,318143
13634,371888,318144
13635,371889,318145
13636,372016,463756
13637,372017,464603
13638,372018,464604
13639,372019,464605
13640,372029,476546
13641,372030,477323
13642,372150,1147
13643,372209,90027
13644,372305,250303
13645,372306,250304
13646,372351,318142
13647,372460,463630
13648,372466,477322
13649,372479,498923
13650,372480,498924
13651,372481,498925
13652,372578,973
13653,372579,1146
13654,372580,1242
13655,372647,90025
13656,372648,90026
13657,372683,133633
13658,372684,133634
13659,372685,133635
13660,372686,133636
13661,372767,250300
13662,372768,250301
13663,372769,250302
13664,372819,317540
13665,372820,318141
13666,372921,463754
13667,372922,463755
13668,372923,464602
13669,372927,476678
13670,372928,477321
13671,372939,498918
13672,372940,498919
13673,372941,498920
13674,372942,498921
13675,372943,498922
13676,373025,1907
13677,373026,1908
13678,373072,90022
13679,373073,90023
13680,373074,90024
13681,373188,250299
13682,373228,318140
13683,373345,464600
13684,373346,464601
13685,373352,477319
13686,373353,477320
13687,373365,498468
13688,373366,498917
13689,373442,830
13690,373443,1241
13691,373444,1904
13692,373445,1905
13693,373446,1906
13694,373500,90019
13695,373501,90020
13696,373502,90021
13697,373521,133632
13698,373644,318139
13699,373721,464598
13700,373722,464599
13701,373736,476386
13702,373737,477318
13703,373747,498916
13704,373828,1060
13705,373873,90017
13706,373874,90018
13707,373903,132915
13708,373904,133629
13709,373905,133630
13710,373906,133631
13711,374014,318138
13712,374093,464596
13713,374094,464597
13714,374097,477317
13715,374186,1902
13716,374187,1903
13717,374253,90016
13718,374287,133628
13719,374362,250298
13720,374417,318137
13721,374516,463752
13722,374517,463753
13723,374518,464590
13724,374519,464591
13725,374520,464592
13726,374521,464593
13727,374522,464594
13728,374523,464595
13729,374535,477314
13730,374536,477315
13731,374537,477316
13732,374553,498914
13733,374554,498915
13734,374640,829
13735,374651,20680
13736,374652,20681
13737,374653,23183
13738,374654,23184
13739,374751,149489
13740,374805,212857
13741,374825,243342
13742,374826,244382
13743,374827,244383
13744,374829,247683
13745,374830,247684
13746,374833,250297
13747,374880,317539
13748,374881,318134
13749,374882,318135
13750,374883,318136
13751,374947,393669
13752,374948,395595
13753,374949,395596
13754,375007,463751
13755,375008,464589
13756,375049,524548
13757,375050,524549
13758,375114,1899
13759,375115,1900
13760,375116,1901
13761,375217,149486
13762,375218,149487
13763,375219,149488
13764,375262,212854
13765,375263,212855
13766,375264,212856
13767,375286,243641
13768,375287,250295
13769,375288,250296
13770,375330,318133
13771,375377,393668
13772,375378,395590
13773,375379,395591
13774,375380,395592
13775,375381,395593
13776,375382,395594
13777,375442,464586
13778,375443,464587
13779,375444,464588
13780,375470,524546
13781,375471,524547
13782,375526,1898
13783,375535,20678
13784,375536,20679
13785,375611,149484
13786,375612,149485
13787,375649,212850
13788,375650,212851
13789,375651,212852
13790,375652,212853
13791,375673,243640
13792,375674,244380
13793,375675,244381
13794,375676,247680
13795,375677,247681
13796,375678,247682
13797,375680,249752
13798,375681,250293
13799,375682,250294
13800,375725,318131
13801,375726,318132
13802,375773,393666
13803,375774,393667
13804,375775,395588
13805,375776,395589
13806,375819,463629
13807,375857,524064
13808,375911,1896
13809,375912,1897
13810,375921,20676
13811,375922,20677
13812,375924,23180
13813,375925,23181
13814,375926,23182
13815,376009,149481
13816,376010,149482
13817,376011,149483
13818,376056,212849
13819,376075,243639
13820,376076,244378
13821,376077,244379
13822,376079,247678
13823,376080,247679
13824,376081,250292
13825,376126,318130
13826,376159,393665
13827,376160,395584
13828,376161,395585
13829,376162,395586
13830,376163,395587
13831,376196,464585
13832,376229,524545
13833,376297,1145
13834,376298,1894
13835,376299,1895
13836,376306,20675
13837,376379,149479
13838,376380,149480
13839,376425,212848
13840,376441,243638
13841,376442,244375
13842,376443,244376
13843,376444,244377
13844,376484,318128
13845,376485,318129
13846,376532,393664
13847,376533,395583
13848,376571,464584
13849,376617,524544
13850,376671,1893
13851,376677,23179
13852,376746,149478
13853,376808,244374
13854,376812,249714
13855,376813,250291
13856,376853,317517
13857,376854,318127
13858,376902,393663
13859,376935,463348
13860,376936,463628
13861,376937,464581
13862,376938,464582
13863,376939,464583
13864,377034,1892
13865,377040,20672
13866,377041,20673
13867,377042,20674
13868,377043,23175
13869,377044,23176
13870,377045,23177
13871,377046,23178
13872,377132,149477
13873,377191,243477
13874,377192,244372
13875,377193,244373
13876,377195,247675
13877,377196,247676
13878,377197,247677
13879,377198,250289
13880,377199,250290
13881,377253,318125
13882,377254,318126
13883,377297,393660
13884,377298,393661
13885,377299,393662
13886,377300,395582
13887,377337,464580
13888,377372,524541
13889,377373,524542
13890,377374,524543
13891,377437,972
13892,377438,1240
13893,377534,114100
13894,377535,114101
13895,377536,114102
13896,377564,159222
13897,377604,212845
13898,377605,212846
13899,377606,212847
13900,377629,244370
13901,377630,244371
13902,377642,263897
13903,377643,263898
13904,377739,374531
13905,377783,426475
13906,377784,426476
13907,377804,450806
13908,377805,452067
13909,377812,463437
13910,377813,464576
13911,377814,464577
13912,377815,464578
13913,377816,464579
13914,377864,524540
13915,377968,114097
13916,377969,114098
13917,377970,114099
13918,378007,158442
13919,378008,159220
13920,378009,159221
13921,378061,244367
13922,378062,244368
13923,378063,244369
13924,378080,263896
13925,378151,368951
13926,378152,369774
13927,378153,369775
13928,378154,369776
13929,378191,426473
13930,378192,426474
13931,378205,452065
13932,378206,452066
13933,378211,463627
13934,378212,464573
13935,378213,464574
13936,378214,464575
13937,378246,524539
13938,378303,828
13939,378304,971
13940,378305,1889
13941,378306,1890
13942,378307,1891
13943,378429,211955
13944,378430,212843
13945,378431,212844
13946,378450,244365
13947,378451,244366
13948,378458,263895
13949,378523,369773
13950,378525,375729
13951,378570,450931
13952,378571,451047
13953,378572,451215
13954,378573,452064
13955,378582,464570
13956,378583,464571
13957,378584,464572
13958,378624,524537
13959,378625,524538
13960,378680,1885
13961,378681,1886
13962,378682,1887
13963,378683,1888
13964,378743,114096
13965,378772,159217
13966,378773,159218
13967,378774,159219
13968,378802,212837
13969,378803,212838
13970,378804,212839
13971,378805,212840
13972,378806,212841
13973,378807,212842
13974,378824,244362
13975,378825,244363
13976,378826,244364
13977,378838,263894
13978,378888,369771
13979,378889,369772
13980,378892,375727
13981,378893,375728
13982,378949,452061
13983,378950,452062
13984,378951,452063
13985,378958,463502
13986,378990,524535
13987,378991,524536
13988,379050,1884
13989,379137,159216
13990,379185,243476
13991,379186,244360
13992,379187,244361
13993,379201,263890
13994,379202,263891
13995,379203,263892
13996,379204,263893
13997,379267,368950
13998,379268,369768
13999,379269,369769
14000,379270,369770
14001,379274,374530
14002,379275,375722
14003,379276,375723
14004,379277,375724
14005,379278,375725
14006,379279,375726
14007,379310,426471
14008,379311,426472
14009,379332,452058
14010,379333,452059
14011,379334,452060
14012,379338,464567
14013,379339,464568
14014,379340,464569
14015,379419,827
14016,379420,1239
14017,379421,1883
14018,379505,114094
14019,379506,114095
14020,379539,159214
14021,379540,159215
14022,379578,212836
14023,379592,243341
14024,379593,244356
14025,379594,244357
14026,379595,244358
14027,379596,244359
14028,379603,263889
14029,379680,368991
14030,379681,369766
14031,379682,369767
14032,379684,374529
14033,379715,426470
14034,379726,451046
14035,379727,452056
14036,379728,452057
14037,379732,463750
14038,379733,464565
14039,379734,464566
14040,379838,1144
14041,379839,1880
14042,379840,1881
14043,379841,1882
14044,379933,114093
14045,380063,263887
14046,380064,263888
14047,380145,369762
14048,380146,369763
14049,380147,369764
14050,380148,369765
14051,380155,374104
14052,380156,374528
14053,380157,375720
14054,380158,375721
14055,380188,426467
14056,380189,426468
14057,380190,426469
14058,380213,451045
14059,380214,452051
14060,380215,452052
14061,380216,452053
14062,380217,452054
14063,380218,452055
14064,380225,463749
14065,380226,464563
14066,380227,464564
14067,380262,524531
14068,380263,524532
14069,380264,524533
14070,380265,524534
14071,380439,159213
14072,380501,249729
14073,380502,250280
14074,380503,250281
14075,380556,344367
14076,380599,393651
14077,380600,393652
14078,380601,393653
14079,380715,555082
14080,380716,559396
14081,380717,561932
14082,380718,561933
14083,380719,561934
14084,380720,561935
14085,380749,601123
14086,380750,601124
14087,380833,158619
14088,380834,159211
14089,380835,159212
14090,380875,249834
14091,380876,250279
14092,380923,344365
14093,380924,344366
14094,380955,393649
14095,380956,393650
14096,381051,559395
14097,381052,559674
14098,381053,559675
14099,381054,561928
14100,381055,561929
14101,381056,561930
14102,381057,561931
14103,381081,601116
14104,381082,601117
14105,381083,601118
14106,381084,601119
14107,381085,601120
14108,381086,601121
14109,381087,601122
14110,381190,159209
14111,381191,159210
14112,381243,250276
14113,381244,250277
14114,381245,250278
14115,381308,393648
14116,381404,554814
14117,381405,555080
14118,381406,555081
14119,381408,561923
14120,381409,561924
14121,381410,561925
14122,381411,561926
14123,381412,561927
14124,381434,601110
14125,381435,601111
14126,381436,601112
14127,381437,601113
14128,381438,601114
14129,381439,601115
14130,381513,159208
14131,381610,344362
14132,381611,344363
14133,381612,344364
14134,381740,554793
14135,381741,555079
14136,381743,559240
14137,381744,561919
14138,381745,561920
14139,381746,561921
14140,381747,561922
14141,381775,601109
14142,381909,250275
14143,381964,344361
14144,381990,393647
14145,382087,555077
14146,382088,555078
14147,382090,561915
14148,382091,561916
14149,382092,561917
14150,382093,561918
14151,382113,601100
14152,382114,601101
14153,382115,601102
14154,382116,601103
14155,382117,601104
14156,382118,601105
14157,382119,601106
14158,382120,601107
14159,382121,601108
14160,382224,158618
14161,382225,159207
14162,382337,344358
14163,382338,344359
14164,382339,344360
14165,382446,561911
14166,382447,561912
14167,382448,561913
14168,382449,561914
14169,382470,600342
14170,382582,159206
14171,382639,250274
14172,382722,344353
14173,382723,344354
14174,382724,344355
14175,382725,344356
14176,382726,344357
14177,382763,393644
14178,382764,393645
14179,382765,393646
14180,382870,555074
14181,382871,555075
14182,382872,555076
14183,382874,559673
14184,382875,561910
14185,382897,601098
14186,382898,601099
14187,382925,56335
14188,382926,56336
14189,382927,56337
14190,382952,89971
14191,382953,89972
14192,382954,89973
14193,382955,89974
14194,382956,89975
14195,382957,89976
14196,382961,100764
14197,382962,100765
14198,382970,115865
14199,382971,115866
14200,382972,115867
14201,383003,185059
14202,383047,244348
14203,383048,244349
14204,383049,244350
14205,383065,268142
14206,383066,268143
14207,383166,395558
14208,383167,395559
14209,383168,395560
14210,383218,452041
14211,383224,464553
14212,383225,464554
14213,383357,56332
14214,383358,56333
14215,383359,56334
14216,383381,89970
14217,383389,100761
14218,383390,100762
14219,383391,100763
14220,383404,115448
14221,383405,115864
14222,383475,244347
14223,383496,268141
14224,383562,395557
14225,383598,452039
14226,383599,452040
14227,383602,463499
14228,383603,464548
14229,383604,464549
14230,383605,464550
14231,383606,464551
14232,383607,464552
14233,383612,477291
14234,383613,477292
14235,383739,56331
14236,383752,89969
14237,383755,100760
14238,383833,243400
14239,383834,243637
14240,383835,244346
14241,383848,267670
14242,383849,268138
14243,383850,268139
14244,383851,268140
14245,383934,395555
14246,383935,395556
14247,383966,451212
14248,383969,463436
14249,383970,464547
14250,383973,476436
14251,383974,477288
14252,383975,477289
14253,383976,477290
14254,384079,56330
14255,384100,89020
14256,384101,100758
14257,384102,100759
14258,384109,115863
14259,384158,185058
14260,384188,244343
14261,384189,244344
14262,384190,244345
14263,384279,394595
14264,384280,395554
14265,384307,450805
14266,384308,450865
14267,384309,463626
14268,384310,464545
14269,384311,464546
14270,384323,476435
14271,384324,477287
14272,384433,89968
14273,384439,100757
14274,384491,185056
14275,384492,185057
14276,384526,268136
14277,384527,268137
14278,384604,395553
14279,384629,451043
14280,384633,463625
14281,384641,477286
14282,384749,55858
14283,384750,56329
14284,384771,89967
14285,384792,115409
14286,384793,115862
14287,384833,185054
14288,384834,185055
14289,384893,268135
14290,384976,395550
14291,384977,395551
14292,384978,395552
14293,385010,452035
14294,385011,452036
14295,385012,452037
14296,385013,452038
14297,385019,463624
14298,385020,464544
14299,385030,476676
14300,385152,89966
14301,385158,100753
14302,385159,100754
14303,385160,100755
14304,385161,100756
14305,385175,115859
14306,385176,115860
14307,385177,115861
14308,385212,185050
14309,385213,185051
14310,385214,185052
14311,385215,185053
14312,385275,268134
14313,385362,395549
14314,385493,6374
14315,385496,12424
14316,385499,16710
14317,385544,89965
14318,385587,159200
14319,385588,159201
14320,385764,379241
14321,385765,380275
14322,385781,395547
14323,385782,395548
14324,385825,466789
14325,385826,467653
14326,385832,476675
14327,385833,477284
14328,385834,477285
14329,385879,543126
14330,385918,601075
14331,385919,601076
14332,385920,601077
14333,385929,6373
14334,385935,12423
14335,385937,16709
14336,385978,89962
14337,385979,89963
14338,385980,89964
14339,386013,159198
14340,386014,159199
14341,386048,215388
14342,386131,380273
14343,386132,380274
14344,386142,395544
14345,386143,395545
14346,386144,395546
14347,386187,467651
14348,386188,467652
14349,386194,476434
14350,386195,476542
14351,386237,543125
14352,386272,12420
14353,386273,12421
14354,386274,12422
14355,386275,16707
14356,386276,16708
14357,386311,89957
14358,386312,89958
14359,386313,89959
14360,386314,89960
14361,386315,89961
14362,386343,159197
14363,386373,215386
14364,386374,215387
14365,386468,380269
14366,386469,380270
14367,386470,380271
14368,386471,380272
14369,386480,394663
14370,386481,395542
14371,386482,395543
14372,386534,467649
14373,386535,467650
14374,386541,477282
14375,386542,477283
14376,386579,543123
14377,386580,543124
14378,386614,600341
14379,386615,601073
14380,386616,601074
14381,386631,12418
14382,386632,12419
14383,386683,89093
14384,386722,159193
14385,386723,159194
14386,386724,159195
14387,386725,159196
14388,386752,215384
14389,386753,215385
14390,386826,380267
14391,386827,380268
14392,386838,395541
14393,386877,467645
14394,386878,467646
14395,386879,467647
14396,386880,467648
14397,386891,476541
14398,386892,477280
14399,386893,477281
14400,386927,542889
14401,386928,543121
14402,386929,543122
14403,386959,600340
14404,386960,601070
14405,386961,601071
14406,386962,601072
14407,386971,6369
14408,386972,6370
14409,386973,6371
14410,386974,6372
14411,386977,12417
14412,386979,16705
14413,386980,16706
14414,387014,89956
14415,387087,215382
14416,387088,215383
14417,387193,380266
14418,387202,395540
14419,387238,467643
14420,387239,467644
14421,387244,477276
14422,387245,477277
14423,387246,477278
14424,387247,477279
14425,387322,601068
14426,387323,601069
14427,387336,6366
14428,387337,6367
14429,387338,6368
14430,387341,12416
14431,387342,16704
14432,387386,89212
14433,387428,159192
14434,387460,215056
14435,387461,215380
14436,387462,215381
14437,387566,380262
14438,387567,380263
14439,387568,380264
14440,387569,380265
14441,387573,395539
14442,387606,467642
14443,387650,543120
14444,387682,601064
14445,387683,601065
14446,387684,601066
14447,387685,601067
14448,387696,6365
14449,387700,12414
14450,387701,12415
14451,387705,16701
14452,387706,16702
14453,387707,16703
14454,387790,158617
14455,387791,159191
14456,387944,395536
14457,387945,395537
14458,387946,395538
14459,387989,467641
14460,388041,543118
14461,388042,543119
14462,388074,601062
14463,388075,601063
14464,388181,159190
14465,388246,263868
14466,388361,451041
14467,388362,451042
14468,388365,464531
14469,388366,464532
14470,388452,601058
14471,388453,601059
14472,388454,601060
14473,388455,601061
14474,388460,968
14475,388461,1238
14476,388462,1852
14477,388565,159188
14478,388566,159189
14479,388612,263866
14480,388613,263867
14481,388710,452025
14482,388715,463346
14483,388716,464530
14484,388787,601056
14485,388788,601057
14486,388792,1851
14487,388874,159186
14488,388875,159187
14489,388922,263864
14490,388923,263865
14491,389022,451040
14492,389097,601052
14493,389098,601053
14494,389099,601054
14495,389100,601055
14496,389104,1237
14497,389105,1849
14498,389106,1850
14499,389189,159185
14500,389248,263863
14501,389347,451039
14502,389348,452024
14503,389418,601051
14504,389423,1137
14505,389424,1236
14506,389425,1848
14507,389489,159183
14508,389490,159184
14509,389630,452021
14510,389631,452022
14511,389632,452023
14512,389635,463623
14513,389636,464529
14514,389720,601045
14515,389721,601046
14516,389722,601047
14517,389723,601048
14518,389724,601049
14519,389725,601050
14520,389728,1055
14521,389729,1843
14522,389730,1844
14523,389731,1845
14524,389732,1846
14525,389733,1847
14526,389805,159182
14527,389860,263859
14528,389861,263860
14529,389862,263861
14530,389863,263862
14531,389971,450864
14532,389974,464527
14533,389975,464528
14534,390039,601041
14535,390040,601042
14536,390041,601043
14537,390042,601044
14538,390050,1235
14539,390051,1840
14540,390052,1841
14541,390053,1842
14542,390163,159180
14543,390164,159181
14544,390384,451210
14545,390385,464523
14546,390386,464524
14547,390387,464525
14548,390388,464526
14549,390487,601038
14550,390488,601039
14551,390489,601040
14552,390554,86521
14553,390555,86522
14554,390556,86523
14555,390606,187844
14556,390607,189157
14557,390693,324195
14558,390694,324196
14559,390695,324197
14560,390797,467626
14561,390798,467627
14562,390799,467628
14563,390817,494273
14564,390886,16695
14565,390913,86520
14566,390981,188162
14567,390982,189156
14568,391118,460188
14569,391119,460195
14570,391120,460859
14571,391123,467621
14572,391124,467622
14573,391125,467623
14574,391126,467624
14575,391127,467625
14576,391143,494272
14577,391212,16693
14578,391213,16694
14579,391256,86519
14580,391311,189152
14581,391312,189153
14582,391313,189154
14583,391314,189155
14584,391384,323716
14585,391457,467619
14586,391458,467620
14587,391473,494270
14588,391474,494271
14589,391532,16692
14590,391619,188161
14591,391620,189150
14592,391621,189151
14593,391704,324193
14594,391705,324194
14595,391780,460308
14596,391781,460858
14597,391783,467616
14598,391784,467617
14599,391785,467618
14600,391798,493697
14601,391856,16690
14602,391857,16691
14603,391890,86514
14604,391891,86515
14605,391892,86516
14606,391893,86517
14607,391894,86518
14608,391960,188160
14609,391961,189149
14610,392046,324192
14611,392125,460856
14612,392126,460857
14613,392128,467615
14614,392145,494267
14615,392146,494268
14616,392147,494269
14617,392216,16686
14618,392217,16687
14619,392218,16688
14620,392219,16689
14621,392264,86512
14622,392265,86513
14623,392524,460854
14624,392525,460855
14625,392529,467613
14626,392530,467614
14627,392630,16685
14628,392678,86511
14629,392750,187655
14630,392751,187842
14631,392752,187843
14632,392753,189147
14633,392754,189148
14634,392858,324189
14635,392859,324190
14636,392860,324191
14637,392952,460852
14638,392953,460853
14639,392957,467609
14640,392958,467610
14641,392959,467611
14642,392960,467612
14643,392980,494264
14644,392981,494265
14645,392982,494266
14646,393089,967
14647,393090,1830
14648,393091,1831
14649,393092,1832
14650,393105,16681
14651,393106,16682
14652,393107,16683
14653,393108,16684
14654,393168,89934
14655,393169,89935
14656,393170,89936
14657,393171,89937
14658,393253,212785
14659,393254,212786
14660,393255,212787
14661,393256,212788
14662,393257,212789
14663,393284,243634
14664,393285,244323
14665,393286,244324
14666,393287,244325
14667,393288,244326
14668,393381,360559
14669,393382,360761
14670,393383,360762
14671,393399,375637
14672,393400,375638
14673,393401,375639
14674,393402,380241
14675,393403,380242
14676,393404,380243
14677,393460,452009
14678,393461,452010
14679,393462,452011
14680,393467,463621
14681,393478,477269
14682,393567,600306
14683,393568,601014
14684,393569,601015
14685,393570,601016
14686,393571,601017
14687,393583,16074
14688,393584,16680
14689,393710,212784
14690,393807,374525
14691,393808,375636
14692,393809,380239
14693,393810,380240
14694,393857,451035
14695,393858,452007
14696,393859,452008
14697,393863,463434
14698,393864,464511
14699,393869,477267
14700,393870,477268
14701,393948,601013
14702,393954,1136
14703,393967,16678
14704,393968,16679
14705,394024,89931
14706,394025,89932
14707,394026,89933
14708,394103,212781
14709,394104,212782
14710,394105,212783
14711,394129,244322
14712,394217,360558
14713,394218,360760
14714,394225,375633
14715,394226,375634
14716,394227,375635
14717,394228,380234
14718,394229,380235
14719,394230,380236
14720,394231,380237
14721,394232,380238
14722,394275,452005
14723,394276,452006
14724,394281,463747
14725,394282,464508
14726,394283,464509
14727,394284,464510
14728,394293,477266
14729,394379,601009
14730,394380,601010
14731,394381,601011
14732,394382,601012
14733,394384,1829
14734,394395,16676
14735,394396,16677
14736,394516,212779
14737,394517,212780
14738,394539,243633
14739,394609,360756
14740,394610,360757
14741,394611,360758
14742,394612,360759
14743,394617,374102
14744,394618,375631
14745,394619,375632
14746,394620,380231
14747,394621,380232
14748,394622,380233
14749,394669,463746
14750,394670,464507
14751,394683,476539
14752,394761,601007
14753,394762,601008
14754,394766,823
14755,394774,16675
14756,394813,89930
14757,394890,212777
14758,394891,212778
14759,394910,244321
14760,395003,375630
14761,395005,380229
14762,395006,380230
14763,395055,450929
14764,395063,463433
14765,395072,477264
14766,395073,477265
14767,395142,601006
14768,395145,1828
14769,395205,89929
14770,395276,212776
14771,395383,374524
14772,395384,375629
14773,395385,380225
14774,395386,380226
14775,395387,380227
14776,395388,380228
14777,395444,451207
14778,395445,452003
14779,395446,452004
14780,395455,464505
14781,395456,464506
14782,395469,476384
14783,395470,476674
14784,395471,477263
14785,395553,600339
14786,395554,601005
14787,395559,1135
14788,395560,1827
14789,395613,89926
14790,395614,89927
14791,395615,89928
14792,395713,212774
14793,395714,212775
14794,395734,243632
14795,395735,244319
14796,395736,244320
14797,395826,360755
14798,395840,374259
14799,395841,375627
14800,395842,375628
14801,395843,380224
14802,395887,451998
14803,395888,451999
14804,395889,452000
14805,395890,452001
14806,395891,452002
14807,395898,464502
14808,395899,464503
14809,395900,464504
14810,395908,477262
14811,395990,601004
14812,396127,189132
14813,396243,395506
14814,396275,463496
14815,396276,464500
14816,396277,464501
14817,396288,477261
14818,396298,488867
14819,396299,488868
14820,396300,488869
14821,396492,187841
14822,396493,188156
14823,396494,189131
14824,396612,395503
14825,396613,395504
14826,396614,395505
14827,396657,463344
14828,396658,463620
14829,396668,477258
14830,396669,477259
14831,396670,477260
14832,396675,488465
14833,397008,395499
14834,397009,395500
14835,397010,395501
14836,397011,395502
14837,397046,463745
14838,397047,464499
14839,397066,488864
14840,397067,488865
14841,397068,488866
14842,397255,189129
14843,397256,189130
14844,397370,395498
14845,397407,464496
14846,397408,464497
14847,397409,464498
14848,397413,477255
14849,397414,477256
14850,397415,477257
14851,397705,395497
14852,397747,477254
14853,397755,488863
14854,397919,189125
14855,397920,189126
14856,397921,189127
14857,397922,189128
14858,398060,395495
14859,398061,395496
14860,398091,464492
14861,398092,464493
14862,398093,464494
14863,398094,464495
14864,398103,477252
14865,398104,477253
14866,398114,488862
14867,398310,187654
14868,398311,187840
14869,398312,189123
14870,398313,189124
14871,398451,395494
14872,398500,463495
14873,398501,464491
14874,398523,488860
14875,398524,488861
14876,398623,1817
14877,398624,1818
14878,398667,89915
14879,398668,89916
14880,398807,314573
14881,398808,314978
14882,398842,374520
14883,398843,375606
14884,398844,375607
14885,398849,395492
14886,398850,395493
14887,398851,397281
14888,398852,397282
14889,398899,451979
14890,398900,451980
14891,398904,464488
14892,398905,464489
14893,398906,464490
14894,398971,559391
14895,398972,561750
14896,398973,561751
14897,398974,561752
14898,398975,561753
14899,398976,561754
14900,398977,561755
14901,399012,822
14902,399013,1816
14903,399056,89912
14904,399057,89913
14905,399058,89914
14906,399174,314555
14907,399216,374256
14908,399217,375605
14909,399218,380213
14910,399219,380214
14911,399225,397279
14912,399226,397280
14913,399265,451976
14914,399266,451977
14915,399267,451978
14916,399340,561745
14917,399341,561746
14918,399342,561747
14919,399343,561748
14920,399344,561749
14921,399368,821
14922,399369,1134
14923,399370,1815
14924,399579,374255
14925,399580,375604
14926,399581,380210
14927,399582,380211
14928,399583,380212
14929,399589,395491
14930,399590,397277
14931,399591,397278
14932,399628,451975
14933,399631,463343
14934,399699,559660
14935,399700,561743
14936,399701,561744
14937,399727,1814
14938,399763,89910
14939,399764,89911
14940,399851,314976
14941,399852,314977
14942,399877,374519
14943,399878,375602
14944,399879,375603
14945,399888,395489
14946,399889,395490
14947,399890,397276
14948,399920,463494
14949,399921,464487
14950,399961,561741
14951,399962,561742
14952,399990,820
14953,399991,1813
14954,400041,89909
14955,400142,314974
14956,400143,314975
14957,400175,375599
14958,400176,375600
14959,400177,375601
14960,400178,380207
14961,400179,380208
14962,400180,380209
14963,400189,395488
14964,400190,397275
14965,400210,450863
14966,400211,451033
14967,400212,451973
14968,400213,451974
14969,400220,463493
14970,400270,559115
14971,400271,559659
14972,400272,561740
14973,400490,314972
14974,400491,314973
14975,400537,375596
14976,400538,375597
14977,400539,375598
14978,400540,380206
14979,400548,395484
14980,400549,395485
14981,400550,395486
14982,400551,395487
14983,400552,397274
14984,400584,463432
14985,400585,464483
14986,400586,464484
14987,400587,464485
14988,400588,464486
14989,400661,561738
14990,400662,561739
14991,400695,1810
14992,400696,1811
14993,400697,1812
14994,400755,88973
14995,400756,89092
14996,400757,89908
14997,400930,314971
14998,400974,374100
14999,400975,374254
15000,400976,374518
15001,400977,375592
15002,400978,375593
15003,400979,375594
15004,400980,375595
15005,400981,380205
15006,400988,395481
15007,400989,395482
15008,400990,395483
15009,400991,397273
15010,401031,451972
15011,401036,464482
15012,401129,559658
15013,401130,561733
15014,401131,561734
15015,401132,561735
15016,401133,561736
15017,401134,561737
15018,401330,263824
15019,401362,314967
15020,401363,314968
15021,401364,314969
15022,401365,314970
15023,401406,375589
15024,401407,375590
15025,401408,375591
15026,401409,380204
15027,401468,467561
15028,401469,467562
15029,401568,600970
15030,401569,600971
15031,401664,159144
15032,401750,263822
15033,401751,263823
15034,401778,314966
15035,401823,374253
15036,401824,375588
15037,401826,380202
15038,401827,380203
15039,401873,466804
15040,401874,467558
15041,401875,467559
15042,401876,467560
15043,401946,600964
15044,401947,600965
15045,401948,600966
15046,401949,600967
15047,401950,600968
15048,401951,600969
15049,402045,158616
15050,402046,159142
15051,402047,159143
15052,402103,263821
15053,402127,314964
15054,402128,314965
15055,402165,375587
15056,402166,380201
15057,402303,600963
15058,402393,159141
15059,402452,263817
15060,402453,263818
15061,402454,263819
15062,402455,263820
15063,402491,314572
15064,402530,379239
15065,402531,380200
15066,402595,467556
15067,402596,467557
15068,402688,600960
15069,402689,600961
15070,402690,600962
15071,402782,159138
15072,402783,159139
15073,402784,159140
15074,402852,263816
15075,402922,374099
15076,402923,374252
15077,402924,375580
15078,402925,375581
15079,402926,375582
15080,402927,375583
15081,402928,375584
15082,402929,375585
15083,402930,375586
15084,402995,467554
15085,402996,467555
15086,403072,600956
15087,403073,600957
15088,403074,600958
15089,403075,600959
15090,403182,159136
15091,403183,159137
15092,403274,314961
15093,403275,314962
15094,403276,314963
15095,403317,375579
15096,403319,379132
15097,403320,380199
15098,403368,467553
15099,403473,600955
15100,403619,159135
15101,403691,263815
15102,403725,314957
15103,403726,314958
15104,403727,314959
15105,403728,314960
15106,403780,375577
15107,403781,375578
15108,403782,380195
15109,403783,380196
15110,403784,380197
15111,403785,380198
15112,403859,467549
15113,403860,467550
15114,403861,467551
15115,403862,467552
15116,403971,600338
15117,403972,600953
15118,403973,600954
15119,404126,194771
15120,404238,314956
15121,404271,343759
15122,404272,344313
15123,404292,368990
15124,404293,369201
15125,404294,369706
15126,404295,369707
15127,404296,369708
15128,404297,369709
15129,404324,410005
15130,404325,410249
15131,404345,434167
15132,404346,434420
15133,404347,436140
15134,404348,436141
15135,404349,436142
15136,404350,436143
15137,404361,451032
15138,404362,451955
15139,404363,451956
15140,404364,451957
15141,404365,451958
15142,404367,464462
15143,404368,464463
15144,404369,464464
15145,404370,464465
15146,404371,464466
15147,404372,464467
15148,404458,561694
15149,404459,561695
15150,404460,561696
15151,404461,561697
15152,404462,561698
15153,404463,561699
15154,404630,194770
15155,404701,314954
15156,404702,314955
15157,404719,344312
15158,404738,369705
15159,404762,410247
15160,404763,410248
15161,404783,434166
15162,404784,436139
15163,404789,463617
15164,404790,463742
15165,404791,464459
15166,404792,464460
15167,404793,464461
15168,404856,559653
15169,404857,561691
15170,404858,561692
15171,404859,561693
15172,405014,194769
15173,405122,369702
15174,405123,369703
15175,405124,369704
15176,405147,410245
15177,405148,410246
15178,405168,436137
15179,405169,436138
15180,405176,451204
15181,405177,451954
15182,405180,464454
15183,405181,464455
15184,405182,464456
15185,405183,464457
15186,405184,464458
15187,405249,561684
15188,405250,561685
15189,405251,561686
15190,405252,561687
15191,405253,561688
15192,405254,561689
15193,405255,561690
15194,405394,194690
15195,405395,194691
15196,405396,194692
15197,405397,194693
15198,405398,194695
15199,405399,194766
15200,405400,194767
15201,405401,194768
15202,405464,314953
15203,405481,344310
15204,405482,344311
15205,405516,410241
15206,405517,410242
15207,405518,410243
15208,405519,410244
15209,405533,434007
15210,405534,436132
15211,405535,436133
15212,405536,436134
15213,405537,436135
15214,405538,436136
15215,405543,450803
15216,405544,451952
15217,405545,451953
15218,405552,463492
15219,405553,463740
15220,405554,463741
15221,405555,464453
15222,405610,561678
15223,405611,561679
15224,405612,561680
15225,405613,561681
15226,405614,561682
15227,405615,561683
15228,405806,314949
15229,405807,314950
15230,405808,314951
15231,405809,314952
15232,405829,344309
15233,405843,369700
15234,405844,369701
15235,405859,410240
15236,405869,434419
15237,405870,436129
15238,405871,436130
15239,405872,436131
15240,405889,464451
15241,405890,464452
15242,405936,559166
15243,405937,561674
15244,405938,561675
15245,405939,561676
15246,405940,561677
15247,406090,194694
15248,406172,314947
15249,406173,314948
15250,406202,344308
15251,406219,369699
15252,406261,436126
15253,406262,436127
15254,406263,436128
15255,406270,451031
15256,406273,464448
15257,406274,464449
15258,406275,464450
15259,406336,561672
15260,406337,561673
15261,406592,314945
15262,406593,314946
15263,406625,344305
15264,406626,344306
15265,406627,344307
15266,406648,368989
15267,406675,410239
15268,406696,436124
15269,406697,436125
15270,406705,451951
15271,406716,464447
15272,406783,559652
15273,406784,561671
15274,406828,815
15275,406829,816
15276,406830,1053
15277,406831,1793
15278,406845,20611
15279,406846,20612
15280,406921,130639
15281,406923,133579
15282,406924,133580
15283,406925,133581
15284,407106,374098
15285,407107,375558
15286,407108,380180
15287,407109,380181
15288,407118,393588
15289,407119,393589
15290,407258,1052
15291,407326,130638
15292,407329,132913
15293,407330,133578
15294,407484,374247
15295,407485,374248
15296,407486,374515
15297,407487,374516
15298,407488,380178
15299,407489,380179
15300,407497,393587
15301,407636,1792
15302,407649,20609
15303,407650,20610
15304,407705,130637
15305,407844,374246
15306,407845,380176
15307,407846,380177
15308,407847,393585
15309,407848,393586
15310,407958,965
15311,407959,966
15312,407960,1232
15313,407961,1790
15314,407962,1791
15315,408014,130636
15316,408015,133026
15317,408016,133577
15318,408161,374033
15319,408162,374097
15320,408163,374514
15321,408164,375554
15322,408165,375555
15323,408166,375556
15324,408167,375557
15325,408168,380172
15326,408169,380173
15327,408170,380174
15328,408171,380175
15329,408292,1231
15330,408293,1789
15331,408352,130634
15332,408353,130635
15333,408494,374245
15334,408495,380171
15335,408503,393584
15336,408622,814
15337,408626,20606
15338,408627,20607
15339,408628,20608
15340,408689,130112
15341,408690,130633
15342,408693,133575
15343,408694,133576
15344,408845,373998
15345,408846,375551
15346,408847,375552
15347,408848,375553
15348,408850,380168
15349,408851,380169
15350,408852,380170
15351,408858,393581
15352,408859,393582
15353,408860,393583
15354,409011,20603
15355,409012,20604
15356,409013,20605
15357,409093,130630
15358,409094,130631
15359,409095,130632
15360,409096,133573
15361,409097,133574
15362,409258,375547
15363,409259,375548
15364,409260,375549
15365,409261,375550
15366,409262,379120
15367,409263,380166
15368,409264,380167
15369,409271,393125
15370,409568,223661
15371,409569,223662
15372,409580,243627
15373,409581,244274
15374,409582,244275
15375,409794,505968
15376,409982,223660
15377,409993,244272
15378,409994,244273
15379,410139,505678
15380,410140,505679
15381,410316,223659
15382,410329,243623
15383,410330,243624
15384,410331,243625
15385,410332,243626
15386,410476,505677
15387,410477,505967
15388,410572,223658
15389,410765,223160
15390,410766,223656
15391,410767,223657
15392,410776,244271
15393,410901,505965
15394,410902,505966
15395,411110,244270
15396,411262,505676
15397,411263,505963
15398,411264,505964
15399,411482,223654
15400,411483,223655
15401,411497,244268
15402,411498,244269
15403,411668,505675
15404,411737,1772
15405,411738,1773
15406,411739,1774
15407,411782,89875
15408,411796,123782
15409,411797,123826
15410,411798,123961
15411,411809,146671
15412,411810,147253
15413,411811,147254
15414,411819,159111
15415,411820,159112
15416,411821,159113
15417,411822,159114
15418,411884,243467
15419,411885,244267
15420,412028,464430
15421,412029,464431
15422,412030,467513
15423,412031,467514
15424,412032,467515
15425,412033,467516
15426,412107,600897
15427,412108,600898
15428,412109,600899
15429,412110,600900
15430,412111,600901
15431,412116,811
15432,412117,812
15433,412118,963
15434,412119,1133
15435,412162,89873
15436,412163,89874
15437,412188,123825
15438,412189,123960
15439,412201,159109
15440,412202,159110
15441,412253,244264
15442,412254,244265
15443,412255,244266
15444,412311,317533
15445,412312,317563
15446,412313,318033
15447,412314,318034
15448,412409,463340
15449,412410,464427
15450,412411,464428
15451,412412,464429
15452,412414,467512
15453,412489,1132
15454,412490,1770
15455,412491,1771
15456,412536,89872
15457,412568,147252
15458,412575,159108
15459,412618,244262
15460,412619,244263
15461,412661,318032
15462,412746,464426
15463,412747,466772
15464,412748,467509
15465,412749,467510
15466,412750,467511
15467,412819,600894
15468,412820,600895
15469,412821,600896
15470,412827,810
15471,412828,1769
15472,412862,89870
15473,412863,89871
15474,412885,147249
15475,412886,147250
15476,412887,147251
15477,412895,159105
15478,412896,159106
15479,412897,159107
15480,412940,243339
15481,412941,244261
15482,412979,317522
15483,412980,318030
15484,412981,318031
15485,413054,464425
15486,413055,467508
15487,413129,600318
15488,413130,600892
15489,413131,600893
15490,413139,1768
15491,413179,89019
15492,413180,89869
15493,413204,123956
15494,413205,123957
15495,413206,123958
15496,413207,123959
15497,413223,159103
15498,413224,159104
15499,413267,244259
15500,413268,244260
15501,413308,318029
15502,413388,464424
15503,413389,467505
15504,413390,467506
15505,413391,467507
15506,413464,600308
15507,413465,600317
15508,413466,600891
15509,413469,1766
15510,413470,1767
15511,413528,89091
15512,413529,89868
15513,413550,123955
15514,413571,147248
15515,413580,159101
15516,413581,159102
15517,413633,244255
15518,413634,244256
15519,413635,244257
15520,413636,244258
15521,413678,317562
15522,413679,318027
15523,413680,318028
15524,413763,463430
15525,413764,464422
15526,413765,464423
15527,413766,467504
15528,413849,600890
15529,413915,89866
15530,413916,89867
15531,413957,147246
15532,413958,147247
15533,414040,243397
15534,414041,244253
15535,414042,244254
15536,414098,318024
15537,414099,318025
15538,414100,318026
15539,414212,464421
15540,414213,467500
15541,414214,467501
15542,414215,467502
15543,414216,467503
15544,414319,600889
15545,414370,89090
15546,414371,89864
15547,414372,89865
15548,414402,147242
15549,414403,147243
15550,414404,147244
15551,414405,147245
15552,414433,189043
15553,414434,189044
15554,414449,212713
15555,414450,212714
15556,414526,344285
15557,414527,344286
15558,414528,344287
15559,414553,375512
15560,414554,375513
15561,414555,375514
15562,414571,395418
15563,414572,395419
15564,414631,477212
15565,414632,477213
15566,414633,477214
15567,414634,477215
15568,414720,1131
15569,414721,1764
15570,414722,1765
15571,414806,147241
15572,414827,188137
15573,414839,212709
15574,414840,212710
15575,414841,212711
15576,414842,212712
15577,414881,276703
15578,414913,344284
15579,414934,375509
15580,414935,375510
15581,414936,375511
15582,414946,395415
15583,414947,395416
15584,414948,395417
15585,414989,476534
15586,414990,477211
15587,415075,1051
15588,415076,1762
15589,415077,1763
15590,415115,89208
15591,415116,89863
15592,415151,147239
15593,415152,147240
15594,415181,212707
15595,415182,212708
15596,415215,276702
15597,415251,374241
15598,415252,374242
15599,415253,375506
15600,415254,375507
15601,415255,375508
15602,415258,395412
15603,415259,395413
15604,415260,395414
15605,415296,477210
15606,415375,1760
15607,415376,1761
15608,415422,89859
15609,415423,89860
15610,415424,89861
15611,415425,89862
15612,415453,147237
15613,415454,147238
15614,415469,189042
15615,415481,212706
15616,415514,276700
15617,415515,276701
15618,415550,344283
15619,415564,375504
15620,415565,375505
15621,415568,395411
15622,415604,477209
15623,415672,1758
15624,415673,1759
15625,415758,189041
15626,415771,212705
15627,415849,344282
15628,415859,374510
15629,415860,375501
15630,415861,375502
15631,415862,375503
15632,415972,1756
15633,415973,1757
15634,416012,89018
15635,416013,89856
15636,416014,89857
15637,416015,89858
15638,416044,147236
15639,416060,189036
15640,416061,189037
15641,416062,189038
15642,416063,189039
15643,416064,189040
15644,416078,212703
15645,416079,212704
15646,416119,276651
15647,416120,276652
15648,416121,276697
15649,416122,276698
15650,416123,276699
15651,416168,344281
15652,416179,375500
15653,416187,395410
15654,416221,477206
15655,416222,477207
15656,416223,477208
15657,416293,1230
15658,416294,1755
15659,416400,147235
15660,416424,188136
15661,416425,189034
15662,416426,189035
15663,416438,212701
15664,416439,212702
15665,416492,276645
15666,416493,276646
15667,416554,344277
15668,416555,344278
15669,416556,344279
15670,416557,344280
15671,416578,375498
15672,416579,375499
15673,416586,395409
15674,416924,425235
15675,416950,463429
15676,416951,464409
15677,416952,464410
15678,416953,464411
15679,416969,501483
15680,416970,501484
15681,417197,276696
15682,417272,425232
15683,417273,425233
15684,417274,425234
15685,417292,463612
15686,417293,464407
15687,417294,464408
15688,417300,468020
15689,417325,501482
15690,417512,276640
15691,417561,346971
15692,417562,346972
15693,417563,346973
15694,417564,346974
15695,417565,346975
15696,417566,346976
15697,417567,346977
15698,417568,346978
15699,417569,346979
15700,417570,346980
15701,417571,346981
15702,417572,346982
15703,417573,346983
15704,417574,346984
15705,417617,425230
15706,417618,425231
15707,417634,464405
15708,417635,464406
15709,417637,467966
15710,417638,468019
15711,417639,468398
15712,417867,276694
15713,417868,276695
15714,417932,425224
15715,417933,425225
15716,417934,425226
15717,417935,425227
15718,417936,425228
15719,417937,425229
15720,417959,468397
15721,417978,501480
15722,417979,501481
15723,418150,276650
15724,418151,276692
15725,418152,276693
15726,418222,425221
15727,418223,425222
15728,418224,425223
15729,418243,463339
15730,418244,464404
15731,418262,501479
15732,418483,276642
15733,418484,276691
15734,418575,425220
15735,418595,464403
15736,418600,468395
15737,418601,468396
15738,418885,276690
15739,418937,347038
15740,418981,425219
15741,419000,464400
15742,419001,464401
15743,419002,464402
15744,419004,468392
15745,419005,468393
15746,419006,468394
15747,419025,501475
15748,419026,501476
15749,419027,501477
15750,419028,501478
15751,419103,1744
15752,419104,1745
15753,419123,38387
15754,419124,38388
15755,419142,56273
15756,419143,56274
15757,419144,56275
15758,419166,100663
15759,419197,139385
15760,419198,139938
15761,419199,139939
15762,419205,156677
15763,419206,159095
15764,419217,177446
15765,419221,183521
15766,419222,183522
15767,419223,183523
15768,419224,183524
15769,419225,183525
15770,419241,212690
15771,419242,212691
15772,419259,259829
15773,419260,259830
15774,419328,366715
15775,419330,369670
15776,419331,369671
15777,419336,380114
15778,419337,380115
15779,419349,394657
15780,419350,395396
15781,419351,395397
15782,419352,395398
15783,419353,395399
15784,419364,425217
15785,419365,425218
15786,419389,464399
15787,419390,467478
15788,419391,467479
15789,419481,600316
15790,419482,600869
15791,419483,600870
15792,419484,600871
15793,419485,600872
15794,419486,600873
15795,419487,600874
15796,419488,600875
15797,419491,1742
15798,419492,1743
15799,419500,38384
15800,419501,38385
15801,419502,38386
15802,419508,56272
15803,419535,100662
15804,419558,159093
15805,419559,159094
15806,419567,177729
15807,419569,183520
15808,419584,212689
15809,419658,366714
15810,419659,369192
15811,419660,369669
15812,419663,379093
15813,419680,425215
15814,419681,425216
15815,419696,460794
15816,419697,464398
15817,419698,467475
15818,419699,467476
15819,419700,467477
15820,419701,468390
15821,419702,468391
15822,419704,477197
15823,419705,477198
15824,419711,501472
15825,419712,501473
15826,419713,501474
15827,419759,1741
15828,419774,32162
15829,419775,32163
15830,419788,56271
15831,419810,100661
15832,419817,139460
15833,419818,139461
15834,419819,139936
15835,419820,139937
15836,419825,156120
15837,419826,159091
15838,419827,159092
15839,419836,183519
15840,419845,212688
15841,419861,259828
15842,419899,366712
15843,419900,366713
15844,419903,380112
15845,419904,380113
15846,419915,395391
15847,419916,395392
15848,419917,395393
15849,419918,395394
15850,419919,395395
15851,419926,425214
15852,419939,460793
15853,419940,464396
15854,419941,464397
15855,419942,467473
15856,419943,467474
15857,419944,468389
15858,419991,1738
15859,419992,1739
15860,419993,1740
15861,420012,38383
15862,420047,100660
15863,420079,139935
15864,420088,156676
15865,420089,158439
15866,420090,159089
15867,420091,159090
15868,420105,177428
15869,420106,177728
15870,420111,183517
15871,420112,183518
15872,420129,212686
15873,420130,212687
15874,420156,249360
15875,420157,249399
15876,420158,249400
15877,420159,249469
15878,420171,259824
15879,420172,259825
15880,420173,259826
15881,420174,259827
15882,420237,366244
15883,420238,366708
15884,420239,366709
15885,420240,366710
15886,420241,366711
15887,420244,369191
15888,420247,380111
15889,420255,395390
15890,420272,425213
15891,420288,460187
15892,420289,460194
15893,420290,464394
15894,420291,464395
15895,420294,467471
15896,420295,467472
15897,420296,468388
15898,420301,476382
15899,420302,476533
15900,420303,477196
15901,420316,501470
15902,420317,501471
15903,420371,600337
15904,420372,600868
15905,420373,808
15906,420374,809
15907,420375,1736
15908,420376,1737
15909,420399,38382
15910,420412,56270
15911,420434,100273
15912,420435,100659
15913,420458,139933
15914,420459,139934
15915,420471,156119
15916,420472,156673
15917,420473,156674
15918,420474,156675
15919,420476,159087
15920,420477,159088
15921,420488,177727
15922,420494,183516
15923,420520,212678
15924,420521,212679
15925,420522,212680
15926,420523,212681
15927,420524,212682
15928,420525,212683
15929,420526,212684
15930,420527,212685
15931,420545,249398
15932,420546,249468
15933,420643,366243
15934,420644,366707
15935,420656,380108
15936,420657,380109
15937,420658,380110
15938,420667,395388
15939,420668,395389
15940,420683,425047
15941,420684,425211
15942,420685,425212
15943,420705,460792
15944,420706,463491
15945,420707,464392
15946,420708,464393
15947,420720,476532
15948,420721,477194
15949,420722,477195
15950,420733,501469
15951,420816,600866
15952,420817,600867
15953,420841,32063
15954,420842,32159
15955,420843,32160
15956,420844,32161
15957,420849,38379
15958,420850,38380
15959,420851,38381
15960,420867,55846
15961,420868,56269
15962,420939,139932
15963,420953,156672
15964,420969,177724
15965,420970,177725
15966,420971,177726
15967,420973,183515
15968,421002,212674
15969,421003,212675
15970,421004,212676
15971,421005,212677
15972,421026,249344
15973,421027,249397
15974,421028,249467
15975,421139,366706
15976,421142,368948
15977,421143,369190
15978,421144,369667
15979,421145,369668
15980,421155,380107
15981,421166,395387
15982,421189,425210
15983,421215,460302
15984,421216,460789
15985,421217,460790
15986,421218,460791
15987,421219,464390
15988,421220,464391
15989,421221,467469
15990,421222,467470
15991,421223,468387
15992,421229,476666
15993,421331,600864
15994,421332,600865
15995,421338,1735
15996,421360,32155
15997,421361,32156
15998,421362,32157
15999,421363,32158
16000,421370,38376
16001,421371,38377
16002,421372,38378
16003,421389,56265
16004,421390,56266
16005,421391,56267
16006,421392,56268
16007,421422,100655
16008,421423,100656
16009,421424,100657
16010,421425,100658
16011,421463,139930
16012,421464,139931
16013,421478,156118
16014,421479,156670
16015,421480,156671
16016,421491,177721
16017,421492,177722
16018,421493,177723
16019,421495,183514
16020,421529,212076
16021,421566,249343
16022,421567,249396
16023,421577,259820
16024,421578,259821
16025,421579,259822
16026,421580,259823
16027,421658,366705
16028,421660,369025
16029,421661,369084
16030,421662,369189
16031,421671,379092
16032,421672,380103
16033,421673,380104
16034,421674,380105
16035,421675,380106
16036,421680,395384
16037,421681,395385
16038,421682,395386
16039,421706,425032
16040,421707,425209
16041,421737,460784
16042,421738,460785
16043,421739,460786
16044,421740,460787
16045,421741,460788
16046,421743,467466
16047,421744,467467
16048,421745,467468
16049,421746,468382
16050,421747,468383
16051,421748,468384
16052,421749,468385
16053,421750,468386
16054,421756,476531
16055,421757,477193
16056,421784,501462
16057,421785,501463
16058,421786,501464
16059,421787,501465
16060,421788,501466
16061,421789,501467
16062,421790,501468
16063,421862,600861
16064,421863,600862
16065,421864,600863
16066,421873,807
16067,421874,1732
16068,421875,1733
16069,421876,1734
16070,421883,16607
16071,421939,100652
16072,421940,100653
16073,421941,100654
16074,421991,159085
16075,421992,159086
16076,422051,223634
16077,422052,223635
16078,422053,223636
16079,422078,249392
16080,422079,249393
16081,422080,249394
16082,422081,249395
16083,422082,249466
16084,422145,334691
16085,422155,346378
16086,422169,362830
16087,422173,366704
16088,422190,380101
16089,422191,380102
16090,422200,393561
16091,422201,395382
16092,422202,395383
16093,422248,467462
16094,422249,467463
16095,422250,467464
16096,422251,467465
16097,422274,492380
16098,422275,492381
16099,422276,492382
16100,422277,492383
16101,422279,493690
16102,422280,494201
16103,422281,494202
16104,422312,525533
16105,422326,534687
16106,422327,534688
16107,422385,1730
16108,422386,1731
16109,422393,16606
16110,422443,100651
16111,422538,249465
16112,422582,334690
16113,422603,362826
16114,422604,362827
16115,422605,362828
16116,422606,362829
16117,422615,380098
16118,422616,380099
16119,422617,380100
16120,422623,394656
16121,422624,395381
16122,422679,467460
16123,422680,467461
16124,422695,492378
16125,422696,492379
16126,422697,493800
16127,422698,494199
16128,422699,494200
16129,422703,498833
16130,422704,498834
16131,422722,525197
16132,422723,525532
16133,422731,534461
16134,422732,534684
16135,422733,534685
16136,422734,534686
16137,422778,1726
16138,422779,1727
16139,422780,1728
16140,422781,1729
16141,422793,16605
16142,422854,100272
16143,422855,100648
16144,422856,100649
16145,422857,100650
16146,422895,159083
16147,422896,159084
16148,422948,223633
16149,422968,249389
16150,422969,249390
16151,422970,249391
16152,423028,334687
16153,423029,334688
16154,423030,334689
16155,423041,346377
16156,423057,362823
16157,423058,362824
16158,423059,362825
16159,423060,366703
16160,423079,393558
16161,423080,393559
16162,423081,393560
16163,423082,395379
16164,423083,395380
16165,423128,460782
16166,423129,460783
16167,423145,492375
16168,423146,492376
16169,423147,492377
16170,423148,493626
16171,423149,494198
16172,423153,498830
16173,423154,498831
16174,423155,498832
16175,423182,525530
16176,423183,525531
16177,423249,1721
16178,423250,1722
16179,423251,1723
16180,423252,1724
16181,423253,1725
16182,423263,16602
16183,423264,16603
16184,423265,16604
16185,423348,100646
16186,423349,100647
16187,423390,159082
16188,423438,223632
16189,423454,249388
16190,423514,334686
16191,423527,346376
16192,423539,362822
16193,423542,366702
16194,423557,380097
16195,423564,393557
16196,423565,395377
16197,423566,395378
16198,423617,460777
16199,423618,460778
16200,423619,460779
16201,423620,460780
16202,423621,460781
16203,423623,466788
16204,423640,492374
16205,423642,493689
16206,423643,493799
16207,423644,494197
16208,423645,498828
16209,423646,498829
16210,423663,525528
16211,423664,525529
16212,423669,534683
16213,423742,1719
16214,423743,1720
16215,423756,16601
16216,423816,100645
16217,423857,159079
16218,423858,159080
16219,423859,159081
16220,423899,223630
16221,423900,223631
16222,423969,334685
16223,423981,346373
16224,423982,346374
16225,423983,346375
16226,424007,366699
16227,424008,366700
16228,424009,366701
16229,424019,380096
16230,424029,393556
16231,424030,395375
16232,424031,395376
16233,424091,460775
16234,424092,460776
16235,424096,467455
16236,424097,467456
16237,424098,467457
16238,424099,467458
16239,424100,467459
16240,424119,498826
16241,424120,498827
16242,424148,534682
16243,424195,962
16244,424196,1718
16245,424202,16600
16246,424273,100644
16247,424319,158475
16248,424320,158614
16249,424321,159078
16250,424375,223628
16251,424376,223629
16252,424392,249387
16253,424462,334684
16254,424478,346371
16255,424479,346372
16256,424498,366697
16257,424499,366698
16258,424511,380091
16259,424512,380092
16260,424513,380093
16261,424514,380094
16262,424515,380095
16263,424521,393553
16264,424522,393554
16265,424523,393555
16266,424524,395374
16267,424568,460771
16268,424569,460772
16269,424570,460773
16270,424571,460774
16271,424575,467453
16272,424576,467454
16273,424607,498825
16274,424635,525525
16275,424636,525526
16276,424637,525527
16277,424699,1716
16278,424700,1717
16279,424709,16598
16280,424710,16599
16281,424779,100271
16282,424780,100641
16283,424781,100642
16284,424782,100643
16285,424823,159076
16286,424824,159077
16287,424884,223627
16288,424978,334507
16289,424979,334683
16290,424993,346369
16291,424994,346370
16292,425005,362819
16293,425006,362820
16294,425007,362821
16295,425009,366695
16296,425010,366696
16297,425020,380089
16298,425021,380090
16299,425035,393552
16300,425036,394655
16301,425037,395371
16302,425038,395372
16303,425039,395373
16304,425080,460765
16305,425081,460766
16306,425082,460767
16307,425083,460768
16308,425084,460769
16309,425085,460770
16310,425086,467451
16311,425087,467452
16312,425104,492373
16313,425107,494196
16314,425109,498822
16315,425110,498823
16316,425111,498824
16317,425140,525523
16318,425141,525524
16319,425149,534680
16320,425150,534681
16321,425218,1715
16322,425232,16596
16323,425233,16597
16324,425458,351671
16325,425459,351672
16326,425469,374505
16327,425470,374506
16328,425471,375438
16329,425472,375439
16330,425473,375440
16331,425474,375441
16332,425475,375442
16333,425476,375443
16334,425477,379131
16335,425478,380086
16336,425479,380087
16337,425480,380088
16338,425515,433113
16339,425532,451892
16340,425533,451893
16341,425564,501452
16342,425565,501453
16343,425670,605899
16344,425671,605900
16345,425673,806
16346,425674,1713
16347,425675,1714
16348,425686,16595
16349,425783,156661
16350,425784,156662
16351,425785,156663
16352,425786,156664
16353,425907,351668
16354,425908,351669
16355,425909,351670
16356,425922,375437
16357,425962,432908
16358,425974,451024
16359,425975,451891
16360,426019,501449
16361,426020,501450
16362,426021,501451
16363,426097,605898
16364,426099,805
16365,426100,1712
16366,426114,16594
16367,426206,156117
16368,426338,351662
16369,426339,351663
16370,426340,351664
16371,426341,351665
16372,426342,351666
16373,426343,351667
16374,426361,374235
16375,426362,375435
16376,426363,375436
16377,426364,380083
16378,426365,380084
16379,426366,380085
16380,426407,433111
16381,426408,433112
16382,426420,451890
16383,426513,1710
16384,426514,1711
16385,426524,16072
16386,426525,16591
16387,426526,16592
16388,426527,16593
16389,426776,375433
16390,426777,375434
16391,426778,380080
16392,426779,380081
16393,426780,380082
16394,426827,433108
16395,426828,433109
16396,426829,433110
16397,426842,451023
16398,426843,451889
16399,426877,501447
16400,426878,501448
16401,426967,605896
16402,426968,605897
16403,426988,16587
16404,426989,16588
16405,426990,16589
16406,426991,16590
16407,427076,156658
16408,427077,156659
16409,427078,156660
16410,427221,374504
16411,427222,380076
16412,427223,380077
16413,427224,380078
16414,427225,380079
16415,427263,451885
16416,427264,451886
16417,427265,451887
16418,427266,451888
16419,427295,501074
16420,427296,501446
16421,427367,605895
16422,427368,1709
16423,427633,374093
16424,427634,374234
16425,427635,375431
16426,427636,375432
16427,427637,380074
16428,427638,380075
16429,427680,432907
16430,427700,451884
16431,427729,501445
16432,427806,605893
16433,427807,605894
16434,427809,961
16435,427810,1130
16436,427811,1708
16437,427822,16585
16438,427823,16586
16439,427945,155973
16440,427946,156116
16441,427947,156656
16442,427948,156657
16443,428146,374233
16444,428147,375427
16445,428148,375428
16446,428149,375429
16447,428150,375430
16448,428151,380073
16449,428201,433106
16450,428202,433107
16451,428224,451191
16452,428225,451192
16453,428226,451880
16454,428227,451881
16455,428228,451882
16456,428229,451883
16457,428371,605889
16458,428372,605890
16459,428373,605891
16460,428374,605892
16461,428393,23109
16462,428481,139908
16463,428484,147191
16464,428488,156115
16465,428489,156655
16466,428566,244211
16467,428567,244212
16468,428569,249358
16469,428707,451879
16470,428713,464360
16471,428714,464361
16472,428715,464362
16473,428716,464363
16474,428717,464364
16475,428722,468371
16476,428723,468372
16477,428741,500705
16478,428742,500706
16479,428800,561456
16480,428801,561457
16481,428802,561458
16482,428938,139907
16483,428946,147189
16484,428947,147190
16485,428951,156654
16486,429005,243337
16487,429006,244210
16488,429010,249462
16489,429196,561451
16490,429197,561452
16491,429198,561453
16492,429199,561454
16493,429200,561455
16494,429221,600824
16495,429234,22624
16496,429235,23108
16497,429313,139906
16498,429383,243611
16499,429384,244207
16500,429385,244208
16501,429386,244209
16502,429389,249381
16503,429390,249459
16504,429391,249460
16505,429392,249461
16506,429531,451878
16507,429536,463488
16508,429539,468369
16509,429540,468370
16510,429562,500704
16511,429587,559378
16512,429588,561449
16513,429589,561450
16514,429616,600822
16515,429617,600823
16516,429639,23106
16517,429640,23107
16518,429733,147187
16519,429734,147188
16520,429799,243609
16521,429800,243610
16522,429801,244206
16523,429804,249357
16524,429805,249378
16525,429806,249379
16526,429807,249380
16527,429808,249458
16528,429944,450802
16529,429945,451875
16530,429946,451876
16531,429947,451877
16532,429952,463610
16533,429953,464359
16534,429957,468367
16535,429958,468368
16536,429980,500702
16537,429981,500703
16538,430020,559377
16539,430021,559633
16540,430022,561441
16541,430023,561442
16542,430024,561443
16543,430025,561444
16544,430026,561445
16545,430027,561446
16546,430028,561447
16547,430029,561448
16548,430050,600819
16549,430051,600820
16550,430052,600821
16551,430075,22661
16552,430076,23104
16553,430077,23105
16554,430168,139903
16555,430169,139904
16556,430170,139905
16557,430177,156652
16558,430178,156653
16559,430236,243608
16560,430237,244202
16561,430238,244203
16562,430239,244204
16563,430240,244205
16564,430246,249377
16565,430247,249457
16566,430380,451022
16567,430381,451873
16568,430382,451874
16569,430386,464356
16570,430387,464357
16571,430388,464358
16572,430391,468364
16573,430392,468365
16574,430393,468366
16575,430413,500699
16576,430414,500700
16577,430415,500701
16578,430464,561439
16579,430465,561440
16580,430482,600818
16581,430503,23103
16582,430582,139901
16583,430583,139902
16584,430585,147185
16585,430586,147186
16586,430596,156648
16587,430597,156649
16588,430598,156650
16589,430599,156651
16590,430671,243460
16591,430677,249342
16592,430836,450925
16593,430837,451021
16594,430838,451871
16595,430839,451872
16596,430849,464355
16597,430884,500698
16598,430944,561437
16599,430945,561438
16600,430968,600817
16601,430994,23102
16602,431089,139899
16603,431090,139900
16604,431093,147180
16605,431094,147181
16606,431095,147182
16607,431096,147183
16608,431097,147184
16609,431110,156114
16610,431111,156647
16611,431200,244201
16612,431205,249376
16613,431397,464354
16614,431400,468360
16615,431401,468361
16616,431402,468362
16617,431403,468363
16618,431443,500694
16619,431444,500695
16620,431445,500696
16621,431446,500697
16622,431495,559632
16623,431496,561435
16624,431497,561436
16625,431534,600814
16626,431535,600815
16627,431536,600816
16628,431543,1699
16629,431544,1700
16630,431741,212636
16631,431751,226630
16632,431752,226631
16633,431791,263756
16634,431792,263757
16635,431793,263758
16636,431821,306291
16637,431839,324113
16638,431860,344238
16639,431861,344239
16640,431882,375403
16641,431883,375404
16642,431884,375405
16643,431885,375406
16644,431886,375407
16645,431909,403806
16646,431910,403807
16647,431911,403808
16648,431912,403809
16649,431913,403810
16650,431966,457796
16651,431967,457797
16652,432007,501440
16653,432072,559376
16654,432073,561431
16655,432074,561432
16656,432075,561433
16657,432076,561434
16658,432115,804
16659,432116,1697
16660,432117,1698
16661,432128,12314
16662,432129,12315
16663,432130,12316
16664,432275,212634
16665,432276,212635
16666,432285,226629
16667,432306,263755
16668,432330,306624
16669,432331,306625
16670,432343,324111
16671,432344,324112
16672,432354,343753
16673,432355,344235
16674,432356,344236
16675,432357,344237
16676,432374,375402
16677,432392,403804
16678,432393,403805
16679,432434,457793
16680,432435,457794
16681,432436,457795
16682,432464,501438
16683,432465,501439
16684,432498,561426
16685,432499,561427
16686,432500,561428
16687,432501,561429
16688,432502,561430
16689,432536,1696
16690,432685,212633
16691,432690,226628
16692,432712,263753
16693,432713,263754
16694,432745,306621
16695,432746,306622
16696,432747,306623
16697,432759,324109
16698,432760,324110
16699,432777,344234
16700,432799,374030
16701,432800,374031
16702,432801,374499
16703,432802,374500
16704,432803,375401
16705,432816,403801
16706,432817,403802
16707,432818,403803
16708,432851,457791
16709,432852,457792
16710,432885,501071
16711,432931,561423
16712,432932,561424
16713,432933,561425
16714,432965,1695
16715,432972,12313
16716,433091,212002
16717,433092,212631
16718,433093,212632
16719,433097,226626
16720,433098,226627
16721,433121,263750
16722,433122,263751
16723,433123,263752
16724,433145,306618
16725,433146,306619
16726,433147,306620
16727,433160,324108
16728,433197,375399
16729,433198,375400
16730,433218,403798
16731,433219,403799
16732,433220,403800
16733,433257,457790
16734,433288,501070
16735,433289,501436
16736,433290,501437
16737,433324,561417
16738,433325,561418
16739,433326,561419
16740,433327,561420
16741,433328,561421
16742,433329,561422
16743,433357,1694
16744,433585,324107
16745,433619,375398
16746,433631,403797
16747,433692,501069
16748,433725,561413
16749,433726,561414
16750,433727,561415
16751,433728,561416
16752,433763,1049
16753,433764,1128
16754,433769,12308
16755,433770,12309
16756,433771,12310
16757,433772,12311
16758,433773,12312
16759,433955,212630
16760,433967,226623
16761,433968,226624
16762,433969,226625
16763,434008,263746
16764,434009,263747
16765,434010,263748
16766,434011,263749
16767,434061,324104
16768,434062,324105
16769,434063,324106
16770,434081,344231
16771,434082,344232
16772,434083,344233
16773,434101,374497
16774,434102,374498
16775,434103,375397
16776,434122,403796
16777,434180,457788
16778,434181,457789
16779,434223,501435
16780,434273,559631
16781,434274,561409
16782,434275,561410
16783,434276,561411
16784,434277,561412
16785,434318,802
16786,434319,803
16787,434320,960
16788,434321,1693
16789,434334,12307
16790,434518,212628
16791,434519,212629
16792,434532,226622
16793,434563,263744
16794,434564,263745
16795,434603,306290
16796,434667,375394
16797,434668,375395
16798,434669,375396
16799,434734,457786
16800,434735,457787
16801,434767,501068
16802,434827,561408
16803,435027,212627
16804,435048,247189
16805,435049,247279
16806,435060,263244
16807,435061,263742
16808,435062,263743
16809,435126,374496
16810,435127,375393
16811,435158,435835
16812,435159,435836
16813,435173,463737
16814,435174,464341
16815,435196,501434
16816,435385,146707
16817,435386,147167
16818,435420,188120
16819,435421,188946
16820,435422,188947
16821,435436,212625
16822,435437,212626
16823,435461,247570
16824,435462,247571
16825,435463,247572
16826,435464,247573
16827,435465,247574
16828,435466,247575
16829,435473,263739
16830,435474,263740
16831,435475,263741
16832,435567,374231
16833,435568,375391
16834,435569,375392
16835,435600,435831
16836,435601,435832
16837,435602,435833
16838,435603,435834
16839,435621,464339
16840,435622,464340
16841,435812,147165
16842,435813,147166
16843,435841,188119
16844,435842,188945
16845,435968,374230
16846,435969,375389
16847,435970,375390
16848,436016,434153
16849,436017,435830
16850,436031,463426
16851,436032,464337
16852,436033,464338
16853,436063,501067
16854,436064,501433
16855,436079,525195
16856,436080,525498
16857,436081,525499
16858,436235,188118
16859,436236,188944
16860,436247,212623
16861,436248,212624
16862,436274,263737
16863,436275,263738
16864,436341,375388
16865,436390,463606
16866,436411,501431
16867,436412,501432
16868,436584,147164
16869,436617,187816
16870,436618,188941
16871,436619,188942
16872,436620,188943
16873,436638,212622
16874,436651,247568
16875,436652,247569
16876,436659,263736
16877,436764,435826
16878,436765,435827
16879,436766,435828
16880,436767,435829
16881,436961,147162
16882,436962,147163
16883,437004,187815
16884,437005,188939
16885,437006,188940
16886,437025,212621
16887,437055,247567
16888,437070,263735
16889,437151,375387
16890,437203,434152
16891,437204,435823
16892,437205,435824
16893,437206,435825
16894,437222,463605
16895,437223,464336
16896,437246,501430
16897,437266,525194
16898,437267,525493
16899,437268,525494
16900,437269,525495
16901,437270,525496
16902,437271,525497
16903,437443,147159
16904,437444,147160
16905,437445,147161
16906,437477,188117
16907,437478,188936
16908,437479,188937
16909,437480,188938
16910,437497,212074
16911,437498,212617
16912,437499,212618
16913,437500,212619
16914,437501,212620
16915,437523,247565
16916,437524,247566
16917,437533,263734
16918,437607,375386
16919,437656,435819
16920,437657,435820
16921,437658,435821
16922,437659,435822
16923,437673,463425
16924,437674,463604
16925,437703,501064
16926,437704,501065
16927,437705,501066
16928,437706,501429
16929,437725,525491
16930,437726,525492
16931,437847,98517
16932,437848,98518
16933,437849,98519
16934,437850,98619
16935,437912,192376
16936,437913,192377
16937,437914,192378
16938,437930,223598
16939,437942,243606
16940,437943,244186
16941,438050,374495
16942,438051,375383
16943,438052,375384
16944,438053,375385
16945,438058,393529
16946,438088,425176
16947,438096,435817
16948,438097,435818
16949,438110,464333
16950,438111,464334
16951,438112,464335
16952,438124,478643
16953,438125,478644
16954,438183,561390
16955,438192,580775
16956,438264,98513
16957,438265,98514
16958,438266,98515
16959,438267,98516
16960,438334,244184
16961,438335,244185
16962,438402,375381
16963,438403,375382
16964,438426,435816
16965,438437,464331
16966,438438,464332
16967,438452,501428
16968,438485,561385
16969,438486,561386
16970,438487,561387
16971,438488,561388
16972,438489,561389
16973,438564,98512
16974,438625,192374
16975,438626,192375
16976,438646,223597
16977,438655,243605
16978,438755,375380
16979,438764,393527
16980,438765,393528
16981,438779,425174
16982,438780,425175
16983,438785,435805
16984,438786,435806
16985,438787,435807
16986,438788,435808
16987,438789,435809
16988,438790,435810
16989,438791,435811
16990,438792,435812
16991,438793,435813
16992,438794,435814
16993,438795,435815
16994,438806,464330
16995,438833,501425
16996,438834,501426
16997,438835,501427
16998,438872,559375
16999,438873,561381
17000,438874,561382
17001,438875,561383
17002,438876,561384
17003,438886,580771
17004,438887,580772
17005,438888,580773
17006,438889,580774
17007,439006,192372
17008,439007,192373
17009,439025,223592
17010,439026,223593
17011,439027,223594
17012,439028,223595
17013,439029,223596
17014,439042,244183
17015,439106,374494
17016,439107,375378
17017,439108,375379
17018,439120,393525
17019,439121,393526
17020,439144,435798
17021,439145,435799
17022,439146,435800
17023,439147,435801
17024,439148,435802
17025,439149,435803
17026,439150,435804
17027,439168,463736
17028,439169,464327
17029,439170,464328
17030,439171,464329
17031,439182,478562
17032,439183,478563
17033,439184,478639
17034,439185,478640
17035,439186,478641
17036,439187,478642
17037,439199,501424
17038,439231,559628
17039,439232,561377
17040,439233,561378
17041,439234,561379
17042,439235,561380
17043,439379,192371
17044,439393,223590
17045,439394,223591
17046,439406,243604
17047,439520,374229
17048,439521,375376
17049,439522,375377
17050,439534,393124
17051,439552,435794
17052,439553,435795
17053,439554,435796
17054,439555,435797
17055,439566,463603
17056,439567,464326
17057,439574,478561
17058,439587,500924
17059,439588,501421
17060,439589,501422
17061,439590,501423
17062,439640,561372
17063,439641,561373
17064,439642,561374
17065,439643,561375
17066,439644,561376
17067,439651,580768
17068,439652,580769
17069,439653,580770
17070,439840,192037
17071,439867,223588
17072,439868,223589
17073,439892,243336
17074,439893,243603
17075,439894,244182
17076,439992,374228
17077,439993,375375
17078,440003,393523
17079,440004,393524
17080,440029,425040
17081,440030,425170
17082,440031,425171
17083,440032,425172
17084,440033,425173
17085,440040,435788
17086,440041,435789
17087,440042,435790
17088,440043,435791
17089,440044,435792
17090,440045,435793
17091,440066,464324
17092,440067,464325
17093,440080,478638
17094,440105,501063
17095,440106,501416
17096,440107,501417
17097,440108,501418
17098,440109,501419
17099,440110,501420
17100,440147,559627
17101,440148,561370
17102,440149,561371
17103,440266,98491
17104,440267,98511
17105,440351,192369
17106,440352,192370
17107,440515,374493
17108,440516,375373
17109,440517,375374
17110,440529,393520
17111,440530,393521
17112,440531,393522
17113,440556,425168
17114,440557,425169
17115,440563,434405
17116,440564,435784
17117,440565,435785
17118,440566,435786
17119,440567,435787
17120,440597,478560
17121,440617,501062
17122,440618,501415
17123,440674,561366
17124,440675,561367
17125,440676,561368
17126,440677,561369
17127,440689,580336
17128,440690,580767
17129,440718,1678
17130,440780,89773
17131,440781,89774
17132,440905,243456
17133,440906,244178
17134,440907,244179
17135,440908,244180
17136,440909,244181
17137,440985,349034
17138,440991,366276
17139,440996,380007
17140,440997,380008
17141,440998,380009
17142,440999,380010
17143,441000,380011
17144,441001,380012
17145,441059,463735
17146,441060,464323
17147,441061,467377
17148,441062,467378
17149,441063,467379
17150,441156,580766
17151,441250,89772
17152,441312,182618
17153,441313,182619
17154,441347,243455
17155,441348,243602
17156,441349,244177
17157,441414,349032
17158,441415,349033
17159,441427,366651
17160,441428,366652
17161,441431,375371
17162,441432,375372
17163,441433,380004
17164,441434,380005
17165,441435,380006
17166,441485,463424
17167,441486,463734
17168,441487,464322
17169,441488,467376
17170,441531,525484
17171,441532,525485
17172,441564,580763
17173,441565,580764
17174,441566,580765
17175,441583,1226
17176,441584,1677
17177,441636,89086
17178,441637,89770
17179,441638,89771
17180,441706,182491
17181,441707,182617
17182,441747,243601
17183,441748,244175
17184,441749,244176
17185,441821,348784
17186,441837,366275
17187,441843,375370
17188,441844,379996
17189,441845,379997
17190,441846,379998
17191,441847,379999
17192,441848,380000
17193,441849,380001
17194,441850,380002
17195,441851,380003
17196,441898,464320
17197,441899,464321
17198,441900,467375
17199,441939,525482
17200,441940,525483
17201,441975,580761
17202,441976,580762
17203,441992,1675
17204,441993,1676
17205,442045,89769
17206,442100,182616
17207,442132,243600
17208,442133,244174
17209,442209,366649
17210,442210,366650
17211,442212,375369
17212,442213,379994
17213,442214,379995
17214,442276,464318
17215,442277,464319
17216,442278,467374
17217,442320,525481
17218,442386,1674
17219,442470,182475
17220,442471,182479
17221,442472,182480
17222,442506,244171
17223,442507,244172
17224,442508,244173
17225,442570,349029
17226,442571,349030
17227,442572,349031
17228,442586,374090
17229,442587,374492
17230,442588,375366
17231,442589,375367
17232,442590,375368
17233,442591,379992
17234,442592,379993
17235,442641,464317
17236,442643,466786
17237,442644,467372
17238,442645,467373
17239,442687,525193
17240,442688,525478
17241,442689,525479
17242,442690,525480
17243,442727,580759
17244,442728,580760
17245,442749,1673
17246,442830,89766
17247,442831,89767
17248,442832,89768
17249,442926,182614
17250,442927,182615
17251,442980,244170
17252,443067,349028
17253,443082,366648
17254,443087,375365
17255,443088,379988
17256,443089,379989
17257,443090,379990
17258,443091,379991
17259,443165,464315
17260,443166,464316
17261,443167,467369
17262,443168,467370
17263,443169,467371
17264,443232,525477
17265,443297,580755
17266,443298,580756
17267,443299,580757
17268,443300,580758
17269,443322,1126
17270,443323,1670
17271,443324,1671
17272,443325,1672
17273,443405,89764
17274,443406,89765
17275,443546,243335
17276,443652,349026
17277,443653,349027
17278,443671,366645
17279,443672,366646
17280,443673,366647
17281,443683,374227
17282,443684,379985
17283,443685,379986
17284,443686,379987
17285,443756,463602
17286,443757,464314
17287,443759,467368
17288,443819,525476
17289,443867,580753
17290,443868,580754
17291,443897,1125
17292,443933,38034
17293,443934,38343
17294,443935,38344
17295,443947,55844
17296,443948,56220
17297,443949,56221
17298,443950,56222
17299,443951,56223
17300,443952,56224
17301,443991,100603
17302,444040,139454
17303,444041,139455
17304,444042,139869
17305,444059,159035
17306,444060,159036
17307,444208,324090
17308,444245,362796
17309,444286,403777
17310,444313,451847
17311,444314,451848
17312,444321,460711
17313,444326,468340
17314,444327,468341
17315,444328,468342
17316,444334,477135
17317,444355,500666
17318,444356,500667
17319,444357,500668
17320,444358,500669
17321,444381,525475
17322,444390,531167
17323,444429,571724
17324,444430,571725
17325,444431,571726
17326,444470,1225
17327,444471,1666
17328,444472,1667
17329,444473,1668
17330,444474,1669
17331,444502,38013
17332,444503,38031
17333,444504,38032
17334,444505,38033
17335,444527,56218
17336,444528,56219
17337,444561,100602
17338,444595,139453
17339,444615,158541
17340,444616,159034
17341,444743,323713
17342,444744,324086
17343,444745,324087
17344,444746,324088
17345,444747,324089
17346,444784,362795
17347,444821,403776
17348,444862,451845
17349,444863,451846
17350,444868,460707
17351,444869,460708
17352,444870,460709
17353,444871,460710
17354,444875,468338
17355,444876,468339
17356,444880,477132
17357,444881,477133
17358,444882,477134
17359,444900,500665
17360,444920,525181
17361,444921,525473
17362,444922,525474
17363,445021,38010
17364,445022,38011
17365,445023,38012
17366,445024,38030
17367,445039,56217
17368,445076,100599
17369,445077,100600
17370,445078,100601
17371,445112,139868
17372,445126,159032
17373,445127,159033
17374,445287,403632
17375,445288,403774
17376,445289,403775
17377,445325,451844
17378,445328,460706
17379,445339,468336
17380,445340,468337
17381,445344,476430
17382,445361,500663
17383,445362,500664
17384,445383,525471
17385,445384,525472
17386,445387,530966
17387,445388,531166
17388,445411,571437
17389,445448,1665
17390,445469,38342
17391,445483,55843
17392,445484,56216
17393,445505,100598
17394,445528,139382
17395,445645,324083
17396,445646,324084
17397,445647,324085
17398,445674,362792
17399,445675,362793
17400,445676,362794
17401,445708,403772
17402,445709,403773
17403,445735,450922
17404,445736,451842
17405,445737,451843
17406,445748,476523
17407,445765,500662
17408,445779,525470
17409,445783,530898
17410,445804,571723
17411,445834,1224
17412,445835,1662
17413,445836,1663
17414,445837,1664
17415,445859,38009
17416,445895,100595
17417,445896,100596
17418,445897,100597
17419,445930,159031
17420,446042,324082
17421,446071,362791
17422,446097,403770
17423,446098,403771
17424,446142,451841
17425,446147,460705
17426,446154,467928
17427,446161,476429
17428,446162,477130
17429,446163,477131
17430,446177,500661
17431,446198,530964
17432,446199,530965
17433,446200,531165
17434,446218,571721
17435,446219,571722
17436,446248,801
17437,446249,959
17438,446250,1124
17439,446251,1659
17440,446252,1660
17441,446253,1661
17442,446286,38341
17443,446333,100593
17444,446334,100594
17445,446363,139867
17446,446378,159030
17447,446525,324079
17448,446526,324080
17449,446527,324081
17450,446559,362790
17451,446618,460703
17452,446619,460704
17453,446633,477128
17454,446634,477129
17455,446648,500427
17456,446649,500659
17457,446650,500660
17458,446674,525469
17459,446684,530963
17460,446706,571719
17461,446707,571720
17462,446773,38008
17463,446774,38340
17464,446787,56215
17465,446825,100590
17466,446826,100591
17467,446827,100592
17468,446863,139864
17469,446864,139865
17470,446865,139866
17471,446880,158438
17472,446881,158540
17473,447029,324077
17474,447030,324078
17475,447058,362439
17476,447059,362788
17477,447060,362789
17478,447098,403769
17479,447137,451840
17480,447142,460702
17481,447143,468333
17482,447144,468334
17483,447145,468335
17484,447152,477127
17485,447176,500656
17486,447177,500657
17487,447178,500658
17488,447206,525467
17489,447207,525468
17490,447211,530962
17491,447212,531164
17492,447252,571718
17493,447507,247278
17494,447508,247546
17495,447572,317531
17496,447573,317930
17497,447574,317931
17498,447575,317932
17499,447604,346328
17500,447611,351647
17501,447620,369178
17502,447621,369179
17503,447625,379966
17504,447626,379967
17505,447634,394593
17506,447635,395301
17507,447636,395302
17508,447637,395303
17509,447689,451837
17510,447690,451838
17511,447691,451839
17512,447710,476522
17513,447711,477124
17514,447712,477125
17515,447713,477126
17516,447729,500436
17517,447730,500655
17518,447735,505880
17519,447736,505881
17520,447816,600744
17521,447817,600745
17522,447818,600746
17523,448000,247544
17524,448001,247545
17525,448051,317929
17526,448071,346327
17527,448074,351385
17528,448075,351386
17529,448087,368943
17530,448088,369078
17531,448089,369079
17532,448090,369621
17533,448103,395298
17534,448104,395299
17535,448105,395300
17536,448152,451833
17537,448153,451834
17538,448154,451835
17539,448155,451836
17540,448171,477123
17541,448185,500654
17542,448187,505877
17543,448188,505878
17544,448189,505879
17545,448225,554135
17546,448226,554136
17547,448238,580434
17548,448239,580741
17549,448240,580742
17550,448417,247223
17551,448418,247224
17552,448468,317927
17553,448469,317928
17554,448488,346326
17555,448492,351646
17556,448505,368942
17557,448506,369077
17558,448507,369620
17559,448510,379961
17560,448511,379962
17561,448512,379963
17562,448513,379964
17563,448514,379965
17564,448525,395296
17565,448526,395297
17566,448571,450801
17567,448572,451015
17568,448573,451188
17569,448592,477122
17570,448605,500653
17571,448608,505876
17572,448661,580382
17573,448662,580739
17574,448663,580740
17575,448677,600743
17576,448850,317924
17577,448851,317925
17578,448852,317926
17579,448869,346324
17580,448870,346325
17581,448885,379960
17582,448923,451832
17583,448944,477120
17584,448945,477121
17585,448964,500652
17586,448968,505874
17587,448969,505875
17588,449009,554132
17589,449010,554133
17590,449011,554134
17591,449024,580738
17592,449036,600741
17593,449037,600742
17594,449264,346143
17595,449268,351644
17596,449269,351645
17597,449283,369177
17598,449289,379958
17599,449290,379959
17600,449298,395294
17601,449299,395295
17602,449343,476404
17603,449344,477118
17604,449345,477119
17605,449353,500650
17606,449354,500651
17607,449357,505873
17608,449402,553905
17609,449419,580734
17610,449420,580735
17611,449421,580736
17612,449422,580737
17613,449436,600739
17614,449437,600740
17615,449619,247277
17616,449683,317923
17617,449701,346322
17618,449702,346323
17619,449711,351643
17620,449723,369619
17621,449729,379235
17622,449730,379956
17623,449731,379957
17624,449742,395291
17625,449743,395292
17626,449744,395293
17627,449781,451828
17628,449782,451829
17629,449783,451830
17630,449784,451831
17631,449825,505870
17632,449826,505871
17633,449827,505872
17634,449883,554130
17635,449884,554131
17636,449899,580733
17637,449911,600737
17638,449912,600738
17639,450126,247541
17640,450127,247542
17641,450128,247543
17642,450201,346320
17643,450202,346321
17644,450210,351639
17645,450211,351640
17646,450212,351641
17647,450213,351642
17648,450229,369076
17649,450230,369617
17650,450231,369618
17651,450250,394547
17652,450251,395289
17653,450252,395290
17654,450300,451827
17655,450347,500646
17656,450348,500647
17657,450349,500648
17658,450350,500649
17659,450398,553904
17660,450399,554127
17661,450400,554128
17662,450401,554129
17663,450413,580732
17664,450434,600736
17665,450456,22459
17666,450457,22460
17667,450458,22461
17668,450459,23074
17669,450536,133480
17670,450550,149010
17671,450551,149387
17672,450552,149388
17673,450553,149389
17674,450571,176270
17675,450611,223572
17676,450646,277217
17677,450717,369616
17678,450742,404834
17679,450790,477117
17680,450804,498781
17681,450805,498782
17682,450877,600733
17683,450878,600734
17684,450879,600735
17685,450898,20533
17686,450899,20534
17687,450902,22458
17688,450972,133478
17689,450973,133479
17690,450984,149386
17691,451001,176269
17692,451059,277216
17693,451133,369075
17694,451134,369176
17695,451135,369614
17696,451136,369615
17697,451165,404533
17698,451202,477115
17699,451203,477116
17700,451305,600731
17701,451306,600732
17702,451323,20532
17703,451325,23073
17704,451396,133477
17705,451428,176267
17706,451429,176268
17707,451467,223568
17708,451468,223569
17709,451469,223570
17710,451470,223571
17711,451517,277214
17712,451518,277215
17713,451607,369175
17714,451608,369612
17715,451609,369613
17716,451684,477114
17717,451758,600730
17718,451773,20530
17719,451774,20531
17720,451776,22457
17721,451837,132962
17722,451838,133475
17723,451839,133476
17724,451848,149384
17725,451849,149385
17726,451929,277208
17727,451930,277209
17728,451931,277210
17729,451932,277211
17730,451933,277212
17731,451934,277213
17732,452020,404831
17733,452021,404832
17734,452022,404833
17735,452079,476428
17736,452080,477112
17737,452081,477113
17738,452094,498442
17739,452095,498779
17740,452096,498780
17741,452099,500643
17742,452100,500644
17743,452101,500645
17744,452163,600729
17745,452183,23072
17746,452257,132909
17747,452258,133020
17748,452269,149383
17749,452319,223567
17750,452355,277206
17751,452356,277207
17752,452424,369610
17753,452425,369611
17754,452450,404532
17755,452451,404829
17756,452452,404830
17757,452502,477109
17758,452503,477110
17759,452504,477111
17760,452516,498778
17761,452590,600727
17762,452591,600728
17763,452613,20239
17764,452615,23071
17765,452719,133472
17766,452720,133473
17767,452721,133474
17768,452734,149382
17769,452798,223566
17770,452846,277143
17771,452847,277203
17772,452848,277204
17773,452849,277205
17774,452850,277269
17775,452924,369608
17776,452925,369609
17777,452957,404531
17778,452958,404828
17779,453042,500435
17780,453125,600724
17781,453126,600725
17782,453127,600726
17783,453144,20526
17784,453145,20527
17785,453146,20528
17786,453147,20529
17787,453148,22454
17788,453149,22455
17789,453150,22456
17790,453151,22622
17791,453152,23070
17792,453248,133469
17793,453249,133470
17794,453250,133471
17795,453262,149380
17796,453263,149381
17797,453289,176261
17798,453290,176262
17799,453291,176263
17800,453292,176264
17801,453293,176265
17802,453294,176266
17803,453331,223563
17804,453332,223564
17805,453333,223565
17806,453387,277142
17807,453388,277202
17808,453564,477108
17809,453580,498774
17810,453581,498775
17811,453582,498776
17812,453583,498777
17813,453585,500637
17814,453586,500638
17815,453587,500639
17816,453588,500640
17817,453589,500641
17818,453590,500642
17819,453678,600723
17820,453686,1120
17821,453687,1121
17822,453688,1634
17823,453698,16068
17824,453699,16515
17825,453718,34945
17826,453719,35113
17827,453789,130535
17828,453790,130536
17829,453839,211214
17830,453847,226595
17831,453889,263694
17832,453890,263695
17833,453891,263696
17834,453939,308250
17835,453948,323663
17836,453949,324066
17837,453950,324067
17838,453991,374221
17839,453992,374483
17840,453993,374484
17841,453994,375329
17842,454032,426343
17843,454033,426344
17844,454034,426345
17845,454052,451187
17846,454053,451811
17847,454054,451812
17848,454055,451813
17849,454056,451814
17850,454057,451815
17851,454064,457758
17852,454066,464276
17853,454067,464277
17854,454068,464278
17855,454081,488752
17856,454082,488753
17857,454168,1046
17858,454169,1221
17859,454170,1633
17860,454179,16513
17861,454180,16514
17862,454201,34920
17863,454202,35110
17864,454203,35111
17865,454204,35112
17866,454257,130138
17867,454258,130533
17868,454259,130534
17869,454322,211546
17870,454323,211547
17871,454324,211548
17872,454333,226594
17873,454359,263222
17874,454388,308248
17875,454389,308249
17876,454401,324065
17877,454442,374220
17878,454443,374481
17879,454444,374482
17880,454474,426342
17881,454495,451810
17882,454497,457757
17883,454498,464274
17884,454499,464275
17885,454510,488751
17886,454563,580717
17887,454564,580718
17888,454588,1632
17889,454608,35109
17890,454672,130532
17891,454733,211544
17892,454734,211545
17893,454741,226593
17894,454792,308245
17895,454793,308246
17896,454794,308247
17897,454810,324064
17898,454853,374086
17899,454854,374479
17900,454855,374480
17901,454887,426340
17902,454888,426341
17903,454907,451807
17904,454908,451808
17905,454909,451809
17906,454912,457753
17907,454913,457754
17908,454914,457755
17909,454915,457756
17910,454917,464273
17911,454935,488750
17912,455006,580716
17913,455029,1219
17914,455030,1220
17915,455034,16020
17916,455035,16067
17917,455036,16512
17918,455098,130530
17919,455099,130531
17920,455143,226592
17921,455161,263221
17922,455162,263243
17923,455190,308244
17924,455198,324063
17925,455228,374478
17926,455229,375328
17927,455252,426336
17928,455253,426337
17929,455254,426338
17930,455255,426339
17931,455280,488397
17932,455281,488749
17933,455327,580714
17934,455328,580715
17935,455351,1629
17936,455352,1630
17937,455353,1631
17938,455364,16511
17939,455374,35108
17940,455499,211541
17941,455500,211542
17942,455501,211543
17943,455514,226589
17944,455515,226590
17945,455516,226591
17946,455543,263691
17947,455544,263692
17948,455545,263693
17949,455589,308081
17950,455590,308242
17951,455591,308243
17952,455605,324062
17953,455644,375326
17954,455645,375327
17955,455696,451804
17956,455697,451805
17957,455698,451806
17958,455703,463419
17959,455704,464271
17960,455705,464272
17961,455722,488461
17962,455723,488747
17963,455724,488748
17964,455790,580712
17965,455791,580713
17966,455814,1628
17967,455820,16509
17968,455821,16510
17969,455838,34943
17970,455839,34944
17971,455840,35105
17972,455841,35106
17973,455842,35107
17974,455930,130527
17975,455931,130528
17976,455932,130529
17977,456000,211540
17978,456055,263689
17979,456056,263690
17980,456136,374477
17981,456137,375323
17982,456138,375324
17983,456139,375325
17984,456179,426335
17985,456199,457752
17986,456202,464270
17987,456227,488746
17988,456284,580711
17989,456317,1119
17990,456324,16508
17991,456335,35104
17992,456503,211539
17993,456518,226586
17994,456519,226587
17995,456520,226588
17996,456599,324057
17997,456600,324058
17998,456601,324059
17999,456602,324060
18000,456603,324061
18001,456657,375320
18002,456658,375321
18003,456659,375322
18004,456701,426332
18005,456702,426333
18006,456703,426334
18007,456721,450860
18008,456722,451803
18009,456726,457749
18010,456727,457750
18011,456728,457751
18012,456751,488745
18013,456839,580709
18014,456840,580710
18015,456871,1218
18016,456872,1627
18017,456880,16507
18018,456933,89202
18019,456934,89723
18020,456935,89724
18021,456936,89725
18022,456937,89726
18023,456968,120087
18024,456970,121436
18025,456971,121437
18026,456972,121438
18027,457046,211538
18028,457047,212565
18029,457073,249747
18030,457074,250151
18031,457147,343750
18032,457148,344182
18033,457149,344183
18034,457177,379922
18035,457229,464268
18036,457230,464269
18037,457281,524102
18038,457282,524376
18039,457283,524377
18040,457327,580708
18041,457365,1217
18042,457366,1626
18043,457427,89722
18044,457445,121435
18045,457508,211537
18046,457510,212564
18047,457595,343717
18048,457596,344180
18049,457597,344181
18050,457625,379920
18051,457626,379921
18052,457634,395269
18053,457635,395270
18054,457676,464267
18055,457710,524372
18056,457711,524373
18057,457712,524374
18058,457713,524375
18059,457778,16503
18060,457779,16504
18061,457780,16505
18062,457781,16506
18063,457841,89081
18064,457842,89201
18065,457865,121289
18066,457866,121312
18067,457929,211535
18068,457930,211536
18069,457931,211951
18070,457932,212069
18071,457933,212563
18072,457957,250148
18073,457958,250149
18074,457959,250150
18075,458073,379918
18076,458074,379919
18077,458087,394591
18078,458132,464266
18079,458175,524371
18080,458217,580707
18081,458236,800
18082,458237,1625
18083,458247,16500
18084,458248,16501
18085,458249,16502
18086,458302,89200
18087,458329,120085
18088,458330,120086
18089,458388,211532
18090,458389,211533
18091,458390,211534
18092,458409,250146
18093,458410,250147
18094,458470,344179
18095,458495,379117
18096,458496,379168
18097,458497,379914
18098,458498,379915
18099,458499,379916
18100,458500,379917
18101,458511,395267
18102,458512,395268
18103,458556,463485
18104,458557,464262
18105,458558,464263
18106,458559,464264
18107,458560,464265
18108,458597,524070
18109,458598,524370
18110,458639,580704
18111,458640,580705
18112,458641,580706
18113,458658,1624
18114,458670,16498
18115,458671,16499
18116,458726,89720
18117,458727,89721
18118,458743,119986
18119,458744,120082
18120,458745,120083
18121,458746,120084
18122,458747,121276
18123,458748,121277
18124,458749,121433
18125,458750,121434
18126,458804,211530
18127,458805,211531
18128,458910,379912
18129,458911,379913
18130,458920,394650
18131,458921,395266
18132,458952,464259
18133,458953,464260
18134,458954,464261
18135,458994,524369
18136,459043,1620
18137,459044,1621
18138,459045,1622
18139,459046,1623
18140,459126,89017
18141,459127,89718
18142,459128,89719
18143,459152,120080
18144,459153,120081
18145,459158,121430
18146,459159,121431
18147,459160,121432
18148,459223,211529
18149,459224,212560
18150,459225,212561
18151,459226,212562
18152,459253,250145
18153,459340,344177
18154,459341,344178
18155,459367,379911
18156,459377,395265
18157,459432,464258
18158,459521,580703
18159,459545,956
18160,459546,1045
18161,459547,1618
18162,459548,1619
18163,459567,16066
18164,459568,16495
18165,459569,16496
18166,459570,16497
18167,459647,89714
18168,459648,89715
18169,459649,89716
18170,459650,89717
18171,459681,120079
18172,459682,121288
18173,459787,211528
18174,459788,211950
18175,459789,212068
18176,459790,212558
18177,459791,212559
18178,459829,249704
18179,459830,249746
18180,459917,344175
18181,459918,344176
18182,459959,379909
18183,459960,379910
18184,459976,394649
18185,459977,395264
18186,460040,463335
18187,460041,463336
18188,460042,464252
18189,460043,464253
18190,460044,464254
18191,460045,464255
18192,460046,464256
18193,460047,464257
18194,460117,524367
18195,460118,524368
18196,460167,580381
18197,460168,580433
18198,460169,580701
18199,460170,580702
18200,460258,56195
18201,460289,86393
18202,460290,86394
18203,460291,86395
18204,460316,113711
18205,460324,121286
18206,460325,121287
18207,460326,121309
18208,460327,121310
18209,460328,121311
18210,460329,121427
18211,460330,121428
18212,460331,121429
18213,460342,133456
18214,460343,133457
18215,460390,187645
18216,460391,188838
18217,460404,212067
18218,460405,212553
18219,460406,212554
18220,460407,212555
18221,460408,212556
18222,460409,212557
18223,460419,226582
18224,460420,226583
18225,460421,226584
18226,460435,243452
18227,460436,244132
18228,460437,244133
18229,460545,375298
18230,460546,375299
18231,460547,375300
18232,460628,451794
18233,460629,460666
18234,460630,460667
18235,460631,464249
18236,460632,464250
18237,460633,464251
18238,460634,467322
18239,460635,467323
18240,460642,476653
18241,460653,494140
18242,460685,524365
18243,460686,524366
18244,460768,55835
18245,460769,56194
18246,460788,86392
18247,460801,113992
18248,460802,113993
18249,460803,113994
18250,460808,121274
18251,460809,121275
18252,460810,121426
18253,460817,133455
18254,460860,188837
18255,460875,212552
18256,461006,375294
18257,461007,375295
18258,461008,375296
18259,461009,375297
18260,461069,451791
18261,461070,451792
18262,461071,451793
18263,461074,460664
18264,461075,460665
18265,461076,464247
18266,461077,464248
18267,461079,467319
18268,461080,467320
18269,461081,467321
18270,461091,477093
18271,461092,477094
18272,461093,477095
18273,461101,494139
18274,461233,56193
18275,461250,86391
18276,461269,113710
18277,461270,113726
18278,461271,113991
18279,461281,121308
18280,461282,121425
18281,461295,133098
18282,461329,188835
18283,461330,188836
18284,461346,212549
18285,461347,212550
18286,461348,212551
18287,461371,244130
18288,461372,244131
18289,461482,374217
18290,461483,375293
18291,461549,451789
18292,461550,451790
18293,461553,460662
18294,461554,460663
18295,461555,463599
18296,461556,464244
18297,461557,464245
18298,461558,464246
18299,461560,467317
18300,461561,467318
18301,461569,477091
18302,461570,477092
18303,461583,494136
18304,461584,494137
18305,461585,494138
18306,461608,524364
18307,461707,56192
18308,461724,86389
18309,461725,86390
18310,461752,113709
18311,461753,113989
18312,461754,113990
18313,461757,121307
18314,461758,121424
18315,461768,133454
18316,461809,188107
18317,461825,212547
18318,461826,212548
18319,461829,226581
18320,461847,244129
18321,461971,451012
18322,461972,451787
18323,461973,451788
18324,461977,463598
18325,461978,464243
18326,461985,477090
18327,461993,494133
18328,461994,494134
18329,461995,494135
18330,462020,524361
18331,462021,524362
18332,462022,524363
18333,462118,55834
18334,462134,86387
18335,462135,86388
18336,462168,133097
18337,462212,188834
18338,462229,212546
18339,462236,226580
18340,462249,244128
18341,462335,375292
18342,462381,451786
18343,462383,460300
18344,462384,460660
18345,462385,460661
18346,462386,464242
18347,462387,467315
18348,462388,467316
18349,462395,476403
18350,462405,494131
18351,462406,494132
18352,462426,524359
18353,462427,524360
18354,462534,55833
18355,462558,86386
18356,462588,121305
18357,462589,121306
18358,462590,121421
18359,462591,121422
18360,462592,121423
18361,462605,133453
18362,462646,188832
18363,462647,188833
18364,462672,212544
18365,462673,212545
18366,462683,226578
18367,462684,226579
18368,462696,243593
18369,462697,244127
18370,462806,375290
18371,462807,375291
18372,462872,451011
18373,462873,451785
18374,462877,460658
18375,462878,460659
18376,462879,467314
18377,462885,477086
18378,462886,477087
18379,462887,477088
18380,462888,477089
18381,462924,524356
18382,462925,524357
18383,462926,524358
18384,463060,55832
18385,463061,56190
18386,463062,56191
18387,463100,86384
18388,463101,86385
18389,463130,121420
18390,463140,133019
18391,463141,133451
18392,463142,133452
18393,463192,188106
18394,463193,188828
18395,463194,188829
18396,463195,188830
18397,463196,188831
18398,463222,212066
18399,463223,212542
18400,463224,212543
18401,463237,226570
18402,463238,226571
18403,463239,226572
18404,463240,226573
18405,463241,226574
18406,463242,226575
18407,463243,226576
18408,463244,226577
18409,463264,244124
18410,463265,244125
18411,463266,244126
18412,463384,374216
18413,463385,375287
18414,463386,375288
18415,463387,375289
18416,463454,460299
18417,463455,460657
18418,463456,464241
18419,463457,467313
18420,463471,477083
18421,463472,477084
18422,463473,477085
18423,463490,494130
18424,463607,1608
18425,463608,1609
18426,463609,1610
18427,463679,86381
18428,463680,86382
18429,463681,86383
18430,463730,139823
18431,463731,139824
18432,463732,139825
18433,463768,187305
18434,463769,187306
18435,463787,203994
18436,463792,211998
18437,463793,212065
18438,463794,212541
18439,463854,303661
18440,463855,303662
18441,463864,314570
18442,463865,314838
18443,463872,324048
18444,463873,324049
18445,463874,324050
18446,463875,324051
18447,463994,476652
18448,463995,477077
18449,463996,477078
18450,463997,477079
18451,463998,477080
18452,463999,477081
18453,464000,477082
18454,464128,86378
18455,464129,86379
18456,464130,86380
18457,464163,139446
18458,464192,187304
18459,464202,203992
18460,464203,203993
18461,464207,212540
18462,464277,303325
18463,464278,303326
18464,464287,314837
18465,464294,324047
18466,464348,395255
18467,464404,477076
18468,464474,1605
18469,464475,1606
18470,464476,1607
18471,464540,86377
18472,464586,139822
18473,464610,187302
18474,464611,187303
18475,464621,203990
18476,464622,203991
18477,464625,212539
18478,464701,303660
18479,464707,314836
18480,464712,324045
18481,464713,324046
18482,464766,395250
18483,464767,395251
18484,464768,395252
18485,464769,395253
18486,464770,395254
18487,464821,476650
18488,464822,476651
18489,464823,477074
18490,464824,477075
18491,464912,1604
18492,464959,86376
18493,464992,139819
18494,464993,139820
18495,464994,139821
18496,465044,203601
18497,465045,203989
18498,465054,212538
18499,465129,314835
18500,465134,324044
18501,465175,395249
18502,465226,477073
18503,465307,1600
18504,465308,1601
18505,465309,1602
18506,465310,1603
18507,465380,86375
18508,465420,139817
18509,465421,139818
18510,465457,187301
18511,465476,212537
18512,465543,303657
18513,465544,303658
18514,465545,303659
18515,465553,314834
18516,465664,477070
18517,465665,477071
18518,465666,477072
18519,465783,799
18520,465784,1216
18521,465785,1599
18522,465900,139816
18523,465940,187298
18524,465941,187299
18525,465942,187300
18526,465956,203988
18527,465962,212536
18528,466043,303656
18529,466055,314832
18530,466056,314833
18531,466071,324042
18532,466072,324043
18533,466119,395248
18534,466186,476518
18535,466187,477069
18536,466301,1215
18537,466302,1598
18538,466388,86373
18539,466389,86374
18540,466469,187297
18541,466486,203986
18542,466487,203987
18543,466494,211997
18544,466495,212532
18545,466496,212533
18546,466497,212534
18547,466498,212535
18548,466576,303324
18549,466577,303654
18550,466578,303655
18551,466587,314830
18552,466588,314831
18553,466603,324040
18554,466604,324041
18555,466674,395245
18556,466675,395246
18557,466676,395247
18558,466751,477067
18559,466752,477068
18560,466880,798
18561,466881,1597
18562,466885,12245
18563,466886,12246
18564,466956,89699
18565,466957,89700
18566,466968,100557
18567,466969,100558
18568,466970,100559
18569,466971,100560
18570,467012,142176
18571,467013,142295
18572,467014,142296
18573,467027,156578
18574,467080,211517
18575,467113,244113
18576,467114,244114
18577,467115,244115
18578,467116,244116
18579,467272,451772
18580,467273,451773
18581,467274,451774
18582,467283,466784
18583,467284,466799
18584,467285,466800
18585,467286,467302
18586,467404,12243
18587,467405,12244
18588,467458,89198
18589,467459,89698
18590,467509,155962
18591,467510,156093
18592,467511,156577
18593,467691,451770
18594,467692,451771
18595,467696,467301
18596,467805,1118
18597,467806,1214
18598,467815,12242
18599,467870,89015
18600,467871,89197
18601,467872,89695
18602,467873,89696
18603,467874,89697
18604,467881,100556
18605,467913,142175
18606,467914,142292
18607,467915,142293
18608,467916,142294
18609,467923,156092
18610,467924,156576
18611,468001,244110
18612,468002,244111
18613,468003,244112
18614,468154,451768
18615,468155,451769
18616,468286,1594
18617,468287,1595
18618,468288,1596
18619,468293,12240
18620,468294,12241
18621,468333,100555
18622,468363,142173
18623,468364,142174
18624,468407,211203
18625,468427,243591
18626,468465,317879
18627,468636,1042
18628,468637,1590
18629,468638,1591
18630,468639,1592
18631,468640,1593
18632,468648,12238
18633,468649,12239
18634,468701,89693
18635,468702,89694
18636,468708,100554
18637,468732,142172
18638,468774,211515
18639,468775,211516
18640,468799,243590
18641,468849,317876
18642,468850,317877
18643,468851,317878
18644,468929,451185
18645,468930,451766
18646,468931,451767
18647,468940,467300
18648,469037,12237
18649,469093,89692
18650,469102,100553
18651,469145,156091
18652,469146,156575
18653,469186,211202
18654,469187,211514
18655,469207,244109
18656,469252,317507
18657,469253,317874
18658,469254,317875
18659,469356,467298
18660,469357,467299
18661,469448,1589
18662,469454,12234
18663,469455,12235
18664,469456,12236
18665,469536,100550
18666,469537,100551
18667,469538,100552
18668,469580,142291
18669,469595,156573
18670,469596,156574
18671,469637,211212
18672,469638,211510
18673,469639,211511
18674,469640,211512
18675,469641,211513
18676,469751,317871
18677,469752,317872
18678,469753,317873
18679,469864,451763
18680,469865,451764
18681,469866,451765
18682,469873,467295
18683,469874,467296
18684,469875,467297
18685,470015,797
18686,470016,1588
18687,470343,477052
18688,470344,477053
18689,470395,559107
18690,470396,561107
18691,470397,561108
18692,470425,1587
18693,470702,379863
18694,470703,379864
18695,470765,477050
18696,470766,477051
18697,470833,553840
18698,470835,559603
18699,470836,559604
18700,470837,561102
18701,470838,561103
18702,470839,561104
18703,470840,561105
18704,470841,561106
18705,470870,1584
18706,470871,1585
18707,470872,1586
18708,471150,379862
18709,471179,426306
18710,471180,426307
18711,471181,426308
18712,471218,476515
18713,471219,477048
18714,471220,477049
18715,471283,554106
18716,471284,554107
18717,471285,554108
18718,471286,554109
18719,471289,561098
18720,471290,561099
18721,471291,561100
18722,471292,561101
18723,471315,1581
18724,471316,1582
18725,471317,1583
18726,471556,379860
18727,471557,379861
18728,471581,426301
18729,471582,426302
18730,471583,426303
18731,471584,426304
18732,471585,426305
18733,471633,477046
18734,471634,477047
18735,471691,559602
18736,471692,561090
18737,471693,561091
18738,471694,561092
18739,471695,561093
18740,471696,561094
18741,471697,561095
18742,471698,561096
18743,471699,561097
18744,471729,1041
18745,471730,1579
18746,471731,1580
18747,472015,379859
18748,472053,426001
18749,472054,426300
18750,472089,477045
18751,472132,554103
18752,472133,554104
18753,472134,554105
18754,472139,561084
18755,472140,561085
18756,472141,561086
18757,472142,561087
18758,472143,561088
18759,472144,561089
18760,472178,1117
18761,472179,1576
18762,472180,1577
18763,472181,1578
18764,472475,379853
18765,472476,379854
18766,472477,379855
18767,472478,379856
18768,472479,379857
18769,472480,379858
18770,472535,426298
18771,472536,426299
18772,472575,476513
18773,472576,476514
18774,472577,476649
18775,472638,554101
18776,472639,554102
18777,472641,559601
18778,472642,561081
18779,472643,561082
18780,472644,561083
18781,472674,1575
18782,472972,379090
18783,472973,379852
18784,473011,426297
18785,473044,477043
18786,473045,477044
18787,473115,554099
18788,473116,554100
18789,473120,561077
18790,473121,561078
18791,473122,561079
18792,473123,561080
18793,473220,89079
18794,473221,89680
18795,473222,89681
18796,473267,146633
18797,473268,147070
18798,473275,155919
18799,473276,156565
18800,473277,156566
18801,473278,156567
18802,473300,187286
18803,473301,187287
18804,473328,211498
18805,473329,212508
18806,473375,277183
18807,473519,446619
18808,473528,463333
18809,473529,463483
18810,473530,464199
18811,473531,467280
18812,473569,513095
18813,473642,796
18814,473643,1573
18815,473644,1574
18816,473695,89679
18817,473734,147068
18818,473735,147069
18819,473742,156564
18820,473789,211497
18821,473790,212505
18822,473791,212506
18823,473792,212507
18824,473832,277182
18825,473886,369563
18826,473950,446617
18827,473951,446618
18828,473959,463727
18829,473960,464197
18830,473961,464198
18831,473962,467278
18832,473963,467279
18833,474078,795
18834,474138,89677
18835,474139,89678
18836,474182,146666
18837,474183,147066
18838,474184,147067
18839,474187,156089
18840,474188,156562
18841,474189,156563
18842,474205,187109
18843,474206,187283
18844,474207,187284
18845,474208,187285
18846,474232,211493
18847,474233,211494
18848,474234,211495
18849,474235,211496
18850,474236,212503
18851,474237,212504
18852,474290,277181
18853,474411,446448
18854,474422,463332
18855,474423,467274
18856,474424,467275
18857,474425,467276
18858,474426,467277
18859,474454,513094
18860,474519,1040
18861,474520,1213
18862,474603,89676
18863,474650,147065
18864,474657,156561
18865,474679,187282
18866,474693,211492
18867,474694,212502
18868,474732,277135
18869,474733,277178
18870,474734,277179
18871,474735,277180
18872,474794,368940
18873,474795,369561
18874,474796,369562
18875,474857,463597
18876,474858,464196
18877,474888,513093
18878,474949,1212
18879,475014,89674
18880,475015,89675
18881,475051,147064
18882,475056,156560
18883,475096,211491
18884,475097,212500
18885,475098,212501
18886,475147,277177
18887,475202,369559
18888,475203,369560
18889,475254,446616
18890,475260,467272
18891,475261,467273
18892,475301,512742
18893,475302,512835
18894,475303,513091
18895,475304,513092
18896,475379,1571
18897,475380,1572
18898,475452,89673
18899,475498,147063
18900,475503,155959
18901,475504,156559
18902,475523,187281
18903,475546,211489
18904,475547,211490
18905,475549,212496
18906,475550,212497
18907,475551,212498
18908,475552,212499
18909,475596,277134
18910,475597,277174
18911,475598,277175
18912,475599,277176
18913,475664,369556
18914,475665,369557
18915,475666,369558
18916,475721,446614
18917,475722,446615
18918,475733,467270
18919,475734,467271
18920,475774,513087
18921,475775,513088
18922,475776,513089
18923,475777,513090
18924,475847,1116
18925,475848,1570
18926,475929,89672
18927,475980,147061
18928,475981,147062
18929,475991,156558
18930,476018,187276
18931,476019,187277
18932,476020,187278
18933,476021,187279
18934,476022,187280
18935,476039,211486
18936,476040,211487
18937,476041,211488
18938,476042,212064
18939,476179,369167
18940,476235,446611
18941,476236,446612
18942,476237,446613
18943,476250,463726
18944,476251,464195
18945,476292,513086
18946,476503,158961
18947,476546,203599
18948,476547,203968
18949,476554,211480
18950,476555,211481
18951,476556,211482
18952,476557,211483
18953,476558,211484
18954,476559,211485
18955,476647,317855
18956,476706,404788
18957,476707,404789
18958,476708,404790
18959,476709,404791
18960,476731,433931
18961,476732,435472
18962,476733,435473
18963,476734,435474
18964,476735,435475
18965,476736,435476
18966,476737,435477
18967,476742,451743
18968,476743,451744
18969,476744,451745
18970,476745,451746
18971,476751,464194
18972,476807,554094
18973,476808,554095
18974,476809,554096
18975,476811,559598
18976,476812,559599
18977,476813,561042
18978,476814,561043
18979,476815,561044
18980,476816,561045
18981,476817,561046
18982,476818,561047
18983,476819,561048
18984,476820,561049
18985,476821,561050
18986,476850,600650
18987,476851,600651
18988,476949,115687
18989,477018,203967
18990,477025,211476
18991,477026,211477
18992,477027,211478
18993,477028,211479
18994,477054,263641
18995,477088,317854
18996,477152,404784
18997,477153,404785
18998,477154,404786
18999,477155,404787
19000,477174,434129
19001,477175,435465
19002,477176,435466
19003,477177,435467
19004,477178,435468
19005,477179,435469
19006,477180,435470
19007,477181,435471
19008,477190,451181
19009,477191,451739
19010,477192,451740
19011,477193,451741
19012,477194,451742
19013,477196,463596
19014,477259,554092
19015,477260,554093
19016,477262,561036
19017,477263,561037
19018,477264,561038
19019,477265,561039
19020,477266,561040
19021,477267,561041
19022,477293,600649
19023,477400,115686
19024,477440,158959
19025,477441,158960
19026,477472,203496
19027,477473,203966
19028,477479,211473
19029,477480,211474
19030,477481,211475
19031,477533,263639
19032,477534,263640
19033,477576,317852
19034,477577,317853
19035,477632,404783
19036,477659,434384
19037,477660,435459
19038,477661,435460
19039,477662,435461
19040,477663,435462
19041,477664,435463
19042,477665,435464
19043,477679,451736
19044,477680,451737
19045,477681,451738
19046,477689,463725
19047,477690,464193
19048,477759,554090
19049,477760,554091
19050,477764,559219
19051,477765,559363
19052,477766,559364
19053,477767,559597
19054,477768,561031
19055,477769,561032
19056,477770,561033
19057,477771,561034
19058,477772,561035
19059,477793,600645
19060,477794,600646
19061,477795,600647
19062,477796,600648
19063,477870,115684
19064,477871,115685
19065,477930,203964
19066,477931,203965
19067,477936,211471
19068,477937,211472
19069,477964,263277
19070,477965,263637
19071,477966,263638
19072,477990,317849
19073,477991,317850
19074,477992,317851
19075,478052,433993
19076,478053,434128
19077,478054,435457
19078,478055,435458
19079,478065,464191
19080,478066,464192
19081,478119,553899
19082,478121,559595
19083,478122,559596
19084,478123,561028
19085,478124,561029
19086,478125,561030
19087,478143,600642
19088,478144,600643
19089,478145,600644
19090,478225,115682
19091,478226,115683
19092,478253,158956
19093,478254,158957
19094,478255,158958
19095,478282,203961
19096,478283,203962
19097,478284,203963
19098,478290,211469
19099,478291,211470
19100,478325,263634
19101,478326,263635
19102,478327,263636
19103,478373,317848
19104,478424,404782
19105,478445,434383
19106,478446,435452
19107,478447,435453
19108,478448,435454
19109,478449,435455
19110,478450,435456
19111,478458,451734
19112,478459,451735
19113,478464,464190
19114,478533,554089
19115,478536,561023
19116,478537,561024
19117,478538,561025
19118,478539,561026
19119,478540,561027
19120,478653,115681
19121,478692,158953
19122,478693,158954
19123,478694,158955
19124,478724,203960
19125,478879,435447
19126,478880,435448
19127,478881,435449
19128,478882,435450
19129,478883,435451
19130,478894,451733
19131,478900,463331
19132,478901,464189
19133,478959,554086
19134,478960,554087
19135,478961,554088
19136,478965,561020
19137,478966,561021
19138,478967,561022
19139,478989,600640
19140,478990,600641
19141,479086,115678
19142,479087,115679
19143,479088,115680
19144,479123,158612
19145,479124,158952
19146,479169,203959
19147,479173,211468
19148,479233,263632
19149,479234,263633
19150,479292,317844
19151,479293,317845
19152,479294,317846
19153,479295,317847
19154,479398,433930
19155,479399,434127
19156,479400,435444
19157,479401,435445
19158,479402,435446
19159,479413,451731
19160,479414,451732
19161,479422,464188
19162,479514,554085
19163,479517,559594
19164,479518,561018
19165,479519,561019
19166,479607,42336
19167,479641,89655
19168,479642,89656
19169,479782,263629
19170,479783,263630
19171,479784,263631
19172,479894,374462
19173,479895,375211
19174,479896,375212
19175,479897,375213
19176,479898,375214
19177,479899,379819
19178,479900,379820
19179,479901,379821
19180,479902,379822
19181,479944,434382
19182,479945,435441
19183,479946,435442
19184,479947,435443
19185,479979,494100
19186,479980,494101
19187,480099,42334
19188,480100,42335
19189,480135,89653
19190,480136,89654
19191,480170,133423
19192,480171,133424
19193,480258,250113
19194,480259,250114
19195,480267,263628
19196,480337,375210
19197,480338,379816
19198,480339,379817
19199,480340,379818
19200,480376,434126
19201,480377,434380
19202,480378,434381
19203,480379,435437
19204,480380,435438
19205,480381,435439
19206,480382,435440
19207,480391,451180
19208,480392,451730
19209,480553,42333
19210,480591,89194
19211,480592,89195
19212,480593,89652
19213,480619,133421
19214,480620,133422
19215,480703,250111
19216,480704,250112
19217,480712,263627
19218,480779,374461
19219,480780,379814
19220,480781,379815
19221,480818,434125
19222,480831,451728
19223,480832,451729
19224,480859,493645
19225,480860,494097
19226,480861,494098
19227,480862,494099
19228,480973,42331
19229,480974,42332
19230,481010,89649
19231,481011,89650
19232,481012,89651
19233,481210,375206
19234,481211,375207
19235,481212,375208
19236,481213,375209
19237,481214,379812
19238,481215,379813
19239,481247,434124
19240,481248,435436
19241,481255,451726
19242,481256,451727
19243,481284,493683
19244,481285,493789
19245,481409,42329
19246,481410,42330
19247,481470,133418
19248,481471,133419
19249,481472,133420
19250,481563,249745
19251,481564,250110
19252,481574,263625
19253,481575,263626
19254,481660,375205
19255,481661,379811
19256,481694,433992
19257,481695,435433
19258,481696,435434
19259,481697,435435
19260,481706,451725
19261,481729,493788
19262,481836,42328
19263,481876,89648
19264,481906,133417
19265,481993,250107
19266,481994,250108
19267,481995,250109
19268,482004,263623
19269,482005,263624
19270,482091,374209
19271,482092,375202
19272,482093,375203
19273,482094,375204
19274,482095,379809
19275,482096,379810
19276,482122,434123
19277,482123,435430
19278,482124,435431
19279,482125,435432
19280,482139,451723
19281,482140,451724
19282,482162,494096
19283,482310,42327
19284,482351,89647
19285,482384,133414
19286,482385,133415
19287,482386,133416
19288,482483,250105
19289,482484,250106
19290,482492,263621
19291,482493,263622
19292,482591,375200
19293,482592,375201
19294,482593,379234
19295,482594,379808
19296,482651,434122
19297,482657,451722
19298,482837,115675
19299,482838,115676
19300,483027,379805
19301,483028,379806
19302,483029,379807
19303,483127,498732
19304,483178,559591
19305,483179,559592
19306,483180,560991
19307,483181,560992
19308,483182,560993
19309,483183,560994
19310,483306,139782
19311,483461,344129
19312,483462,344130
19313,483601,559360
19314,483602,560987
19315,483603,560988
19316,483604,560989
19317,483605,560990
19318,483732,115673
19319,483733,115674
19320,483753,139781
19321,483913,344128
19322,484030,498731
19323,484069,559359
19324,484070,559590
19325,484071,560981
19326,484072,560982
19327,484073,560983
19328,484074,560984
19329,484075,560985
19330,484076,560986
19331,484194,115671
19332,484195,115672
19333,484210,139778
19334,484211,139779
19335,484212,139780
19336,484357,344126
19337,484358,344127
19338,484379,379804
19339,484453,498730
19340,484495,559217
19341,484496,560978
19342,484497,560979
19343,484498,560980
19344,484612,139775
19345,484613,139776
19346,484614,139777
19347,484730,344124
19348,484731,344125
19349,484745,379801
19350,484746,379802
19351,484747,379803
19352,484819,498724
19353,484820,498725
19354,484821,498726
19355,484822,498727
19356,484823,498728
19357,484824,498729
19358,484853,559358
19359,484854,559588
19360,484855,559589
19361,484856,560977
19362,484977,115670
19363,484996,139774
19364,485150,344122
19365,485151,344123
19366,485170,379233
19367,485171,379799
19368,485172,379800
19369,485293,559587
19370,485294,560975
19371,485295,560976
19372,485433,115667
19373,485434,115668
19374,485435,115669
19375,485460,139355
19376,485461,139773
19377,485628,344120
19378,485629,344121
19379,485661,379798
19380,485769,498721
19381,485770,498722
19382,485771,498723
19383,485832,559216
19384,485833,560971
19385,485834,560972
19386,485835,560973
19387,485836,560974
19388,485881,12193
19389,485882,12194
19390,485883,12195
19391,485884,12196
19392,485889,19947
19393,485890,19948
19394,485920,55831
19395,485921,56145
19396,486024,192286
19397,486072,244058
19398,486073,244059
19399,486182,379795
19400,486183,379796
19401,486184,379797
19402,486224,435401
19403,486225,435402
19404,486226,435403
19405,486227,435404
19406,486242,451710
19407,486243,451711
19408,486252,464168
19409,486253,464169
19410,486254,464170
19411,486263,477006
19412,486264,477007
19413,486265,477008
19414,486338,559586
19415,486339,560965
19416,486340,560966
19417,486341,560967
19418,486342,560968
19419,486343,560969
19420,486344,560970
19421,486389,19946
19422,486419,56144
19423,486505,192285
19424,486540,243391
19425,486541,243578
19426,486542,244057
19427,486640,379794
19428,486690,434119
19429,486691,435395
19430,486692,435396
19431,486693,435397
19432,486694,435398
19433,486695,435399
19434,486696,435400
19435,486704,451177
19436,486705,451178
19437,486706,451709
19438,486716,463723
19439,486717,463724
19440,486718,464163
19441,486719,464164
19442,486720,464165
19443,486721,464166
19444,486722,464167
19445,486729,476645
19446,486730,477004
19447,486731,477005
19448,486734,479102
19449,486785,560963
19450,486786,560964
19451,486828,12192
19452,486863,56142
19453,486864,56143
19454,486952,192283
19455,486953,192284
19456,487001,243577
19457,487002,244055
19458,487003,244056
19459,487096,379791
19460,487097,379792
19461,487098,379793
19462,487148,435393
19463,487149,435394
19464,487158,451707
19465,487159,451708
19466,487162,464162
19467,487227,559357
19468,487228,560961
19469,487229,560962
19470,487259,12191
19471,487264,19945
19472,487385,192280
19473,487386,192281
19474,487387,192282
19475,487424,244054
19476,487474,315965
19477,487515,379129
19478,487516,379789
19479,487517,379790
19480,487567,434378
19481,487568,435390
19482,487569,435391
19483,487570,435392
19484,487581,451706
19485,487585,464160
19486,487586,464161
19487,487600,477000
19488,487601,477001
19489,487602,477002
19490,487603,477003
19491,487655,559215
19492,487656,560959
19493,487657,560960
19494,487688,12189
19495,487689,12190
19496,487695,19810
19497,487696,19944
19498,487720,56140
19499,487721,56141
19500,487828,192279
19501,487863,244053
19502,487906,315960
19503,487907,315961
19504,487908,315962
19505,487909,315963
19506,487910,315964
19507,487973,379786
19508,487974,379787
19509,487975,379788
19510,488026,435387
19511,488027,435388
19512,488028,435389
19513,488035,451174
19514,488036,451175
19515,488037,451176
19516,488038,451705
19517,488044,463482
19518,488045,464157
19519,488046,464158
19520,488047,464159
19521,488060,476512
19522,488061,476997
19523,488062,476998
19524,488063,476999
19525,488064,479002
19526,488065,479034
19527,488066,479035
19528,488067,479036
19529,488068,479037
19530,488069,479038
19531,488070,479039
19532,488071,479100
19533,488072,479101
19534,488130,560954
19535,488131,560955
19536,488132,560956
19537,488133,560957
19538,488134,560958
19539,488175,11875
19540,488178,19942
19541,488179,19943
19542,488212,55674
19543,488213,56139
19544,488325,192277
19545,488326,192278
19546,488361,244051
19547,488362,244052
19548,488423,315957
19549,488424,315958
19550,488425,315959
19551,488474,379783
19552,488475,379784
19553,488476,379785
19554,488521,434118
19555,488522,435383
19556,488523,435384
19557,488524,435385
19558,488525,435386
19559,488531,450920
19560,488532,451703
19561,488533,451704
19562,488544,476995
19563,488545,476996
19564,488546,479021
19565,488547,479022
19566,488548,479023
19567,488549,479024
19568,488550,479025
19569,488551,479026
19570,488552,479027
19571,488553,479028
19572,488554,479029
19573,488555,479030
19574,488556,479031
19575,488557,479032
19576,488558,479033
19577,488559,479097
19578,488560,479098
19579,488561,479099
19580,488627,559106
19581,488628,560949
19582,488629,560950
19583,488630,560951
19584,488631,560952
19585,488632,560953
19586,488673,12188
19587,488680,19940
19588,488681,19941
19589,488724,56138
19590,488832,192276
19591,488935,315956
19592,488987,379781
19593,488988,379782
19594,489036,433988
19595,489037,433989
19596,489038,435382
19597,489046,451701
19598,489047,451702
19599,489057,464153
19600,489058,464154
19601,489059,464155
19602,489060,464156
19603,489065,476994
19604,489066,479001
19605,489067,479015
19606,489068,479016
19607,489069,479017
19608,489070,479018
19609,489071,479019
19610,489072,479020
19611,489073,479095
19612,489074,479096
19613,489141,560944
19614,489142,560945
19615,489143,560946
19616,489144,560947
19617,489145,560948
19618,489188,1538
19619,489189,1539
19620,489190,1540
19621,489309,145722
19622,489310,145723
19623,489311,145724
19624,489353,212448
19625,489394,267952
19626,489395,267953
19627,489402,277127
19628,489433,315955
19629,489434,317506
19630,489482,374459
19631,489483,375172
19632,489524,435380
19633,489525,435381
19634,489535,451700
19635,489549,476644
19636,489656,1535
19637,489657,1536
19638,489658,1537
19639,489771,145721
19640,489832,211903
19641,489833,211996
19642,489834,212447
19643,489882,267950
19644,489883,267951
19645,489890,277166
19646,489891,277263
19647,489892,277264
19648,489914,315953
19649,489915,315954
19650,489956,374081
19651,489957,375168
19652,489958,375169
19653,489959,375170
19654,489960,375171
19655,490004,435374
19656,490005,435375
19657,490006,435376
19658,490007,435377
19659,490008,435378
19660,490009,435379
19661,490045,476992
19662,490046,476993
19663,490131,951
19664,490132,1113
19665,490133,1114
19666,490134,1208
19667,490135,1534
19668,490257,138293
19669,490258,138294
19670,490259,138295
19671,490260,138296
19672,490269,145719
19673,490270,145720
19674,490356,267949
19675,490384,315951
19676,490385,315952
19677,490388,317812
19678,490389,317813
19679,490390,317814
19680,490391,317815
19681,490459,434377
19682,490460,435365
19683,490461,435366
19684,490462,435367
19685,490463,435368
19686,490464,435369
19687,490465,435370
19688,490466,435371
19689,490467,435372
19690,490468,435373
19691,490479,451173
19692,490480,451698
19693,490481,451699
19694,490497,476987
19695,490498,476988
19696,490499,476989
19697,490500,476990
19698,490501,476991
19699,490596,1533
19700,490699,138291
19701,490700,138292
19702,490749,212446
19703,490788,267947
19704,490789,267948
19705,490801,277162
19706,490802,277163
19707,490803,277164
19708,490804,277165
19709,490832,315949
19710,490833,315950
19711,490835,317811
19712,490863,375166
19713,490864,375167
19714,490909,435363
19715,490910,435364
19716,490917,451697
19717,491028,1036
19718,491029,1531
19719,491030,1532
19720,491125,138289
19721,491126,138290
19722,491129,145717
19723,491130,145718
19724,491178,212444
19725,491179,212445
19726,491207,267946
19727,491212,277161
19728,491247,315794
19729,491248,315947
19730,491249,315948
19731,491251,317809
19732,491252,317810
19733,491284,375164
19734,491285,375165
19735,491325,434376
19736,491326,435360
19737,491327,435361
19738,491328,435362
19739,491359,476986
19740,491463,950
19741,491553,138288
19742,491598,212442
19743,491599,212443
19744,491642,267944
19745,491643,267945
19746,491659,277160
19747,491684,315946
19748,491688,317807
19749,491689,317808
19750,491748,374203
19751,491749,374204
19752,491750,375161
19753,491751,375162
19754,491752,375163
19755,491797,435356
19756,491798,435357
19757,491799,435358
19758,491800,435359
19759,491807,451693
19760,491808,451694
19761,491809,451695
19762,491810,451696
19763,491825,476985
19764,491915,1207
19765,491916,1529
19766,491917,1530
19767,492025,138287
19768,492030,145715
19769,492031,145716
19770,492093,212062
19771,492094,212441
19772,492149,267941
19773,492150,267942
19774,492151,267943
19775,492189,315944
19776,492190,315945
19777,492191,317520
19778,492192,317806
19779,492246,375160
19780,492286,434117
19781,492287,435352
19782,492288,435353
19783,492289,435354
19784,492290,435355
19785,492296,451691
19786,492297,451692
19787,492320,476511
19788,492490,86320
19789,492491,86321
19790,492553,158931
19791,492554,158932
19792,492565,188716
19793,492566,188717
19794,492607,244041
19795,492644,281341
19796,492645,281436
19797,492646,281437
19798,492647,281771
19799,492648,281772
19800,492738,375157
19801,492739,375158
19802,492740,375159
19803,492766,425005
19804,492789,450919
19805,492790,451170
19806,492791,451171
19807,492792,451172
19808,492793,451689
19809,492794,451690
19810,492801,464141
19811,492802,464142
19812,492815,476984
19813,492992,86317
19814,492993,86318
19815,492994,86319
19816,492999,89619
19817,493000,89620
19818,493048,158930
19819,493059,187794
19820,493060,188090
19821,493061,188715
19822,493090,244039
19823,493091,244040
19824,493114,281435
19825,493203,374202
19826,493204,375154
19827,493205,375155
19828,493206,375156
19829,493208,379166
19830,493209,379765
19831,493239,425003
19832,493240,425004
19833,493262,450800
19834,493263,451169
19835,493264,451687
19836,493265,451688
19837,493270,463594
19838,493271,463721
19839,493272,464139
19840,493273,464140
19841,493285,476643
19842,493286,476982
19843,493287,476983
19844,493440,86315
19845,493441,86316
19846,493444,89617
19847,493445,89618
19848,493509,158607
19849,493510,158929
19850,493532,188089
19851,493533,188714
19852,493583,243575
19853,493584,244038
19854,493610,281770
19855,493704,375152
19856,493705,375153
19857,493707,379762
19858,493708,379763
19859,493709,379764
19860,493751,425001
19861,493752,425002
19862,493771,451684
19863,493772,451685
19864,493773,451686
19865,493779,464138
19866,493790,476642
19867,493960,89616
19868,494023,158928
19869,494039,188088
19870,494040,188713
19871,494083,243390
19872,494084,244036
19873,494085,244037
19874,494116,281434
19875,494117,281769
19876,494171,379761
19877,494208,424998
19878,494209,424999
19879,494210,425000
19880,494234,451683
19881,494238,464137
19882,494247,476979
19883,494248,476980
19884,494249,476981
19885,494397,86080
19886,494398,86313
19887,494399,86314
19888,494403,89614
19889,494404,89615
19890,494467,188712
19891,494506,243446
19892,494507,244035
19893,494588,374457
19894,494589,374458
19895,494590,375149
19896,494591,375150
19897,494592,375151
19898,494593,379759
19899,494594,379760
19900,494634,424996
19901,494635,424997
19902,494655,451680
19903,494656,451681
19904,494657,451682
19905,494661,464136
19906,494673,476977
19907,494674,476978
19908,494855,86312
19909,494911,158923
19910,494912,158924
19911,494913,158925
19912,494914,158926
19913,494915,158927
19914,494933,188711
19915,494972,244034
19916,494993,281768
19917,495063,375145
19918,495064,375146
19919,495065,375147
19920,495066,375148
19921,495068,379755
19922,495069,379756
19923,495070,379757
19924,495071,379758
19925,495121,451679
19926,495125,464135
19927,495287,89611
19928,495288,89612
19929,495289,89613
19930,495332,158922
19931,495350,188087
19932,495351,188710
19933,495392,244033
19934,495411,281766
19935,495412,281767
19936,495483,375143
19937,495484,375144
19938,495485,379753
19939,495486,379754
19940,495518,424995
19941,495542,463479
19942,495543,464133
19943,495544,464134
19944,495553,476641
19945,495647,1520
19946,495648,1521
19947,495656,16384
19948,495719,89608
19949,495720,89609
19950,495721,89610
19951,495745,130446
19952,495746,130447
19953,495764,147011
19954,495776,158535
19955,495777,158606
19956,495778,158920
19957,495779,158921
19958,495897,323980
19959,495898,323981
19960,495899,323982
19961,495942,366532
19962,495943,366533
19963,495945,369068
19964,495946,369513
19965,495950,375141
19966,495951,375142
19967,495954,385804
19968,495955,385805
19969,495956,385806
19970,496020,460295
19971,496021,460581
19972,496022,460582
19973,496034,476976
19974,496134,794
19975,496204,89606
19976,496205,89607
19977,496244,130445
19978,496258,147010
19979,496267,158918
19980,496268,158919
19981,496296,192264
19982,496428,366531
19983,496431,369510
19984,496432,369511
19985,496433,369512
19986,496435,374454
19987,496436,374455
19988,496437,374456
19989,496438,375136
19990,496439,375137
19991,496440,375138
19992,496441,375139
19993,496442,375140
19994,496492,460579
19995,496493,460580
19996,496613,1204
19997,496614,1205
19998,496615,1517
19999,496616,1518
20000,496617,1519
20001,496625,16383
20002,496692,88930
20003,496693,89604
20004,496694,89605
20005,496722,130100
20006,496723,130136
20007,496724,130444
20008,496734,147008
20009,496735,147009
20010,496746,158916
20011,496747,158917
20012,496776,192262
20013,496777,192263
20014,496889,315932
20015,496890,315933
20016,496891,315934
20017,496905,323661
20018,496906,323977
20019,496907,323978
20020,496908,323979
20021,496939,366530
20022,496940,369019
20023,496941,369506
20024,496942,369507
20025,496943,369508
20026,496944,369509
20027,496949,374201
20028,496950,374452
20029,496951,374453
20030,496952,375135
20031,497033,460577
20032,497034,460578
20033,497048,476640
20034,497049,476973
20035,497050,476974
20036,497051,476975
20037,497166,16379
20038,497167,16380
20039,497168,16381
20040,497169,16382
20041,497236,89603
20042,497274,130442
20043,497275,130443
20044,497293,147007
20045,497304,158915
20046,497417,323976
20047,497445,366527
20048,497446,366528
20049,497447,366529
20050,497448,369504
20051,497449,369505
20052,497450,374080
20053,497451,375132
20054,497452,375133
20055,497453,375134
20056,497458,385627
20057,497459,385803
20058,497526,460574
20059,497527,460575
20060,497528,460576
20061,497534,476971
20062,497535,476972
20063,497647,1203
20064,497648,1516
20065,497661,16377
20066,497662,16378
20067,497704,89602
20068,497748,130441
20069,497758,146700
20070,497759,147006
20071,497764,158914
20072,497784,192261
20073,497857,315793
20074,497858,315930
20075,497859,315931
20076,497905,366271
20077,497906,366525
20078,497907,366526
20079,497910,369163
20080,497911,369501
20081,497912,369502
20082,497913,369503
20083,497919,374200
20084,497920,374450
20085,497921,374451
20086,497922,375129
20087,497923,375130
20088,497924,375131
20089,497932,385802
20090,498012,476639
20091,498102,1515
20092,498110,16375
20093,498111,16376
20094,498161,89190
20095,498162,89601
20096,498191,130099
20097,498192,130439
20098,498193,130440
20099,498210,147005
20100,498238,192080
20101,498239,192258
20102,498240,192259
20103,498241,192260
20104,498346,315928
20105,498347,315929
20106,498355,323975
20107,498380,369499
20108,498381,369500
20109,498385,374449
20110,498386,375127
20111,498387,375128
20112,498456,476970
20113,498557,1514
20114,498570,16374
20115,498626,89189
20116,498627,89599
20117,498628,89600
20118,498665,130438
20119,498674,147001
20120,498675,147002
20121,498676,147003
20122,498677,147004
20123,498711,192255
20124,498712,192256
20125,498713,192257
20126,498825,315783
20127,498826,315927
20128,498830,323974
20129,498870,366524
20130,498871,369067
20131,498873,374448
20132,498874,375126
20133,498884,385798
20134,498885,385799
20135,498886,385800
20136,498887,385801
20137,498945,460573
20138,498960,476969
20139,499067,1202
20140,499076,16373
20141,499132,89596
20142,499133,89597
20143,499134,89598
20144,499168,133372
20145,499169,133373
20146,499203,176199
20147,499204,176200
20148,499205,176201
20149,499242,211427
20150,499377,379743
20151,499453,464118
20152,499454,464119
20153,499571,600595
20154,499572,600596
20155,499579,793
20156,499580,1513
20157,499587,16065
20158,499588,16371
20159,499589,16372
20160,499655,88971
20161,499672,117675
20162,499681,133369
20163,499682,133370
20164,499683,133371
20165,499785,281761
20166,499846,379742
20167,499899,463330
20168,499900,464117
20169,500008,600594
20170,500014,1111
20171,500015,1510
20172,500016,1511
20173,500017,1512
20174,500080,89595
20175,500100,117806
20176,500101,117807
20177,500102,117808
20178,500117,132908
20179,500118,133096
20180,500119,133368
20181,500147,176195
20182,500148,176196
20183,500149,176197
20184,500150,176198
20185,500175,211423
20186,500176,211424
20187,500177,211425
20188,500178,211426
20189,500230,281430
20190,500231,281760
20191,500310,379739
20192,500311,379740
20193,500312,379741
20194,500340,426239
20195,500341,426240
20196,500361,463329
20197,500362,463590
20198,500363,463591
20199,500364,464116
20200,500478,600592
20201,500479,600593
20202,500482,1508
20203,500483,1509
20204,500490,16369
20205,500491,16370
20206,500538,89593
20207,500539,89594
20208,500564,117803
20209,500565,117804
20210,500566,117805
20211,500578,133367
20212,500596,175946
20213,500597,176194
20214,500625,211420
20215,500626,211421
20216,500627,211422
20217,500665,281429
20218,500729,379736
20219,500730,379737
20220,500731,379738
20221,500759,425999
20222,500760,426238
20223,500787,464114
20224,500788,464115
20225,500869,600590
20226,500870,600591
20227,500931,89589
20228,500932,89590
20229,500933,89591
20230,500934,89592
20231,500960,133366
20232,500982,176192
20233,500983,176193
20234,501004,211419
20235,501069,281427
20236,501070,281428
20237,501071,281759
20238,501141,379733
20239,501142,379734
20240,501143,379735
20241,501176,426236
20242,501177,426237
20243,501210,463328
20244,501295,600588
20245,501296,600589
20246,501302,1507
20247,501314,16368
20248,501419,117802
20249,501446,133362
20250,501447,133363
20251,501448,133364
20252,501449,133365
20253,501487,176191
20254,501572,281758
20255,501666,379732
20256,501708,425966
20257,501709,426235
20258,501842,600587
20259,501848,949
20260,501849,1505
20261,501850,1506
20262,501857,16365
20263,501858,16366
20264,501859,16367
20265,501929,89585
20266,501930,89586
20267,501931,89587
20268,501932,89588
20269,501956,117800
20270,501957,117801
20271,502007,176189
20272,502008,176190
20273,502042,211418
20274,502108,281756
20275,502109,281757
20276,502217,379730
20277,502218,379731
20278,502267,426232
20279,502268,426233
20280,502269,426234
20281,502299,464111
20282,502300,464112
20283,502301,464113
20284,502426,600582
20285,502427,600583
20286,502428,600584
20287,502429,600585
20288,502430,600586
20289,502437,792
20290,502438,948
20291,502520,86291
20292,502521,86292
20293,502688,281425
20294,502689,281426
20295,502690,281755
20296,502710,313039
20297,502711,314768
20298,502712,314769
20299,502831,434368
20300,502832,435273
20301,502833,435274
20302,503024,86290
20303,503205,312851
20304,503206,313036
20305,503207,313037
20306,503208,313038
20307,503210,314553
20308,503211,314767
20309,503298,435269
20310,503299,435270
20311,503300,435271
20312,503301,435272
20313,503429,791
20314,503501,86287
20315,503502,86288
20316,503503,86289
20317,503684,281424
20318,503713,313035
20319,503714,314766
20320,503835,433900
20321,503836,434113
20322,503837,434367
20323,503838,435260
20324,503839,435261
20325,503840,435262
20326,503841,435263
20327,503842,435264
20328,503843,435265
20329,503844,435266
20330,503845,435267
20331,503846,435268
20332,503976,1109
20333,503977,1110
20334,503978,1501
20335,503979,1502
20336,503980,1503
20337,503981,1504
20338,504192,281754
20339,504214,314765
20340,504304,435257
20341,504305,435258
20342,504306,435259
20343,504509,86281
20344,504510,86282
20345,504511,86283
20346,504512,86284
20347,504513,86285
20348,504514,86286
20349,504686,281301
20350,504687,281422
20351,504688,281423
20352,504707,313034
20353,504786,435253
20354,504787,435254
20355,504788,435255
20356,504789,435256
20357,504901,790
20358,504902,1499
20359,504903,1500
20360,504969,86280
20361,505109,281421
20362,505131,313033
20363,505132,314763
20364,505133,314764
20365,505234,433899
20366,505235,433986
20367,505236,435251
20368,505237,435252
20369,505379,1498
20370,505641,281752
20371,505642,281753
20372,505666,312850
20373,505667,313031
20374,505668,313032
20375,505669,314761
20376,505670,314762
20377,505782,435246
20378,505783,435247
20379,505784,435248
20380,505785,435249
20381,505786,435250
20382,505942,15985
20383,505943,16360
20384,505981,56110
20385,505982,56111
20386,505983,56112
20387,506005,89574
20388,506006,89575
20389,506007,89576
20390,506047,130423
20391,506050,133358
20392,506051,133359
20393,506061,146986
20394,506062,146987
20395,506096,188074
20396,506097,188075
20397,506098,188076
20398,506164,263570
20399,506174,281338
20400,506175,281339
20401,506176,281418
20402,506177,281419
20403,506178,281420
20404,506245,366269
20405,506246,366270
20406,506247,366507
20407,506248,366508
20408,506285,404751
20409,506334,451005
20410,506335,451635
20411,506336,451636
20412,506344,463413
20413,506345,464103
20414,506346,464104
20415,506347,464105
20416,506362,494054
20417,506363,494055
20418,506471,16356
20419,506472,16357
20420,506473,16358
20421,506474,16359
20422,506511,55828
20423,506512,56107
20424,506513,56108
20425,506514,56109
20426,506545,89572
20427,506546,89573
20428,506582,130422
20429,506583,133357
20430,506591,146985
20431,506614,188681
20432,506615,188682
20433,506651,263569
20434,506704,366506
20435,506729,404749
20436,506730,404750
20437,506777,451167
20438,506778,451634
20439,506782,464100
20440,506783,464101
20441,506784,464102
20442,506812,494052
20443,506813,494053
20444,506863,571633
20445,506864,571634
20446,506890,16353
20447,506891,16354
20448,506892,16355
20449,506928,56105
20450,506929,56106
20451,506958,89571
20452,506992,133356
20453,506996,146984
20454,507022,188680
20455,507087,263567
20456,507088,263568
20457,507105,281417
20458,507106,281750
20459,507107,281751
20460,507174,366505
20461,507196,404748
20462,507238,450917
20463,507239,451629
20464,507240,451630
20465,507241,451631
20466,507242,451632
20467,507243,451633
20468,507247,463587
20469,507248,464097
20470,507249,464098
20471,507250,464099
20472,507271,493641
20473,507272,494049
20474,507273,494050
20475,507274,494051
20476,507335,571629
20477,507336,571630
20478,507337,571631
20479,507338,571632
20480,507380,16350
20481,507381,16351
20482,507382,16352
20483,507418,56104
20484,507438,89570
20485,507471,132961
20486,507472,133354
20487,507473,133355
20488,507506,188679
20489,507546,263566
20490,507629,366504
20491,507655,404549
20492,507687,450916
20493,507688,451628
20494,507715,494048
20495,507769,571626
20496,507770,571627
20497,507771,571628
20498,507831,55729
20499,507832,55730
20500,507833,56103
20501,507860,89567
20502,507861,89568
20503,507862,89569
20504,507898,130419
20505,507899,130420
20506,507900,130421
20507,507902,133353
20508,507933,188073
20509,507986,263564
20510,507987,263565
20511,507994,281748
20512,507995,281749
20513,508050,366503
20514,508076,404747
20515,508104,451627
20516,508109,464095
20517,508110,464096
20518,508132,493785
20519,508177,571624
20520,508178,571625
20521,508302,130413
20522,508303,130414
20523,508304,130415
20524,508305,130416
20525,508306,130417
20526,508307,130418
20527,508310,133351
20528,508311,133352
20529,508320,146981
20530,508321,146982
20531,508322,146983
20532,508356,188678
20533,508426,263562
20534,508427,263563
20535,508451,281414
20536,508452,281415
20537,508453,281416
20538,508454,281745
20539,508455,281746
20540,508456,281747
20541,508532,366501
20542,508533,366502
20543,508561,404744
20544,508562,404745
20545,508563,404746
20546,508603,451626
20547,508608,463412
20548,508609,464092
20549,508610,464093
20550,508611,464094
20551,508700,571622
20552,508701,571623
20553,508794,55691
20554,508795,56102
20555,508816,89564
20556,508817,89565
20557,508818,89566
20558,508861,130412
20559,508862,133350
20560,508876,146978
20561,508877,146979
20562,508878,146980
20563,508910,188677
20564,508983,263561
20565,508997,281413
20566,508998,281744
20567,509078,366500
20568,509111,404742
20569,509112,404743
20570,509157,451625
20571,509162,463477
20572,509163,464089
20573,509164,464090
20574,509165,464091
20575,509205,494046
20576,509206,494047
20577,509286,571621
20578,509370,53217
20579,509373,56100
20580,509374,56101
20581,509448,130408
20582,509449,130409
20583,509450,130410
20584,509451,130411
20585,509472,146662
20586,509473,146977
20587,509485,158888
20588,509486,158889
20589,509487,158890
20590,509488,158891
20591,509489,158892
20592,509527,199956
20593,509569,243569
20594,509570,243991
20595,509571,243992
20596,509572,243993
20597,509625,301669
20598,509626,301670
20599,509627,301671
20600,509666,343723
20601,509667,343748
20602,509668,344062
20603,509669,344063
20604,509715,393119
20605,509716,394588
20606,509717,395123
20607,509764,451165
20608,509765,451166
20609,509766,451624
20610,509800,493681
20611,509801,493784
20612,509802,494045
20613,509870,559342
20614,509871,559570
20615,509872,560712
20616,509873,560713
20617,509874,560714
20618,509875,560715
20619,509876,560716
20620,510026,130407
20621,510034,146976
20622,510047,158604
20623,510081,199955
20624,510109,243389
20625,510110,243990
20626,510152,301668
20627,510224,395122
20628,510265,451004
20629,510266,451622
20630,510267,451623
20631,510294,494043
20632,510295,494044
20633,510344,559341
20634,510345,560707
20635,510346,560708
20636,510347,560709
20637,510348,560710
20638,510349,560711
20639,510429,53346
20640,510430,53347
20641,510431,53348
20642,510436,56096
20643,510437,56097
20644,510438,56098
20645,510439,56099
20646,510518,146974
20647,510519,146975
20648,510531,158884
20649,510532,158885
20650,510533,158886
20651,510534,158887
20652,510582,243986
20653,510583,243987
20654,510584,243988
20655,510585,243989
20656,510621,301667
20657,510685,393398
20658,510686,393399
20659,510687,395119
20660,510688,395120
20661,510689,395121
20662,510739,451620
20663,510740,451621
20664,510819,559569
20665,510820,560696
20666,510821,560697
20667,510822,560698
20668,510823,560699
20669,510824,560700
20670,510825,560701
20671,510826,560702
20672,510827,560703
20673,510828,560704
20674,510829,560705
20675,510830,560706
20676,510895,53342
20677,510896,53343
20678,510897,53344
20679,510898,53345
20680,510901,56095
20681,510949,130406
20682,510962,146973
20683,510973,158603
20684,510974,158883
20685,511033,243568
20686,511034,243985
20687,511082,301665
20688,511083,301666
20689,511121,344057
20690,511122,344058
20691,511123,344059
20692,511124,344060
20693,511125,344061
20694,511161,393397
20695,511162,395116
20696,511163,395117
20697,511164,395118
20698,511214,451616
20699,511215,451617
20700,511216,451618
20701,511217,451619
20702,511238,494042
20703,511308,559206
20704,511309,560690
20705,511310,560691
20706,511311,560692
20707,511312,560693
20708,511313,560694
20709,511314,560695
20710,511451,158882
20711,511479,199841
20712,511480,199842
20713,511481,199843
20714,511482,199954
20715,511510,243984
20716,511545,301663
20717,511546,301664
20718,511578,344054
20719,511579,344055
20720,511580,344056
20721,511606,393395
20722,511607,393396
20723,511608,395113
20724,511609,395114
20725,511610,395115
20726,511654,451613
20727,511655,451614
20728,511656,451615
20729,511682,493680
20730,511724,559159
20731,511725,559160
20732,511726,559568
20733,511727,560688
20734,511728,560689
20735,511809,56094
20736,511878,130403
20737,511879,130404
20738,511880,130405
20739,511888,146968
20740,511889,146969
20741,511890,146970
20742,511891,146971
20743,511892,146972
20744,511923,199840
20745,511924,199950
20746,511925,199951
20747,511926,199952
20748,511927,199953
20749,511965,243981
20750,511966,243982
20751,511967,243983
20752,512038,344053
20753,512084,393393
20754,512085,393394
20755,512086,395112
20756,512142,450857
20757,512143,451003
20758,512144,451612
20759,512183,494040
20760,512184,494041
20761,512236,560682
20762,512237,560683
20763,512238,560684
20764,512239,560685
20765,512240,560686
20766,512241,560687
20767,512336,53340
20768,512337,53341
20769,512339,55671
20770,512340,56092
20771,512341,56093
20772,512431,130133
20773,512432,130134
20774,512433,130401
20775,512434,130402
20776,512448,146966
20777,512449,146967
20778,512458,158881
20779,512488,199948
20780,512489,199949
20781,512534,243363
20782,512535,243567
20783,512536,243980
20784,512587,301662
20785,512624,344052
20786,512674,393391
20787,512675,393392
20788,512676,395111
20789,512717,450915
20790,512718,451607
20791,512719,451608
20792,512720,451609
20793,512721,451610
20794,512722,451611
20795,512760,493782
20796,512761,493783
20797,512762,494039
20798,512831,559340
20799,512832,560679
20800,512833,560680
20801,512834,560681
20802,513048,158436
20803,513049,158534
20804,513050,158877
20805,513051,158878
20806,513052,158879
20807,513053,158880
20808,513085,199295
20809,513087,203896
20810,513088,203897
20811,513140,267904
20812,513141,267905
20813,513142,267906
20814,513144,269865
20815,513145,269866
20816,513146,269867
20817,513182,301660
20818,513183,301661
20819,513202,317760
20820,513203,317761
20821,513336,451605
20822,513337,451606
20823,513342,464070
20824,513343,464071
20825,513344,464072
20826,513382,501286
20827,513383,501287
20828,513393,513039
20829,513508,16334
20830,513509,16335
20831,513510,16336
20832,513511,16337
20833,513621,149038
20834,513622,149265
20835,513635,158873
20836,513636,158874
20837,513637,158875
20838,513638,158876
20839,513666,199291
20840,513667,199292
20841,513668,199293
20842,513669,199294
20843,513676,203494
20844,513677,203892
20845,513678,203893
20846,513679,203894
20847,513680,203895
20848,513739,267902
20849,513740,267903
20850,513741,269864
20851,513768,301659
20852,513784,317757
20853,513785,317758
20854,513786,317759
20855,513832,369479
20856,513842,385090
20857,513896,451164
20858,513897,451602
20859,513898,451603
20860,513899,451604
20861,513906,463586
20862,513907,463717
20863,513947,512829
20864,513948,513038
20865,514038,16330
20866,514039,16331
20867,514040,16332
20868,514041,16333
20869,514146,149263
20870,514147,149264
20871,514157,158872
20872,514187,199288
20873,514188,199289
20874,514189,199290
20875,514242,267901
20876,514267,301656
20877,514268,301657
20878,514269,301658
20879,514288,317756
20880,514341,369018
20881,514342,369478
20882,514354,385087
20883,514355,385088
20884,514356,385089
20885,514416,451599
20886,514417,451600
20887,514418,451601
20888,514423,464066
20889,514424,464067
20890,514425,464068
20891,514426,464069
20892,514463,501284
20893,514464,501285
20894,514475,512828
20895,514476,513037
20896,514571,16328
20897,514572,16329
20898,514715,203493
20899,514716,203890
20900,514717,203891
20901,514759,267899
20902,514760,267900
20903,514763,269863
20904,514789,301655
20905,514803,317753
20906,514804,317754
20907,514805,317755
20908,514839,369475
20909,514840,369476
20910,514841,369477
20911,514850,385086
20912,514913,451596
20913,514914,451597
20914,514915,451598
20915,514921,463326
20916,514922,463585
20917,514923,464065
20918,514957,501280
20919,514958,501281
20920,514959,501282
20921,514960,501283
20922,514968,513035
20923,514969,513036
20924,515161,149262
20925,515170,158871
20926,515207,199287
20927,515214,203598
20928,515215,203889
20929,515271,267897
20930,515272,267898
20931,515274,269792
20932,515275,269860
20933,515276,269861
20934,515277,269862
20935,515296,301653
20936,515297,301654
20937,515323,317751
20938,515324,317752
20939,515376,385082
20940,515377,385083
20941,515378,385084
20942,515379,385085
20943,515440,451002
20944,515441,451595
20945,515472,501279
20946,515694,149260
20947,515695,149261
20948,515701,158869
20949,515702,158870
20950,515739,203888
20951,515792,267895
20952,515793,267896
20953,515796,269857
20954,515797,269858
20955,515798,269859
20956,515826,301652
20957,515845,317749
20958,515846,317750
20959,515892,369017
20960,515893,369065
20961,515894,369474
20962,515903,385081
20963,515952,450914
20964,515953,451591
20965,515954,451592
20966,515955,451593
20967,515956,451594
20968,515968,464064
20969,516010,513033
20970,516011,513034
20971,516117,16324
20972,516118,16325
20973,516119,16326
20974,516120,16327
20975,516280,149037
20976,516281,149258
20977,516282,149259
20978,516293,158435
20979,516326,199285
20980,516327,199286
20981,516400,267656
20982,516401,267657
20983,516402,267894
20984,516403,269856
20985,516428,301649
20986,516429,301650
20987,516430,301651
20988,516444,317745
20989,516445,317746
20990,516446,317747
20991,516447,317748
20992,516500,369472
20993,516501,369473
20994,516516,385079
20995,516517,385080
20996,516582,451589
20997,516583,451590
20998,516591,463584
20999,516592,464060
21000,516593,464061
21001,516594,464062
21002,516595,464063
21003,516634,500999
21004,516635,501277
21005,516636,501278
21006,516652,513031
21007,516653,513032
21008,516759,1198
21009,516781,21405
21010,516782,21464
21011,516783,21465
21012,516895,133335
21013,516896,133336
21014,516919,158602
21015,516920,158866
21016,516921,158867
21017,516922,158868
21018,516979,223448
21019,517061,317743
21020,517062,317744
21021,517097,344039
21022,517098,344040
21023,517099,344041
21024,517100,344042
21025,517123,362677
21026,517130,369016
21027,517131,369158
21028,517132,369471
21029,517136,375035
21030,517137,375036
21031,517138,375037
21032,517229,450913
21033,517230,451584
21034,517231,451585
21035,517232,451586
21036,517233,451587
21037,517234,451588
21038,517240,460537
21039,517244,468205
21040,517255,476634
21041,517277,498684
21042,517278,501276
21043,517337,560627
21044,517338,560628
21045,517339,560629
21046,517354,580427
21047,517374,600544
21048,517375,600545
21049,517379,1464
21050,517387,12151
21051,517501,133095
21052,517502,133332
21053,517503,133333
21054,517504,133334
21055,517525,158864
21056,517526,158865
21057,517564,206618
21058,517565,206680
21059,517566,206681
21060,517567,206682
21061,517568,206683
21062,517569,206684
21063,517578,218900
21064,517579,218901
21065,517580,218902
21066,517584,223446
21067,517585,223447
21068,517620,261958
21069,517621,262153
21070,517667,317741
21071,517668,317742
21072,517693,344037
21073,517694,344038
21074,517722,362433
21075,517723,362676
21076,517728,369469
21077,517729,369470
21078,517730,374075
21079,517731,374435
21080,517732,375032
21081,517733,375033
21082,517734,375034
21083,517813,451583
21084,517821,460535
21085,517822,460536
21086,517827,468204
21087,517839,476916
21088,517861,498511
21089,517862,498682
21090,517863,498683
21091,517865,501274
21092,517866,501275
21093,517918,560622
21094,517919,560623
21095,517920,560624
21096,517921,560625
21097,517922,560626
21098,517933,580618
21099,517949,600540
21100,517950,600541
21101,517951,600542
21102,517952,600543
21103,517960,1462
21104,517961,1463
21105,517972,12149
21106,517973,12150
21107,517981,21460
21108,517982,21461
21109,517983,21462
21110,517984,21463
21111,518113,158862
21112,518114,158863
21113,518153,206677
21114,518154,206678
21115,518155,206679
21116,518162,218898
21117,518163,218899
21118,518205,262151
21119,518206,262152
21120,518254,301647
21121,518255,301648
21122,518273,317739
21123,518274,317740
21124,518315,362675
21125,518325,368986
21126,518326,369465
21127,518327,369466
21128,518328,369467
21129,518329,369468
21130,518399,451581
21131,518400,451582
21132,518406,460534
21133,518410,468201
21134,518411,468202
21135,518412,468203
21136,518418,476633
21137,518432,498680
21138,518433,498681
21139,518434,501273
21140,518477,560617
21141,518478,560618
21142,518479,560619
21143,518480,560620
21144,518481,560621
21145,518494,580616
21146,518495,580617
21147,518506,600539
21148,518512,1461
21149,518521,11858
21150,518522,12147
21151,518523,12148
21152,518530,21457
21153,518531,21458
21154,518532,21459
21155,518646,133014
21156,518665,158861
21157,518707,206630
21158,518708,206676
21159,518715,218741
21160,518716,218897
21161,518722,223102
21162,518723,223443
21163,518724,223444
21164,518725,223445
21165,518764,262150
21166,518801,301464
21167,518802,301646
21168,518820,317736
21169,518821,317737
21170,518822,317738
21171,518860,344036
21172,518873,362478
21173,518878,369463
21174,518879,369464
21175,518885,374192
21176,518886,374434
21177,518887,375030
21178,518888,375031
21179,518944,451001
21180,518945,451579
21181,518946,451580
21182,518950,460228
21183,518951,460528
21184,518952,460529
21185,518953,460530
21186,518954,460531
21187,518955,460532
21188,518956,460533
21189,518965,468012
21190,518966,468198
21191,518967,468199
21192,518968,468200
21193,518976,476422
21194,518977,476914
21195,518978,476915
21196,519000,498678
21197,519001,498679
21198,519004,501056
21199,519072,559338
21200,519073,559564
21201,519074,560610
21202,519075,560611
21203,519076,560612
21204,519077,560613
21205,519078,560614
21206,519079,560615
21207,519080,560616
21208,519102,600538
21209,519120,12146
21210,519193,133331
21211,519311,262147
21212,519312,262148
21213,519313,262149
21214,519340,301643
21215,519341,301644
21216,519342,301645
21217,519377,344035
21218,519408,374191
21219,519409,375028
21220,519410,375029
21221,519482,451163
21222,519489,460527
21223,519497,476912
21224,519498,476913
21225,519512,501271
21226,519513,501272
21227,519564,559205
21228,519565,559563
21229,519566,560602
21230,519567,560603
21231,519568,560604
21232,519569,560605
21233,519570,560606
21234,519571,560607
21235,519572,560608
21236,519573,560609
21237,519589,580614
21238,519590,580615
21239,519605,600537
21240,519611,1457
21241,519612,1458
21242,519613,1459
21243,519614,1460
21244,519627,12144
21245,519628,12145
21246,519637,21455
21247,519638,21456
21248,519754,133327
21249,519755,133328
21250,519756,133329
21251,519757,133330
21252,519841,218895
21253,519842,218896
21254,519844,223441
21255,519845,223442
21256,519875,261970
21257,519876,262145
21258,519877,262146
21259,519917,301640
21260,519918,301641
21261,519919,301642
21262,519931,317735
21263,519962,344031
21264,519963,344032
21265,519964,344033
21266,519965,344034
21267,519982,362477
21268,519987,374189
21269,519988,374190
21270,519989,375025
21271,519990,375026
21272,519991,375027
21273,520043,451162
21274,520044,451577
21275,520045,451578
21276,520050,460526
21277,520055,468197
21278,520063,476911
21279,520085,498455
21280,520086,498677
21281,520087,501269
21282,520088,501270
21283,520146,560600
21284,520147,560601
21285,520169,580613
21286,520202,1456
21287,520222,12141
21288,520223,12142
21289,520224,12143
21290,520238,21453
21291,520239,21454
21292,520355,133325
21293,520356,133326
21294,520389,158533
21295,520426,206675
21296,520437,218894
21297,520443,223440
21298,520493,262144
21299,520533,301639
21300,520556,317734
21301,520586,343722
21302,520587,344028
21303,520588,344029
21304,520589,344030
21305,520602,362671
21306,520603,362672
21307,520604,362673
21308,520605,362674
21309,520611,369462
21310,520616,375022
21311,520617,375023
21312,520618,375024
21313,520697,451576
21314,520700,460524
21315,520701,460525
21316,520705,468196
21317,520717,476910
21318,520740,498510
21319,520743,501267
21320,520744,501268
21321,520812,560597
21322,520813,560598
21323,520814,560599
21324,520825,580346
21325,520826,580611
21326,520827,580612
21327,520846,600536
21328,520855,1455
21329,520866,12139
21330,520867,12140
21331,520877,22962
21332,520978,111647
21333,521067,203490
21334,521068,203879
21335,521069,203880
21336,521070,203881
21337,521115,243951
21338,521116,243952
21339,521117,243953
21340,521259,373993
21341,521260,374188
21342,521261,374433
21343,521262,375019
21344,521263,375020
21345,521264,375021
21346,521335,424939
21347,521336,424940
21348,521337,424941
21349,521340,425965
21350,521341,426200
21351,521362,449697
21352,521363,449787
21353,521364,449788
21354,521371,460227
21355,521372,460293
21356,521373,464045
21357,521374,464046
21358,521375,464047
21359,521376,466796
21360,521377,467121
21361,521382,473189
21362,521385,476909
21363,521473,559158
21364,521474,559562
21365,521475,560590
21366,521476,560591
21367,521477,560592
21368,521478,560593
21369,521479,560594
21370,521480,560595
21371,521481,560596
21372,521519,786
21373,521520,1032
21374,521521,1454
21375,521539,22423
21376,521540,22959
21377,521541,22960
21378,521542,22961
21379,521624,111563
21380,521625,111646
21381,521707,203489
21382,521755,243950
21383,521877,374074
21384,521878,375017
21385,521879,375018
21386,521916,424937
21387,521917,424938
21388,521918,426198
21389,521919,426199
21390,521941,449786
21391,521946,463716
21392,521947,464042
21393,521948,464043
21394,521949,464044
21395,521958,476505
21396,521959,476906
21397,521960,476907
21398,521961,476908
21399,522039,559102
21400,522040,560588
21401,522041,560589
21402,522074,1107
21403,522075,1453
21404,522082,12135
21405,522083,12136
21406,522084,12137
21407,522085,12138
21408,522087,22957
21409,522088,22958
21410,522169,111645
21411,522242,203875
21412,522243,203876
21413,522244,203877
21414,522245,203878
21415,522284,243387
21416,522285,243948
21417,522286,243949
21418,522401,373992
21419,522402,375015
21420,522403,375016
21421,522477,460523
21422,522478,464041
21423,522483,473188
21424,522486,476504
21425,522487,476632
21426,522488,476905
21427,522552,559337
21428,522553,559561
21429,522554,560581
21430,522555,560582
21431,522556,560583
21432,522557,560584
21433,522558,560585
21434,522559,560586
21435,522560,560587
21436,522597,1106
21437,522617,22955
21438,522618,22956
21439,522694,111548
21440,522695,111644
21441,522815,243945
21442,522816,243946
21443,522817,243947
21444,522925,374187
21445,522926,374431
21446,522927,374432
21447,522928,375012
21448,522929,375013
21449,522930,375014
21450,522974,424852
21451,522975,424934
21452,522976,424935
21453,522977,424936
21454,522978,425998
21455,523003,449785
21456,523007,460521
21457,523008,460522
21458,523009,463714
21459,523010,463715
21460,523011,467119
21461,523012,467120
21462,523015,473071
21463,523020,476903
21464,523021,476904
21465,523106,559101
21466,523107,559560
21467,523108,560575
21468,523109,560576
21469,523110,560577
21470,523111,560578
21471,523112,560579
21472,523113,560580
21473,523154,1450
21474,523155,1451
21475,523156,1452
21476,523163,12133
21477,523164,12134
21478,523170,22953
21479,523171,22954
21480,523249,111643
21481,523348,203874
21482,523491,375011
21483,523534,424933
21484,523537,426197
21485,523572,460292
21486,523573,460517
21487,523574,460518
21488,523575,460519
21489,523576,460520
21490,523577,463410
21491,523578,464040
21492,523586,473187
21493,523592,476902
21494,523658,559336
21495,523659,560568
21496,523660,560569
21497,523661,560570
21498,523662,560571
21499,523663,560572
21500,523664,560573
21501,523665,560574
21502,523697,1449
21503,523705,11873
21504,523706,12132
21505,523711,22422
21506,523712,22951
21507,523713,22952
21508,523795,111641
21509,523796,111642
21510,523887,203873
21511,523924,243943
21512,523925,243944
21513,524071,374186
21514,524072,374430
21515,524073,375009
21516,524074,375010
21517,524123,424931
21518,524124,424932
21519,524128,426192
21520,524129,426193
21521,524130,426194
21522,524131,426195
21523,524132,426196
21524,524150,449781
21525,524151,449782
21526,524152,449783
21527,524153,449784
21528,524162,460291
21529,524163,460516
21530,524166,467116
21531,524167,467117
21532,524168,467118
21533,524172,473184
21534,524173,473185
21535,524174,473186
21536,524179,476901
21537,524252,559559
21538,524253,560565
21539,524254,560566
21540,524255,560567
21541,524289,785
21542,524290,1197
21543,524291,1447
21544,524292,1448
21545,524307,22421
21546,524308,22950
21547,524399,111640
21548,524557,243566
21549,524558,243941
21550,524559,243942
21551,524698,375007
21552,524699,375008
21553,524742,426189
21554,524743,426190
21555,524744,426191
21556,524771,449780
21557,524781,460514
21558,524782,460515
21559,524783,463324
21560,524784,464039
21561,524785,467113
21562,524786,467114
21563,524787,467115
21564,524794,473180
21565,524795,473181
21566,524796,473182
21567,524797,473183
21568,524799,476503
21569,524800,476900
21570,524891,559334
21571,524892,559335
21572,524893,560558
21573,524894,560559
21574,524895,560560
21575,524896,560561
21576,524897,560562
21577,524898,560563
21578,524899,560564
21579,524952,1446
21580,524970,16016
21581,524971,16300
21582,524975,22949
21583,525098,139688
21584,525099,139689
21585,525100,139690
21586,525165,203872
21587,525211,250021
21588,525212,250022
21589,525213,250023
21590,525222,262136
21591,525223,262137
21592,525239,281701
21593,525283,317726
21594,525291,328955
21595,525310,351528
21596,525311,351529
21597,525319,364914
21598,525337,379651
21599,525338,379652
21600,525339,379653
21601,525345,384839
21602,525346,385066
21603,525347,385067
21604,525348,385068
21605,525349,385069
21606,525388,419772
21607,525389,419879
21608,525390,419880
21609,525391,419881
21610,525392,419882
21611,525393,419883
21612,525394,419884
21613,525428,451559
21614,525429,451560
21615,525455,476896
21616,525456,476897
21617,525457,476898
21618,525458,476899
21619,525506,512740
21620,525507,512741
21621,525508,513011
21622,525509,513012
21623,525515,519326
21624,525516,519327
21625,525605,1031
21626,525606,1444
21627,525607,1445
21628,525626,16015
21629,525627,16299
21630,525631,22685
21631,525681,86238
21632,525682,86239
21633,525726,133319
21634,525769,203871
21635,525813,250016
21636,525814,250017
21637,525815,250018
21638,525816,250019
21639,525817,250020
21640,525830,262132
21641,525831,262133
21642,525832,262134
21643,525833,262135
21644,525859,281307
21645,525860,281700
21646,525902,317725
21647,525909,328954
21648,525934,351525
21649,525935,351526
21650,525936,351527
21651,525947,364913
21652,525949,366478
21653,525959,379648
21654,525960,379649
21655,525961,379650
21656,525965,385063
21657,525966,385064
21658,525967,385065
21659,525993,419878
21660,526022,451557
21661,526023,451558
21662,526039,476501
21663,526040,476502
21664,526041,476894
21665,526042,476895
21666,526076,513010
21667,526082,519325
21668,526124,566296
21669,526125,566297
21670,526161,1443
21671,526180,16297
21672,526181,16298
21673,526184,22617
21674,526185,22946
21675,526186,22947
21676,526187,22948
21677,526245,86065
21678,526246,86066
21679,526247,86237
21680,526292,133317
21681,526293,133318
21682,526299,139687
21683,526407,250015
21684,526414,262130
21685,526415,262131
21686,526432,281335
21687,526455,317721
21688,526456,317722
21689,526457,317723
21690,526458,317724
21691,526466,328951
21692,526467,328952
21693,526468,328953
21694,526496,351523
21695,526497,351524
21696,526508,364908
21697,526509,364909
21698,526510,364910
21699,526511,364911
21700,526512,364912
21701,526513,366473
21702,526514,366474
21703,526515,366475
21704,526516,366476
21705,526517,366477
21706,526527,379646
21707,526528,379647
21708,526530,385061
21709,526531,385062
21710,526568,419877
21711,526603,451555
21712,526604,451556
21713,526628,476892
21714,526629,476893
21715,526659,513008
21716,526660,513009
21717,526666,519324
21718,526707,566293
21719,526708,566294
21720,526709,566295
21721,526766,946
21722,526767,1441
21723,526768,1442
21724,526778,16296
21725,526781,22616
21726,526782,22756
21727,526838,86234
21728,526839,86235
21729,526840,86236
21730,526879,133316
21731,526885,139686
21732,527006,281692
21733,527007,281693
21734,527008,281694
21735,527009,281695
21736,527010,281696
21737,527011,281697
21738,527012,281698
21739,527013,281699
21740,527043,317719
21741,527044,317720
21742,527052,328791
21743,527053,328948
21744,527054,328949
21745,527055,328950
21746,527073,351521
21747,527074,351522
21748,527093,364906
21749,527094,364907
21750,527105,379642
21751,527106,379643
21752,527107,379644
21753,527108,379645
21754,527175,450912
21755,527176,451550
21756,527177,451551
21757,527178,451552
21758,527179,451553
21759,527180,451554
21760,527195,476889
21761,527196,476890
21762,527197,476891
21763,527237,513007
21764,527240,519321
21765,527241,519322
21766,527242,519323
21767,527291,566292
21768,527335,945
21769,527336,1439
21770,527337,1440
21771,527353,16064
21772,527354,16295
21773,527423,86231
21774,527424,86232
21775,527425,86233
21776,527481,133314
21777,527482,133315
21778,527489,139685
21779,527551,203868
21780,527552,203869
21781,527553,203870
21782,527597,250013
21783,527598,250014
21784,527630,281405
21785,527631,281406
21786,527632,281688
21787,527633,281689
21788,527634,281690
21789,527635,281691
21790,527665,317718
21791,527674,328945
21792,527675,328946
21793,527676,328947
21794,527700,351519
21795,527701,351520
21796,527716,364905
21797,527723,379641
21798,527725,384855
21799,527726,385059
21800,527727,385060
21801,527760,419876
21802,527785,451545
21803,527786,451546
21804,527787,451547
21805,527788,451548
21806,527789,451549
21807,527808,476885
21808,527809,476886
21809,527810,476887
21810,527811,476888
21811,527848,513005
21812,527849,513006
21813,527853,519225
21814,527890,566185
21815,527891,566291
21816,527936,784
21817,527937,1105
21818,527938,1434
21819,527939,1435
21820,527940,1436
21821,527941,1437
21822,527942,1438
21823,527953,16014
21824,527958,22420
21825,528011,86230
21826,528059,132979
21827,528060,133013
21828,528065,139682
21829,528066,139683
21830,528067,139684
21831,528128,203865
21832,528129,203866
21833,528130,203867
21834,528167,250012
21835,528184,262128
21836,528185,262129
21837,528208,281400
21838,528209,281401
21839,528210,281402
21840,528211,281403
21841,528212,281404
21842,528213,281687
21843,528252,317715
21844,528253,317716
21845,528254,317717
21846,528269,328788
21847,528270,328789
21848,528271,328790
21849,528272,328942
21850,528273,328943
21851,528274,328944
21852,528306,364904
21853,528308,366470
21854,528309,366471
21855,528310,366472
21856,528320,379230
21857,528321,379636
21858,528322,379637
21859,528323,379638
21860,528324,379639
21861,528325,379640
21862,528327,385058
21863,528389,451544
21864,528409,476884
21865,528448,519216
21866,528449,519320
21867,528494,566290
21868,528536,1433
21869,528550,16294
21870,528555,22655
21871,528687,133311
21872,528688,133312
21873,528689,133313
21874,528694,139678
21875,528695,139679
21876,528696,139680
21877,528697,139681
21878,528752,203861
21879,528753,203862
21880,528754,203863
21881,528755,203864
21882,528797,249744
21883,528808,261994
21884,528809,262126
21885,528810,262127
21886,528840,281399
21887,528841,281685
21888,528842,281686
21889,528891,328938
21890,528892,328939
21891,528893,328940
21892,528894,328941
21893,528943,364775
21894,528944,366466
21895,528945,366467
21896,528946,366468
21897,528947,366469
21898,528963,379128
21899,528964,379634
21900,528965,379635
21901,528970,385056
21902,528971,385057
21903,529002,419875
21904,529035,451160
21905,529058,476883
21906,529104,513004
21907,529109,519319
21908,529150,566289
21909,529217,22944
21910,529218,22945
21911,529447,243564
21912,529448,243925
21913,529449,243926
21914,529450,243927
21915,529474,267859
21916,529533,314728
21917,529534,314729
21918,529551,327849
21919,529581,369157
21920,529582,369450
21921,529594,379631
21922,529595,379632
21923,529596,379633
21924,529652,434101
21925,529653,435064
21926,529654,435065
21927,529663,450797
21928,529664,451159
21929,529665,451543
21930,529673,464026
21931,529674,464027
21932,529675,467095
21933,529676,467096
21934,529779,559331
21935,529780,559552
21936,529781,559553
21937,529782,559554
21938,529783,560516
21939,529784,560517
21940,529785,560518
21941,529786,560519
21942,529787,560520
21943,529788,560521
21944,529806,580593
21945,529856,22419
21946,529857,22654
21947,529993,149226
21948,530070,243562
21949,530071,243563
21950,530072,243921
21951,530073,243922
21952,530074,243923
21953,530075,243924
21954,530086,263521
21955,530130,314546
21956,530145,327659
21957,530146,327848
21958,530186,369155
21959,530187,369156
21960,530188,369449
21961,530200,379629
21962,530201,379630
21963,530239,426185
21964,530249,434099
21965,530250,434100
21966,530251,435058
21967,530252,435059
21968,530253,435060
21969,530254,435061
21970,530255,435062
21971,530256,435063
21972,530267,451157
21973,530268,451158
21974,530269,451539
21975,530270,451540
21976,530271,451541
21977,530272,451542
21978,530277,463712
21979,530278,464024
21980,530279,464025
21981,530281,466795
21982,530282,467093
21983,530283,467094
21984,530372,559551
21985,530373,560512
21986,530374,560513
21987,530375,560514
21988,530376,560515
21989,530386,580588
21990,530387,580589
21991,530388,580590
21992,530389,580591
21993,530390,580592
21994,530444,22684
21995,530445,22942
21996,530446,22943
21997,530579,149032
21998,530661,243920
21999,530674,267627
22000,530675,267628
22001,530676,267856
22002,530677,267857
22003,530678,267858
22004,530743,327847
22005,530744,328935
22006,530745,328936
22007,530746,328937
22008,530782,369447
22009,530783,369448
22010,530793,379626
22011,530794,379627
22012,530795,379628
22013,530847,426182
22014,530848,426183
22015,530849,426184
22016,530859,433978
22017,530860,434355
22018,530861,434356
22019,530862,435048
22020,530863,435049
22021,530864,435050
22022,530865,435051
22023,530866,435052
22024,530867,435053
22025,530868,435054
22026,530869,435055
22027,530870,435056
22028,530871,435057
22029,530880,451536
22030,530881,451537
22031,530882,451538
22032,530887,463407
22033,530889,467088
22034,530890,467089
22035,530891,467090
22036,530892,467091
22037,530893,467092
22038,530978,559330
22039,530979,559550
22040,530980,560502
22041,530981,560503
22042,530982,560504
22043,530983,560505
22044,530984,560506
22045,530985,560507
22046,530986,560508
22047,530987,560509
22048,530988,560510
22049,530989,560511
22050,531026,22941
22051,531150,149224
22052,531151,149225
22053,531219,243918
22054,531220,243919
22055,531236,263519
22056,531237,263520
22057,531290,314725
22058,531291,314726
22059,531292,314727
22060,531299,327845
22061,531300,327846
22062,531301,328933
22063,531302,328934
22064,531336,369064
22065,531337,369446
22066,531347,379625
22067,531374,426179
22068,531375,426180
22069,531376,426181
22070,531389,435045
22071,531390,435046
22072,531391,435047
22073,531404,464022
22074,531405,464023
22075,531406,467087
22076,531493,559549
22077,531494,560497
22078,531495,560498
22079,531496,560499
22080,531497,560500
22081,531498,560501
22082,531515,580345
22083,531516,580587
22084,531552,22940
22085,531657,149223
22086,531735,243561
22087,531736,243916
22088,531737,243917
22089,531752,263518
22090,531757,267654
22091,531758,267853
22092,531759,267854
22093,531760,267855
22094,531800,314724
22095,531808,327843
22096,531809,327844
22097,531810,328932
22098,531849,369153
22099,531850,369154
22100,531851,369445
22101,531859,379623
22102,531860,379624
22103,531903,425944
22104,531912,433977
22105,531913,435042
22106,531914,435043
22107,531915,435044
22108,531925,451531
22109,531926,451532
22110,531927,451533
22111,531928,451534
22112,531929,451535
22113,531936,467084
22114,531937,467085
22115,531938,467086
22116,531998,559548
22117,531999,560494
22118,532000,560495
22119,532001,560496
22120,532042,22937
22121,532043,22938
22122,532044,22939
22123,532177,149003
22124,532178,149222
22125,532275,243914
22126,532276,243915
22127,532292,263516
22128,532293,263517
22129,532294,267850
22130,532295,267851
22131,532296,267852
22132,532341,314722
22133,532342,314723
22134,532352,327842
22135,532353,328929
22136,532354,328930
22137,532355,328931
22138,532399,379620
22139,532400,379621
22140,532401,379622
22141,532442,434354
22142,532443,435038
22143,532444,435039
22144,532445,435040
22145,532446,435041
22146,532462,451529
22147,532463,451530
22148,532465,464018
22149,532466,464019
22150,532467,464020
22151,532468,464021
22152,532471,466770
22153,532472,467080
22154,532473,467081
22155,532474,467082
22156,532475,467083
22157,532559,559546
22158,532560,559547
22159,532561,560493
22160,532574,580586
22161,532630,22755
22162,532631,22935
22163,532632,22936
22164,532781,149219
22165,532782,149220
22166,532783,149221
22167,532885,243912
22168,532886,243913
22169,532908,263315
22170,532909,263512
22171,532910,263513
22172,532911,263514
22173,532912,263515
22174,532955,314720
22175,532956,314721
22176,532970,327840
22177,532971,327841
22178,532972,328927
22179,532973,328928
22180,533030,379618
22181,533031,379619
22182,533087,426176
22183,533088,426177
22184,533089,426178
22185,533100,434353
22186,533101,435036
22187,533102,435037
22188,533113,451527
22189,533114,451528
22190,533116,464016
22191,533117,464017
22192,533118,467076
22193,533119,467077
22194,533120,467078
22195,533121,467079
22196,533234,559203
22197,533235,560490
22198,533236,560491
22199,533237,560492
22200,533254,580584
22201,533255,580585
22202,533295,16286
22203,533296,16287
22204,533361,82826
22205,533362,82827
22206,533385,113877
22207,533386,113878
22208,533454,183318
22209,533464,203849
22210,533503,250005
22211,533504,250006
22212,533619,353733
22213,533620,353734
22214,533694,435030
22215,533695,435031
22216,533696,435032
22217,533697,435033
22218,533698,435034
22219,533699,435035
22220,533724,464014
22221,533725,464015
22222,533730,468178
22223,533736,476872
22224,533868,16285
22225,533927,89497
22226,533928,89498
22227,533929,89499
22228,533949,113723
22229,533995,158835
22230,533996,158836
22231,534016,183317
22232,534037,203846
22233,534038,203847
22234,534039,203848
22235,534085,249743
22236,534086,250004
22237,534098,263510
22238,534099,263511
22239,534190,353728
22240,534191,353729
22241,534192,353730
22242,534193,353731
22243,534194,353732
22244,534267,433976
22245,534268,435027
22246,534269,435028
22247,534270,435029
22248,534288,463322
22249,534289,464013
22250,534292,468176
22251,534293,468177
22252,534439,16283
22253,534440,16284
22254,534499,82825
22255,534505,89495
22256,534506,89496
22257,534524,113876
22258,534564,158833
22259,534565,158834
22260,534584,183314
22261,534585,183315
22262,534586,183316
22263,534609,203845
22264,534643,249814
22265,534644,250003
22266,534652,263508
22267,534653,263509
22268,534754,353726
22269,534755,353727
22270,534837,435025
22271,534838,435026
22272,534858,463406
22273,534859,464010
22274,534860,464011
22275,534861,464012
22276,534865,468175
22277,534874,476868
22278,534875,476869
22279,534876,476870
22280,534877,476871
22281,535009,16281
22282,535010,16282
22283,535053,82823
22284,535054,82824
22285,535064,89182
22286,535065,89493
22287,535066,89494
22288,535082,113874
22289,535083,113875
22290,535109,158831
22291,535110,158832
22292,535123,183025
22293,535124,183026
22294,535125,183310
22295,535126,183311
22296,535127,183312
22297,535128,183313
22298,535147,203350
22299,535180,250002
22300,535191,263506
22301,535192,263507
22302,535338,435022
22303,535339,435023
22304,535340,435024
22305,535357,464009
22306,535362,468174
22307,535373,476864
22308,535374,476865
22309,535375,476866
22310,535376,476867
22311,535483,16278
22312,535484,16279
22313,535485,16280
22314,535539,89489
22315,535540,89490
22316,535541,89491
22317,535542,89492
22318,535556,113873
22319,535624,183308
22320,535625,183309
22321,535692,250001
22322,535698,263505
22323,535855,434098
22324,535856,435014
22325,535857,435015
22326,535858,435016
22327,535859,435017
22328,535860,435018
22329,535861,435019
22330,535862,435020
22331,535863,435021
22332,535880,463321
22333,535881,463582
22334,535882,463711
22335,535883,464007
22336,535884,464008
22337,535888,467958
22338,535895,476402
22339,535896,476863
22340,536022,16277
22341,536081,82820
22342,536082,82821
22343,536083,82822
22344,536091,89487
22345,536092,89488
22346,536114,113722
22347,536115,113871
22348,536116,113872
22349,536150,158830
22350,536166,183305
22351,536167,183306
22352,536168,183307
22353,536235,263503
22354,536236,263504
22355,536337,353725
22356,536408,434097
22357,536409,434352
22358,536410,435010
22359,536411,435011
22360,536412,435012
22361,536413,435013
22362,536427,463581
22363,536428,464006
22364,536432,468170
22365,536433,468171
22366,536434,468172
22367,536435,468173
22368,536443,476862
22369,536576,16276
22370,536639,82816
22371,536640,82817
22372,536641,82818
22373,536642,82819
22374,536649,89181
22375,536650,89486
22376,536692,113870
22377,536733,158434
22378,536734,158828
22379,536735,158829
22380,536757,183303
22381,536758,183304
22382,536779,203840
22383,536780,203841
22384,536781,203842
22385,536782,203843
22386,536783,203844
22387,536837,249726
22388,536838,250000
22389,536847,263500
22390,536848,263501
22391,536849,263502
22392,537011,434096
22393,537012,435009
22394,537036,463580
22395,537037,463709
22396,537038,463710
22397,537039,464005
22398,537042,468169
22399,537051,476420
22400,537052,476861
22401,537200,1406
22402,537201,1407
22403,537202,1408
22404,537203,1409
22405,537228,22930
22406,537377,158531
22407,537378,158827
22408,537428,212324
22409,537429,212325
22410,537463,243555
22411,537464,243900
22412,537465,243901
22413,537521,301612
22414,537522,301613
22415,537530,310716
22416,537531,310717
22417,537532,310718
22418,537541,317699
22419,537542,317700
22420,537543,317701
22421,537552,328916
22422,537553,328917
22423,537554,328918
22424,537612,379605
22425,537613,379606
22426,537706,460493
22427,537707,460494
22428,537708,460495
22429,537709,464002
22430,537710,464003
22431,537711,464004
22432,537721,476860
22433,537853,600497
22434,537854,600498
22435,537860,607482
22436,537875,22613
22437,537876,22754
22438,537877,22928
22439,537878,22929
22440,537965,158824
22441,537966,158825
22442,537967,158826
22443,537988,183110
22444,537989,183301
22445,537990,183302
22446,538013,212322
22447,538014,212323
22448,538047,243440
22449,538048,243899
22450,538106,301608
22451,538107,301609
22452,538108,301610
22453,538109,301611
22454,538130,328913
22455,538131,328914
22456,538132,328915
22457,538135,338639
22458,538136,338782
22459,538137,338783
22460,538138,338784
22461,538164,379603
22462,538165,379604
22463,538231,460290
22464,538328,600495
22465,538329,600496
22466,538336,607419
22467,538337,607420
22468,538338,607480
22469,538339,607481
22470,538340,778
22471,538341,779
22472,538342,1103
22473,538353,22927
22474,538435,115047
22475,538474,158823
22476,538492,183299
22477,538493,183300
22478,538516,212321
22479,538541,243439
22480,538542,243897
22481,538543,243898
22482,538592,301604
22483,538593,301605
22484,538594,301606
22485,538595,301607
22486,538609,317698
22487,538724,460491
22488,538725,460492
22489,538726,463999
22490,538727,464000
22491,538728,464001
22492,538740,476380
22493,538741,476856
22494,538742,476857
22495,538743,476858
22496,538744,476859
22497,538842,607394
22498,538846,1405
22499,538965,158821
22500,538966,158822
22501,539006,212320
22502,539028,243894
22503,539029,243895
22504,539030,243896
22505,539071,301602
22506,539072,301603
22507,539081,310714
22508,539082,310715
22509,539094,328912
22510,539103,338781
22511,539148,379601
22512,539149,379602
22513,539209,460490
22514,539210,463474
22515,539211,463997
22516,539212,463998
22517,539222,476854
22518,539223,476855
22519,539314,600493
22520,539315,600494
22521,539320,607479
22522,539322,777
22523,539341,22926
22524,539458,158433
22525,539475,183297
22526,539476,183298
22527,539499,212318
22528,539500,212319
22529,539521,243893
22530,539565,301601
22531,539572,310541
22532,539573,310711
22533,539574,310712
22534,539575,310713
22535,539586,317695
22536,539587,317696
22537,539588,317697
22538,539595,328911
22539,539598,338780
22540,539642,379597
22541,539643,379598
22542,539644,379599
22543,539645,379600
22544,539706,460487
22545,539707,460488
22546,539708,460489
22547,539709,463579
22548,539716,476631
22549,539717,476853
22550,539838,600492
22551,539842,607405
22552,539843,607418
22553,539844,607475
22554,539845,607476
22555,539846,607477
22556,539847,607478
22557,539852,1403
22558,539853,1404
22559,539867,22924
22560,539868,22925
22561,539948,114971
22562,539949,114972
22563,539950,114973
22564,539951,115043
22565,539952,115044
22566,539953,115045
22567,539954,115046
22568,540004,158820
22569,540019,183296
22570,540048,212317
22571,540070,243892
22572,540127,317694
22573,540136,328787
22574,540180,379596
22575,540246,463708
22576,540247,463995
22577,540248,463996
22578,540259,476500
22579,540260,476852
22580,540354,607473
22581,540355,607474
22582,540356,1194
22583,540357,1400
22584,540358,1401
22585,540359,1402
22586,540381,22923
22587,540490,115040
22588,540491,115041
22589,540492,115042
22590,540543,158819
22591,540564,183108
22592,540565,183109
22593,540566,183292
22594,540567,183293
22595,540568,183294
22596,540569,183295
22597,540597,212314
22598,540598,212315
22599,540599,212316
22600,540688,310710
22601,540691,317692
22602,540692,317693
22603,540705,328910
22604,540727,338776
22605,540728,338777
22606,540729,338778
22607,540730,338779
22608,540769,379595
22609,540860,460486
22610,540861,463577
22611,540862,463578
22612,540863,463991
22613,540864,463992
22614,540865,463993
22615,540866,463994
22616,540876,476419
22617,540997,600489
22618,540998,600490
22619,540999,600491
22620,541007,607417
22621,541008,607472
22622,541087,89477
22623,541088,89478
22624,541109,109354
22625,541118,114970
22626,541122,117775
22627,541123,117776
22628,541187,183291
22629,541243,230966
22630,541244,230967
22631,541245,230968
22632,541281,262116
22633,541282,262117
22634,541421,394583
22635,541422,394584
22636,541423,394987
22637,541424,394988
22638,541425,394989
22639,541485,450911
22640,541486,451496
22641,541487,451497
22642,541488,451498
22643,541496,463320
22644,541497,463707
22645,541498,463987
22646,541499,463988
22647,541500,463989
22648,541501,463990
22649,541513,476850
22650,541514,476851
22651,541609,568299
22652,541610,568300
22653,541611,568301
22654,541723,89474
22655,541724,89475
22656,541725,89476
22657,541736,109243
22658,541737,109258
22659,541745,114960
22660,541750,117773
22661,541751,117774
22662,541810,183288
22663,541811,183289
22664,541812,183290
22665,541886,262114
22666,541887,262115
22667,541952,338774
22668,541953,338775
22669,541997,394984
22670,541998,394985
22671,541999,394986
22672,542045,450997
22673,542046,451492
22674,542047,451493
22675,542048,451494
22676,542049,451495
22677,542057,463405
22678,542058,463706
22679,542073,476848
22680,542074,476849
22681,542149,568298
22682,542266,89180
22683,542267,89473
22684,542282,109353
22685,542288,117772
22686,542335,183282
22687,542336,183283
22688,542337,183284
22689,542338,183285
22690,542339,183286
22691,542340,183287
22692,542385,230964
22693,542386,230965
22694,542420,262113
22695,542482,338772
22696,542483,338773
22697,542538,394982
22698,542539,394983
22699,542595,451491
22700,542603,463985
22701,542604,463986
22702,542613,476499
22703,542614,476847
22704,542700,568294
22705,542701,568295
22706,542702,568296
22707,542703,568297
22708,542780,89471
22709,542781,89472
22710,542791,109352
22711,542797,117661
22712,542798,117769
22713,542799,117770
22714,542800,117771
22715,542849,183276
22716,542850,183277
22717,542851,183278
22718,542852,183279
22719,542853,183280
22720,542854,183281
22721,542883,230963
22722,542911,262112
22723,542974,338771
22724,543018,394645
22725,543019,394980
22726,543020,394981
22727,543076,476497
22728,543077,476498
22729,543078,476846
22730,543232,109350
22731,543233,109351
22732,543242,114966
22733,543243,114967
22734,543244,114968
22735,543245,114969
22736,543246,115035
22737,543247,115036
22738,543248,115037
22739,543249,115038
22740,543250,115039
22741,543252,117768
22742,543305,183107
22743,543306,183272
22744,543307,183273
22745,543308,183274
22746,543309,183275
22747,543337,230962
22748,543356,262109
22749,543357,262110
22750,543358,262111
22751,543417,338769
22752,543418,338770
22753,543460,394644
22754,543461,394979
22755,543508,463984
22756,543583,568293
22757,543689,89466
22758,543690,89467
22759,543691,89468
22760,543692,89469
22761,543693,89470
22762,543707,109349
22763,543715,117767
22764,543768,183105
22765,543769,183106
22766,543816,230961
22767,543922,338767
22768,543923,338768
22769,543980,394978
22770,544031,463318
22771,544032,463319
22772,544033,463983
22773,544045,476630
22774,544046,476843
22775,544047,476844
22776,544048,476845
22777,544260,89465
22778,544273,109347
22779,544274,109348
22780,544284,115034
22781,544346,183271
22782,544376,230959
22783,544377,230960
22784,544400,262108
22785,544474,338766
22786,544530,394977
22787,544592,450796
22788,544593,451489
22789,544594,451490
22790,544600,463473
22791,544601,463977
22792,544602,463978
22793,544603,463979
22794,544604,463980
22795,544605,463981
22796,544606,463982
22797,544621,476842
22798,544706,568291
22799,544707,568292
22800,544744,1024
22801,544745,1389
22802,544965,281640
22803,545011,331123
22804,545012,331124
22805,545013,331187
22806,545048,373989
22807,545049,374911
22808,545050,374912
22809,545051,374913
22810,545088,434093
22811,545089,434349
22812,545090,434945
22813,545091,434946
22814,545103,450996
22815,545104,451486
22816,545105,451487
22817,545106,451488
22818,545109,463976
22819,545155,531090
22820,545156,531091
22821,545226,600481
22822,545227,600482
22823,545234,1023
22824,545235,1386
22825,545236,1387
22826,545237,1388
22827,545472,331103
22828,545473,331104
22829,545474,331105
22830,545475,331106
22831,545476,331107
22832,545477,331108
22833,545478,331109
22834,545479,331110
22835,545480,331111
22836,545481,331112
22837,545482,331113
22838,545483,331114
22839,545484,331115
22840,545485,331116
22841,545486,331117
22842,545487,331118
22843,545488,331119
22844,545489,331120
22845,545490,331121
22846,545491,331122
22847,545492,331226
22848,545493,331227
22849,545494,331228
22850,545495,331229
22851,545496,331230
22852,545497,331347
22853,545498,331348
22854,545499,331349
22855,545500,331350
22856,545501,331351
22857,545502,331352
22858,545503,331353
22859,545504,331354
22860,545505,331355
22861,545506,331356
22862,545507,331357
22863,545508,331358
22864,545509,331359
22865,545510,331360
22866,545511,331361
22867,545512,331362
22868,545513,331363
22869,545542,374024
22870,545543,374909
22871,545544,374910
22872,545586,433897
22873,545587,434942
22874,545588,434943
22875,545589,434944
22876,545596,450910
22877,545597,451484
22878,545598,451485
22879,545603,463472
22880,545604,463576
22881,545605,463972
22882,545606,463973
22883,545607,463974
22884,545608,463975
22885,545657,530866
22886,545714,600479
22887,545715,600480
22888,545720,941
22889,545721,942
22890,545722,1193
22891,545723,1385
22892,545940,281298
22893,545941,281636
22894,545942,281637
22895,545943,281638
22896,545944,281639
22897,545986,331098
22898,545987,331099
22899,545988,331100
22900,545989,331101
22901,545990,331102
22902,545991,331157
22903,545992,331174
22904,545993,331222
22905,545994,331223
22906,545995,331224
22907,545996,331225
22908,545997,331334
22909,545998,331335
22910,545999,331336
22911,546000,331337
22912,546001,331338
22913,546002,331339
22914,546003,331340
22915,546004,331341
22916,546005,331342
22917,546006,331343
22918,546007,331344
22919,546008,331345
22920,546009,331346
22921,546044,373988
22922,546045,374168
22923,546046,374908
22924,546103,434092
22925,546104,434937
22926,546105,434938
22927,546106,434939
22928,546107,434940
22929,546108,434941
22930,546113,451483
22931,546120,463404
22932,546121,463471
22933,546122,463705
22934,546229,774
22935,546230,1101
22936,546231,1191
22937,546232,1192
22938,546233,1384
22939,546450,331092
22940,546451,331093
22941,546452,331094
22942,546453,331095
22943,546454,331096
22944,546455,331097
22945,546456,331156
22946,546457,331218
22947,546458,331219
22948,546459,331220
22949,546460,331221
22950,546461,331320
22951,546462,331321
22952,546463,331322
22953,546464,331323
22954,546465,331324
22955,546466,331325
22956,546467,331326
22957,546468,331327
22958,546469,331328
22959,546470,331329
22960,546471,331330
22961,546472,331331
22962,546473,331332
22963,546474,331333
22964,546497,374070
22965,546498,374166
22966,546499,374167
22967,546500,374904
22968,546501,374905
22969,546502,374906
22970,546503,374907
22971,546512,385025
22972,546513,385026
22973,546514,385027
22974,546515,385028
22975,546551,434933
22976,546552,434934
22977,546553,434935
22978,546554,434936
22979,546564,463575
22980,546565,463704
22981,546618,530939
22982,546660,600478
22983,546676,1383
22984,546876,281633
22985,546877,281634
22986,546878,281635
22987,546906,331087
22988,546907,331088
22989,546908,331089
22990,546909,331090
22991,546910,331091
22992,546911,331155
22993,546912,331186
22994,546913,331314
22995,546914,331315
22996,546915,331316
22997,546916,331317
22998,546917,331318
22999,546918,331319
23000,546951,374903
23001,546958,385022
23002,546959,385023
23003,546960,385024
23004,546992,434091
23005,546993,434931
23006,546994,434932
23007,547001,450909
23008,547002,451482
23009,547006,463971
23010,547063,531089
23011,547114,600476
23012,547115,600477
23013,547118,1190
23014,547119,1380
23015,547120,1381
23016,547121,1382
23017,547383,281333
23018,547384,281632
23019,547486,374902
23020,547495,385021
23021,547543,434926
23022,547544,434927
23023,547545,434928
23024,547546,434929
23025,547547,434930
23026,547560,450795
23027,547561,451480
23028,547562,451481
23029,547573,463966
23030,547574,463967
23031,547575,463968
23032,547576,463969
23033,547577,463970
23034,547628,531086
23035,547629,531087
23036,547630,531088
23037,547694,600474
23038,547695,600475
23039,547701,1378
23040,547702,1379
23041,547969,281631
23042,548035,331313
23043,548084,385019
23044,548085,385020
23045,548143,434922
23046,548144,434923
23047,548145,434924
23048,548146,434925
23049,548154,451479
23050,548159,463317
23051,548160,463703
23052,548228,530938
23053,548229,531085
23054,548296,600472
23055,548297,600473
23056,548304,1377
23057,548312,12088
23058,548313,12089
23059,548316,16261
23060,548317,16262
23061,548323,24900
23062,548425,133281
23063,548426,133282
23064,548431,139642
23065,548432,139643
23066,548452,158805
23067,548453,158806
23068,548543,281629
23069,548544,281630
23070,548585,323889
23071,548586,323890
23072,548593,331086
23073,548594,331185
23074,548595,331311
23075,548596,331312
23076,548607,343959
23077,548630,366429
23078,548678,426142
23079,548679,426143
23080,548680,426144
23081,548691,434090
23082,548692,434918
23083,548693,434919
23084,548694,434920
23085,548695,434921
23086,548738,488613
23087,548768,524209
23088,548840,1022
23089,548841,1100
23090,548842,1376
23091,548850,16260
23092,548965,158802
23093,548966,158803
23094,548967,158804
23095,549042,252132
23096,549061,281394
23097,549062,281627
23098,549063,281628
23099,549107,323885
23100,549108,323886
23101,549109,323887
23102,549110,323888
23103,549112,331084
23104,549113,331085
23105,549114,331154
23106,549115,331173
23107,549116,331217
23108,549117,331305
23109,549118,331306
23110,549119,331307
23111,549120,331308
23112,549121,331309
23113,549122,331310
23114,549128,343958
23115,549205,434089
23116,549206,434914
23117,549207,434915
23118,549208,434916
23119,549209,434917
23120,549255,488611
23121,549256,488612
23122,549283,524208
23123,549334,940
23124,549335,1375
23125,549342,12087
23126,549343,16257
23127,549344,16258
23128,549345,16259
23129,549352,24899
23130,549368,46128
23131,549369,46129
23132,549370,46157
23133,549371,46158
23134,549436,133279
23135,549437,133280
23136,549441,139641
23137,549521,252128
23138,549522,252129
23139,549523,252130
23140,549524,252131
23141,549545,281332
23142,549546,281393
23143,549569,323883
23144,549570,323884
23145,549578,331083
23146,549579,331304
23147,549599,366428
23148,549646,426141
23149,549657,434088
23150,549658,434348
23151,549659,434910
23152,549660,434911
23153,549661,434912
23154,549662,434913
23155,549690,488454
23156,549765,773
23157,549766,1373
23158,549767,1374
23159,549777,12084
23160,549778,12085
23161,549779,12086
23162,549804,46127
23163,549805,46132
23164,549806,46135
23165,549807,46136
23166,549808,46137
23167,549809,46138
23168,549810,46139
23169,549811,46140
23170,549812,46141
23171,549813,46142
23172,549814,46143
23173,549815,46156
23174,549896,133010
23175,549897,133278
23176,549900,139638
23177,549901,139639
23178,549902,139640
23179,549923,158800
23180,549924,158801
23181,550018,281391
23182,550019,281392
23183,550020,281626
23184,550053,323882
23185,550062,331172
23186,550072,343957
23187,550092,366427
23188,550144,434905
23189,550145,434906
23190,550146,434907
23191,550147,434908
23192,550148,434909
23193,550190,488388
23194,550191,488610
23195,550221,524096
23196,550222,524207
23197,550287,772
23198,550295,12080
23199,550296,12081
23200,550297,12082
23201,550298,12083
23202,550302,16256
23203,550307,24826
23204,550317,46134
23205,550406,133093
23206,550414,139637
23207,550427,158799
23208,550486,252055
23209,550487,252127
23210,550508,281390
23211,550509,281625
23212,550540,323880
23213,550541,323881
23214,550546,331216
23215,550559,343955
23216,550560,343956
23217,550578,366426
23218,550618,434347
23219,550619,434902
23220,550620,434903
23221,550621,434904
23222,550658,488608
23223,550659,488609
23224,550730,1189
23225,550738,12078
23226,550739,12079
23227,550740,16255
23228,550745,24896
23229,550746,24897
23230,550747,24898
23231,550838,133274
23232,550839,133275
23233,550840,133276
23234,550841,133277
23235,550845,139636
23236,550867,158798
23237,550948,252124
23238,550949,252125
23239,550950,252126
23240,550977,281297
23241,550978,281314
23242,550979,281331
23243,550980,281388
23244,550981,281389
23245,550982,281620
23246,550983,281621
23247,550984,281622
23248,550985,281623
23249,550986,281624
23250,551032,323879
23251,551039,331303
23252,551051,343952
23253,551052,343953
23254,551053,343954
23255,551072,366421
23256,551073,366422
23257,551074,366423
23258,551075,366424
23259,551076,366425
23260,551119,426140
23261,551126,433974
23262,551127,434087
23263,551128,434901
23264,551165,488387
23265,551166,488607
23266,551188,524095
23267,551256,1370
23268,551257,1371
23269,551258,1372
23270,551271,16062
23271,551272,16063
23272,551273,16254
23273,551281,24836
23274,551282,24837
23275,551283,24891
23276,551284,24892
23277,551285,24893
23278,551286,24894
23279,551287,24895
23280,551389,133271
23281,551390,133272
23282,551391,133273
23283,551401,139634
23284,551402,139635
23285,551420,158795
23286,551421,158796
23287,551422,158797
23288,551534,281618
23289,551535,281619
23290,551585,323876
23291,551586,323877
23292,551587,323878
23293,551590,331302
23294,551605,343949
23295,551606,343950
23296,551607,343951
23297,551632,366420
23298,551695,426135
23299,551696,426136
23300,551697,426137
23301,551698,426138
23302,551699,426139
23303,551705,433973
23304,551706,434086
23305,551707,434346
23306,551708,434899
23307,551709,434900
23308,551752,488386
23309,551753,488606
23310,551798,524077
23311,551799,524203
23312,551800,524204
23313,551801,524205
23314,551802,524206
23315,551898,12077
23316,551910,24889
23317,551911,24890
23318,552025,176128
23319,552026,176129
23320,552027,176130
23321,552031,183252
23322,552032,183253
23323,552061,211987
23324,552062,212293
23325,552063,212294
23326,552138,281616
23327,552139,281617
23328,552176,327822
23329,552213,369409
23330,552218,379544
23331,552219,379545
23332,552220,379546
23333,552222,384837
23334,552223,385010
23335,552224,385011
23336,552230,394577
23337,552231,394949
23338,552240,412871
23339,552241,412872
23340,552242,412907
23341,552258,434897
23342,552259,434898
23343,552273,463950
23344,552274,467015
23345,552392,11909
23346,552393,12075
23347,552394,12076
23348,552403,24888
23349,552528,176127
23350,552565,212292
23351,552601,281385
23352,552602,281386
23353,552603,281387
23354,552638,327820
23355,552639,327821
23356,552673,379541
23357,552674,379542
23358,552675,379543
23359,552679,385009
23360,552687,394640
23361,552688,394948
23362,552693,412870
23363,552713,434085
23364,552714,434892
23365,552715,434893
23366,552716,434894
23367,552717,434895
23368,552718,434896
23369,552731,463470
23370,552732,463947
23371,552733,463948
23372,552734,463949
23373,552735,467013
23374,552736,467014
23375,552835,11908
23376,552836,12074
23377,552842,24835
23378,552843,24887
23379,552961,176125
23380,552962,176126
23381,552986,212290
23382,552987,212291
23383,553040,281614
23384,553041,281615
23385,553074,327819
23386,553117,369407
23387,553118,369408
23388,553123,379229
23389,553124,379539
23390,553125,379540
23391,553131,394944
23392,553132,394945
23393,553133,394946
23394,553134,394947
23395,553146,412865
23396,553147,412869
23397,553166,434345
23398,553167,434886
23399,553168,434887
23400,553169,434888
23401,553170,434889
23402,553171,434890
23403,553172,434891
23404,553191,463946
23405,553193,467007
23406,553194,467008
23407,553195,467009
23408,553196,467010
23409,553197,467011
23410,553198,467012
23411,553306,12071
23412,553307,12072
23413,553308,12073
23414,553316,24834
23415,553317,24886
23416,553427,183251
23417,553448,212289
23418,553493,281384
23419,553494,281612
23420,553495,281613
23421,553526,327668
23422,553552,369060
23423,553561,379535
23424,553562,379536
23425,553563,379537
23426,553564,379538
23427,553568,385008
23428,553574,394639
23429,553606,433971
23430,553607,433972
23431,553608,434343
23432,553609,434344
23433,553610,434884
23434,553611,434885
23435,553629,463469
23436,553631,467005
23437,553632,467006
23438,553757,12070
23439,553768,24833
23440,553769,24884
23441,553770,24885
23442,553897,176123
23443,553898,176124
23444,553905,183250
23445,553928,212288
23446,553988,281381
23447,553989,281382
23448,553990,281383
23449,553991,281608
23450,553992,281609
23451,553993,281610
23452,553994,281611
23453,554031,327818
23454,554063,369059
23455,554064,369149
23456,554065,369150
23457,554066,369406
23458,554068,379087
23459,554069,379532
23460,554070,379533
23461,554071,379534
23462,554075,385006
23463,554076,385007
23464,554083,394575
23465,554084,394576
23466,554098,412863
23467,554099,412864
23468,554100,412868
23469,554101,412906
23470,554111,434878
23471,554112,434879
23472,554113,434880
23473,554114,434881
23474,554115,434882
23475,554116,434883
23476,554138,463314
23477,554139,463945
23478,554140,467003
23479,554141,467004
23480,554191,542538
23481,554192,542539
23482,554193,542540
23483,554194,542547
23484,554195,542548
23485,554196,542549
23486,554197,542550
23487,554198,542551
23488,554199,542552
23489,554200,542553
23490,554201,542554
23491,554202,542555
23492,554203,542556
23493,554204,542557
23494,554205,542558
23495,554206,542559
23496,554207,542560
23497,554208,542561
23498,554209,542579
23499,554273,12069
23500,554430,176121
23501,554431,176122
23502,554438,183102
23503,554439,183249
23504,554463,212287
23505,554514,281380
23506,554515,281605
23507,554516,281606
23508,554517,281607
23509,554563,327817
23510,554604,369148
23511,554611,379531
23512,554619,394943
23513,554637,412867
23514,554638,412905
23515,554651,434877
23516,554671,463943
23517,554672,463944
23518,554673,467001
23519,554674,467002
23520,554804,11871
23521,554805,12067
23522,554806,12068
23523,554970,175942
23524,554977,183100
23525,554978,183101
23526,554979,183245
23527,554980,183246
23528,554981,183247
23529,554982,183248
23530,555014,212286
23531,555079,281330
23532,555122,327667
23533,555123,327815
23534,555124,327816
23535,555164,369147
23536,555173,379228
23537,555174,379530
23538,555179,385003
23539,555180,385004
23540,555181,385005
23541,555225,434342
23542,555226,434874
23543,555227,434875
23544,555228,434876
23545,555251,463402
23546,555252,463942
23547,555253,466999
23548,555254,467000
23549,555421,16246
23550,555519,146860
23551,555520,146861
23552,555521,146862
23553,555525,149028
23554,555556,187163
23555,555557,187164
23556,555558,188041
23557,555560,192163
23558,555561,192164
23559,555562,192165
23560,555638,263461
23561,555639,263462
23562,555640,263463
23563,555690,317556
23564,555691,317660
23565,555751,404683
23566,555766,423718
23567,555767,423808
23568,555768,423809
23569,555793,451456
23570,555794,451457
23571,555795,451458
23572,555796,451459
23573,555800,463573
23574,555809,474293
23575,555810,474369
23576,555811,474370
23577,555914,580556
23578,555915,580557
23579,555948,16245
23580,556040,146858
23581,556041,146859
23582,556068,187161
23583,556069,187162
23584,556070,188499
23585,556124,263459
23586,556125,263460
23587,556170,317658
23588,556171,317659
23589,556190,366409
23590,556210,404528
23591,556211,404682
23592,556224,423806
23593,556225,423807
23594,556248,450991
23595,556249,451150
23596,556250,451455
23597,556259,463401
23598,556260,463940
23599,556261,463941
23600,556269,474366
23601,556270,474367
23602,556271,474368
23603,556293,498618
23604,556294,498619
23605,556353,580358
23606,556354,580555
23607,556381,16244
23608,556471,146857
23609,556472,149167
23610,556473,149168
23611,556499,192161
23612,556500,192162
23613,556556,263271
23614,556557,263458
23615,556585,301463
23616,556586,301576
23617,556587,301577
23618,556588,301578
23619,556589,301579
23620,556590,301580
23621,556601,317657
23622,556642,366408
23623,556670,404681
23624,556711,451453
23625,556712,451454
23626,556722,463572
23627,556730,474260
23628,556748,498508
23629,556749,498616
23630,556750,498617
23631,556804,580553
23632,556805,580554
23633,556932,149165
23634,556933,149166
23635,556968,188494
23636,556969,188495
23637,556970,188496
23638,556971,188497
23639,556972,188498
23640,557055,301462
23641,557056,301573
23642,557057,301574
23643,557058,301575
23644,557072,317656
23645,557123,366407
23646,557164,404680
23647,557172,423805
23648,557189,450855
23649,557190,451450
23650,557191,451451
23651,557192,451452
23652,557198,463939
23653,557216,498615
23654,557272,580550
23655,557273,580551
23656,557274,580552
23657,557306,16242
23658,557307,16243
23659,557420,149164
23660,557445,187160
23661,557446,187771
23662,557447,192159
23663,557448,192160
23664,557497,263454
23665,557498,263455
23666,557499,263456
23667,557500,263457
23668,557525,301572
23669,557574,366405
23670,557575,366406
23671,557602,404677
23672,557603,404678
23673,557604,404679
23674,557618,423804
23675,557645,450854
23676,557646,451449
23677,557651,463938
23678,557679,498613
23679,557680,498614
23680,557744,580549
23681,557774,16238
23682,557775,16239
23683,557776,16240
23684,557777,16241
23685,557908,146854
23686,557909,146855
23687,557910,146856
23688,557912,149162
23689,557913,149163
23690,557948,187157
23691,557949,187158
23692,557950,187159
23693,557951,188040
23694,557952,188493
23695,557957,192157
23696,557958,192158
23697,558029,263451
23698,558030,263452
23699,558031,263453
23700,558066,301467
23701,558067,301571
23702,558083,317555
23703,558084,317654
23704,558085,317655
23705,558145,366402
23706,558146,366403
23707,558147,366404
23708,558183,404547
23709,558184,404673
23710,558185,404674
23711,558186,404675
23712,558187,404676
23713,558209,423803
23714,558234,451149
23715,558235,451448
23716,558244,463937
23717,558276,498612
23718,558350,580548
23719,558383,16237
23720,558497,146850
23721,558498,146851
23722,558499,146852
23723,558500,146853
23724,558501,149160
23725,558502,149161
23726,558534,187155
23727,558535,187156
23728,558536,192156
23729,558592,263448
23730,558593,263449
23731,558594,263450
23732,558634,301569
23733,558635,301570
23734,558657,317653
23735,558704,366400
23736,558705,366401
23737,558753,423713
23738,558754,423800
23739,558755,423801
23740,558756,423802
23741,558784,451446
23742,558785,451447
23743,558794,463934
23744,558795,463935
23745,558796,463936
23746,558804,474362
23747,558805,474363
23748,558806,474364
23749,558807,474365
23750,558829,498609
23751,558830,498610
23752,558831,498611
23753,558904,580377
23754,558926,769
23755,558927,1352
23756,559079,208912
23757,559080,208913
23758,559081,208914
23759,559082,208915
23760,559087,212278
23761,559114,243846
23762,559130,262089
23763,559131,262090
23764,559132,262091
23765,559133,262092
23766,559134,262093
23767,559244,379227
23768,559245,379516
23769,559246,379517
23770,559247,379518
23771,559297,442152
23772,559309,451445
23773,559423,938
23774,559424,1351
23775,559553,158782
23776,559554,158783
23777,559573,188492
23778,559592,208908
23779,559593,208909
23780,559594,208910
23781,559595,208911
23782,559597,212058
23783,559598,212276
23784,559599,212277
23785,559626,243845
23786,559638,262088
23787,559683,315859
23788,559733,379512
23789,559734,379513
23790,559735,379514
23791,559736,379515
23792,559795,451442
23793,559796,451443
23794,559797,451444
23795,559920,1097
23796,559921,1188
23797,560044,158780
23798,560045,158781
23799,560062,188038
23800,560063,188039
23801,560064,188490
23802,560065,188491
23803,560081,212274
23804,560082,212275
23805,560101,243360
23806,560102,243844
23807,560204,379508
23808,560205,379509
23809,560206,379510
23810,560207,379511
23811,560247,442151
23812,560256,451438
23813,560257,451439
23814,560258,451440
23815,560259,451441
23816,560486,158598
23817,560487,158778
23818,560488,158779
23819,560508,188037
23820,560509,188487
23821,560510,188488
23822,560511,188489
23823,560523,208906
23824,560524,208907
23825,560552,243842
23826,560553,243843
23827,560562,262087
23828,560606,315857
23829,560607,315858
23830,560664,379505
23831,560665,379506
23832,560666,379507
23833,560710,442150
23834,560716,451437
23835,560834,1096
23836,560942,158775
23837,560943,158776
23838,560944,158777
23839,560973,188486
23840,560988,208855
23841,560989,208905
23842,560995,212272
23843,560996,212273
23844,561018,243841
23845,561029,262086
23846,561085,315855
23847,561086,315856
23848,561136,379226
23849,561137,379504
23850,561192,442011
23851,561193,442081
23852,561194,442147
23853,561195,442148
23854,561196,442149
23855,561483,158774
23856,561508,188485
23857,561529,212271
23858,561561,243545
23859,561562,243837
23860,561563,243838
23861,561564,243839
23862,561565,243840
23863,561571,262085
23864,561623,315853
23865,561624,315854
23866,561735,442146
23867,561748,451435
23868,561749,451436
23869,561880,765
23870,561881,766
23871,561882,767
23872,561883,768
23873,562057,208904
23874,562062,212270
23875,562089,243433
23876,562090,243836
23877,562105,262082
23878,562106,262083
23879,562107,262084
23880,562171,315792
23881,562172,315851
23882,562173,315852
23883,562226,379502
23884,562227,379503
23885,562281,442145
23886,562512,82765
23887,562513,82766
23888,562514,82767
23889,562582,139611
23890,562617,188483
23891,562618,188484
23892,562625,200764
23893,562666,243431
23894,562667,243432
23895,562668,243544
23896,562669,243835
23897,562731,303455
23898,562732,303559
23899,562829,393309
23900,562830,393310
23901,562831,393311
23902,562832,394905
23903,562833,394906
23904,562834,394907
23905,562835,394908
23906,562836,394909
23907,562881,433970
23908,562882,434079
23909,562883,434336
23910,562884,434833
23911,562885,434834
23912,562886,434835
23913,562916,466981
23914,562917,466982
23915,562955,501052
23916,562956,501053
23917,562957,501222
23918,562958,501223
23919,562959,501224
23920,563111,82764
23921,563152,139609
23922,563153,139610
23923,563182,188035
23924,563183,188036
23925,563184,188480
23926,563185,188481
23927,563186,188482
23928,563211,200763
23929,563220,208901
23930,563221,208902
23931,563222,208903
23932,563269,243430
23933,563270,243833
23934,563271,243834
23935,563400,393306
23936,563401,393307
23937,563402,393308
23938,563403,394903
23939,563404,394904
23940,563405,400445
23941,563406,400446
23942,563433,434826
23943,563434,434827
23944,563435,434828
23945,563436,434829
23946,563437,434830
23947,563438,434831
23948,563439,434832
23949,563456,460438
23950,563457,460439
23951,563460,466979
23952,563461,466980
23953,563488,501220
23954,563489,501221
23955,563635,82676
23956,563682,139608
23957,563716,188479
23958,563726,200761
23959,563727,200762
23960,563736,208900
23961,563803,303558
23962,563883,393158
23963,563884,393304
23964,563885,393305
23965,563886,394901
23966,563887,394902
23967,563889,400408
23968,563917,434078
23969,563918,434335
23970,563919,434820
23971,563920,434821
23972,563921,434822
23973,563922,434823
23974,563923,434824
23975,563924,434825
23976,563947,460435
23977,563948,460436
23978,563949,460437
23979,563954,466978
23980,563985,501219
23981,564170,139372
23982,564204,187673
23983,564205,187770
23984,564206,188033
23985,564207,188034
23986,564208,188476
23987,564209,188477
23988,564210,188478
23989,564219,200759
23990,564220,200760
23991,564225,208899
23992,564308,303557
23993,564374,394898
23994,564375,394899
23995,564376,394900
23996,564380,400444
23997,564412,434077
23998,564413,434815
23999,564414,434816
24000,564415,434817
24001,564416,434818
24002,564417,434819
24003,564422,460288
24004,564423,460434
24005,564451,501218
24006,564582,82763
24007,564625,139606
24008,564626,139607
24009,564669,187769
24010,564670,188032
24011,564671,188475
24012,564683,208852
24013,564684,208898
24014,564702,243429
24015,564703,243543
24016,564704,243832
24017,564833,393303
24018,564834,394896
24019,564835,394897
24020,564840,400443
24021,564868,434809
24022,564869,434810
24023,564870,434811
24024,564871,434812
24025,564872,434813
24026,564873,434814
24027,564891,466975
24028,564892,466976
24029,564893,466977
24030,565082,82761
24031,565083,82762
24032,565131,139604
24033,565132,139605
24034,565163,188030
24035,565164,188031
24036,565165,188474
24037,565181,200757
24038,565182,200758
24039,565268,303364
24040,565269,303453
24041,565270,303454
24042,565271,303555
24043,565272,303556
24044,565354,394893
24045,565355,394894
24046,565356,394895
24047,565360,400411
24048,565361,400440
24049,565362,400441
24050,565363,400442
24051,565399,433895
24052,565400,434800
24053,565401,434801
24054,565402,434802
24055,565403,434803
24056,565404,434804
24057,565405,434805
24058,565406,434806
24059,565407,434807
24060,565408,434808
24061,565431,460432
24062,565432,460433
24063,565469,501216
24064,565470,501217
24065,565648,82675
24066,565649,82760
24067,565715,139603
24068,565762,188029
24069,565772,200719
24070,565773,200756
24071,565783,208854
24072,565784,208894
24073,565785,208895
24074,565786,208896
24075,565787,208897
24076,565824,243830
24077,565825,243831
24078,565878,303452
24079,565994,393302
24080,565995,394891
24081,565996,394892
24082,565999,400439
24083,566034,434798
24084,566035,434799
24085,566055,460431
24086,566058,466972
24087,566059,466973
24088,566060,466974
24089,566092,501215
24090,566226,22750
24091,566227,22880
24092,566289,94488
24093,566290,94489
24094,566291,94490
24095,566326,133249
24096,566327,133250
24097,566339,158769
24098,566340,158770
24099,566341,158771
24100,566344,163761
24101,566345,163762
24102,566346,163763
24103,566460,311715
24104,566461,311716
24105,566483,343922
24106,566594,463923
24107,566645,512959
24108,566646,512960
24109,566731,1095
24110,566732,1341
24111,566743,22749
24112,566798,94487
24113,566836,133248
24114,566856,163759
24115,566857,163760
24116,566982,311713
24117,566983,311714
24118,567014,343745
24119,567015,343920
24120,567016,343921
24121,567170,512819
24122,567171,512956
24123,567172,512957
24124,567173,512958
24125,567250,600330
24126,567255,1019
24127,567256,1339
24128,567257,1340
24129,567276,22879
24130,567359,133247
24131,567383,158596
24132,567384,158768
24133,567388,163757
24134,567389,163758
24135,567506,311640
24136,567507,311711
24137,567508,311712
24138,567532,343720
24139,567533,343916
24140,567534,343917
24141,567535,343918
24142,567536,343919
24143,567645,463312
24144,567646,463920
24145,567647,463921
24146,567648,463922
24147,567693,512818
24148,567694,512954
24149,567695,512955
24150,567757,600435
24151,567758,600436
24152,567769,761
24153,567778,22878
24154,567860,132978
24155,567861,133246
24156,567881,158766
24157,567882,158767
24158,567887,163754
24159,567888,163755
24160,567889,163756
24161,567991,311710
24162,568019,343913
24163,568020,343914
24164,568021,343915
24165,568156,512952
24166,568157,512953
24167,568222,600432
24168,568223,600433
24169,568224,600434
24170,568248,22411
24171,568249,22412
24172,568250,22876
24173,568251,22877
24174,568332,133245
24175,568355,158764
24176,568356,158765
24177,568508,343911
24178,568509,343912
24179,568634,512950
24180,568635,512951
24181,568697,600430
24182,568698,600431
24183,568703,1018
24184,568704,1094
24185,568718,22874
24186,568719,22875
24187,568790,94425
24188,568791,94483
24189,568792,94484
24190,568793,94485
24191,568794,94486
24192,568819,133244
24193,568843,158763
24194,568848,163753
24195,569003,311708
24196,569004,311709
24197,569136,463400
24198,569137,463698
24199,569173,512948
24200,569174,512949
24201,569260,600428
24202,569261,600429
24203,569268,1336
24204,569269,1337
24205,569270,1338
24206,569286,22410
24207,569349,94482
24208,569396,133238
24209,569397,133239
24210,569398,133240
24211,569399,133241
24212,569400,133242
24213,569401,133243
24214,569424,158761
24215,569425,158762
24216,569431,163750
24217,569432,163751
24218,569433,163752
24219,569586,311706
24220,569587,311707
24221,569616,343905
24222,569617,343906
24223,569618,343907
24224,569619,343908
24225,569620,343909
24226,569621,343910
24227,569749,463915
24228,569750,463916
24229,569751,463917
24230,569752,463918
24231,569753,463919
24232,569814,512946
24233,569815,512947
24234,569903,600427
24235,569909,1017
24236,569910,1335
24237,570126,212254
24238,570127,212255
24239,570128,212256
24240,570234,328873
24241,570235,328874
24242,570236,328875
24243,570237,328876
24244,570238,328877
24245,570253,343904
24246,570278,379161
24247,570279,379463
24248,570280,379464
24249,570319,425994
24250,570320,426104
24251,570321,426105
24252,570322,426106
24253,570349,451411
24254,570350,451412
24255,570351,451413
24256,570370,476783
24257,570475,1334
24258,570657,212252
24259,570658,212253
24260,570754,328868
24261,570755,328869
24262,570756,328870
24263,570757,328871
24264,570758,328872
24265,570771,343903
24266,570805,374063
24267,570806,374808
24268,570808,379461
24269,570809,379462
24270,570847,425993
24271,570848,426102
24272,570849,426103
24273,570871,450793
24274,571004,760
24275,571005,1093
24276,571006,1332
24277,571007,1333
24278,571151,212057
24279,571152,212251
24280,571235,328867
24281,571252,343900
24282,571253,343901
24283,571254,343902
24284,571271,374396
24285,571347,451410
24286,571364,476400
24287,571365,476618
24288,571366,476781
24289,571367,476782
24290,571482,1331
24291,571661,343898
24292,571662,343899
24293,571682,374154
24294,571683,379456
24295,571684,379457
24296,571685,379458
24297,571686,379459
24298,571687,379460
24299,571732,450906
24300,571733,450990
24301,571734,451409
24302,571748,476617
24303,571749,476779
24304,571750,476780
24305,572034,328866
24306,572068,374807
24307,572069,379455
24308,572102,425992
24309,572103,426101
24310,572125,451408
24311,572138,476777
24312,572139,476778
24313,572218,1329
24314,572219,1330
24315,572410,211985
24316,572411,212249
24317,572412,212250
24318,572503,328865
24319,572513,343893
24320,572514,343894
24321,572515,343895
24322,572516,343896
24323,572517,343897
24324,572550,374803
24325,572551,374804
24326,572552,374805
24327,572553,374806
24328,572554,379453
24329,572555,379454
24330,572604,426099
24331,572605,426100
24332,572627,451407
24333,573085,328862
24334,573086,328863
24335,573087,328864
24336,573100,343891
24337,573101,343892
24338,573127,374062
24339,573128,379450
24340,573129,379451
24341,573130,379452
24342,573171,426098
24343,573194,451406
24344,573212,476776
24345,573345,20345
24346,573410,89399
24347,573411,89400
24348,573412,89401
24349,573466,148658
24350,573467,148659
24351,573468,149024
24352,573469,149128
24353,573470,149129
24354,573479,163743
24355,573480,163744
24356,573503,188438
24357,573504,188439
24358,573505,188440
24359,573506,188441
24360,573524,203792
24361,573553,233615
24362,573554,233616
24363,573621,301544
24364,573677,374801
24365,573678,374802
24366,573679,379447
24367,573680,379448
24368,573681,379449
24369,573728,434326
24370,573729,434737
24371,573730,434738
24372,573740,463906
24373,573741,463907
24374,573742,463908
24375,573745,468007
24376,573746,468111
24377,573766,493926
24378,573798,524170
24379,573864,11905
24380,573865,12023
24381,573872,20344
24382,573908,89397
24383,573909,89398
24384,573955,148655
24385,573956,148656
24386,573957,148657
24387,573958,149127
24388,573969,163741
24389,573970,163742
24390,573985,187765
24391,573994,203791
24392,574018,233476
24393,574019,233477
24394,574069,301541
24395,574070,301542
24396,574071,301543
24397,574119,362583
24398,574120,362584
24399,574128,374023
24400,574130,379445
24401,574131,379446
24402,574176,434732
24403,574177,434733
24404,574178,434734
24405,574179,434735
24406,574180,434736
24407,574190,463905
24408,574206,491220
24409,574207,491221
24410,574208,491222
24411,574229,524168
24412,574230,524169
24413,574307,600415
24414,574308,600416
24415,574309,600417
24416,574320,12021
24417,574321,12022
24418,574323,20177
24419,574324,20343
24420,574414,148654
24421,574442,187671
24422,574443,188013
24423,574444,188436
24424,574445,188437
24425,574460,203590
24426,574461,203788
24427,574462,203789
24428,574463,203790
24429,574476,233614
24430,574526,301539
24431,574527,301540
24432,574536,312944
24433,574583,362582
24434,574588,374800
24435,574589,379444
24436,574625,434728
24437,574626,434729
24438,574627,434730
24439,574628,434731
24440,574649,463904
24441,574651,468107
24442,574652,468108
24443,574653,468109
24444,574654,468110
24445,574681,493923
24446,574682,493924
24447,574683,493925
24448,574763,600329
24449,574764,600410
24450,574765,600411
24451,574766,600412
24452,574767,600413
24453,574768,600414
24454,574778,12018
24455,574779,12019
24456,574780,12020
24457,574783,20341
24458,574784,20342
24459,574833,89394
24460,574834,89395
24461,574835,89396
24462,574871,148653
24463,574872,149023
24464,574873,149124
24465,574874,149125
24466,574875,149126
24467,574883,163738
24468,574884,163739
24469,574885,163740
24470,574905,187764
24471,574906,188012
24472,574917,203480
24473,574918,203481
24474,574919,203482
24475,574920,203588
24476,574921,203589
24477,574922,203784
24478,574923,203785
24479,574924,203786
24480,574925,203787
24481,574953,233613
24482,575013,301538
24483,575021,312942
24484,575022,312943
24485,575071,362432
24486,575072,362580
24487,575073,362581
24488,575085,374799
24489,575086,379442
24490,575087,379443
24491,575123,434724
24492,575124,434725
24493,575125,434726
24494,575126,434727
24495,575147,463311
24496,575148,463903
24497,575150,468106
24498,575168,493921
24499,575169,493922
24500,575199,524167
24501,575246,600409
24502,575258,12015
24503,575259,12016
24504,575260,12017
24505,575265,20339
24506,575266,20340
24507,575317,89392
24508,575318,89393
24509,575366,148652
24510,575367,148999
24511,575368,149022
24512,575369,149122
24513,575370,149123
24514,575404,187762
24515,575405,187763
24516,575406,188007
24517,575407,188008
24518,575408,188009
24519,575409,188010
24520,575410,188011
24521,575411,188433
24522,575412,188434
24523,575413,188435
24524,575425,203302
24525,575426,203479
24526,575427,203587
24527,575428,203780
24528,575429,203781
24529,575430,203782
24530,575431,203783
24531,575463,233612
24532,575517,301537
24533,575522,312808
24534,575568,374061
24535,575569,374798
24536,575570,379437
24537,575571,379438
24538,575572,379439
24539,575573,379440
24540,575574,379441
24541,575626,434723
24542,575644,463468
24543,575646,468105
24544,575666,491219
24545,575667,493918
24546,575668,493919
24547,575669,493920
24548,575691,524166
24549,575755,600408
24550,575768,11856
24551,575769,12014
24552,575772,20338
24553,575830,89176
24554,575831,89390
24555,575832,89391
24556,575904,148650
24557,575905,148651
24558,575906,149021
24559,575907,149120
24560,575908,149121
24561,575919,163733
24562,575920,163734
24563,575921,163735
24564,575922,163736
24565,575923,163737
24566,575946,188006
24567,575961,203387
24568,575962,203586
24569,575963,203776
24570,575964,203777
24571,575965,203778
24572,575966,203779
24573,575996,233610
24574,575997,233611
24575,576072,312938
24576,576073,312939
24577,576074,312940
24578,576075,312941
24579,576139,362577
24580,576140,362578
24581,576141,362579
24582,576153,374796
24583,576154,374797
24584,576155,379435
24585,576156,379436
24586,576224,463902
24587,576225,468104
24588,576244,491216
24589,576245,491217
24590,576246,491218
24591,576250,493666
24592,576251,493774
24593,576278,524164
24594,576279,524165
24595,576371,12012
24596,576372,12013
24597,576380,20176
24598,576381,20228
24599,576382,20337
24600,576466,89388
24601,576467,89389
24602,576534,148649
24603,576535,149020
24604,576536,149119
24605,576554,163732
24606,576576,187761
24607,576577,188005
24608,576578,188432
24609,576601,203585
24610,576602,203772
24611,576603,203773
24612,576604,203774
24613,576605,203775
24614,576634,233526
24615,576635,233609
24616,576717,301466
24617,576718,301536
24618,576730,312935
24619,576731,312936
24620,576732,312937
24621,576791,362576
24622,576807,374793
24623,576808,374794
24624,576809,374795
24625,576811,379430
24626,576812,379431
24627,576813,379432
24628,576814,379433
24629,576815,379434
24630,576897,463901
24631,576899,468102
24632,576900,468103
24633,576925,491213
24634,576926,491214
24635,576927,491215
24636,576930,493916
24637,576931,493917
24638,576976,524160
24639,576977,524161
24640,576978,524162
24641,576979,524163
24642,577056,600406
24643,577057,600407
24644,577134,62329
24645,577206,132893
24646,577207,132894
24647,577280,203584
24648,577281,203765
24649,577282,203766
24650,577283,203767
24651,577284,203768
24652,577285,203769
24653,577286,203770
24654,577287,203771
24655,577296,212237
24656,577297,212238
24657,577346,262058
24658,577347,262059
24659,577348,262060
24660,577349,262061
24661,577354,270610
24662,577355,270611
24663,577382,301534
24664,577383,301535
24665,577452,366367
24666,577453,366368
24667,577477,394635
24668,577478,394842
24669,577479,394843
24670,577480,394844
24671,577481,394845
24672,577482,394846
24673,577507,417732
24674,577519,423783
24675,577520,423784
24676,577553,466928
24677,577554,466929
24678,577555,466930
24679,577589,500997
24680,577590,501195
24681,577728,38123
24682,577752,62397
24683,577891,203301
24684,577892,203385
24685,577893,203386
24686,577894,203478
24687,577895,203583
24688,577896,203763
24689,577897,203764
24690,577900,212232
24691,577901,212233
24692,577902,212234
24693,577903,212235
24694,577904,212236
24695,577946,270608
24696,577947,270609
24697,577971,301533
24698,578037,366365
24699,578038,366366
24700,578055,394570
24701,578078,417730
24702,578079,417731
24703,578080,417748
24704,578084,423782
24705,578105,450989
24706,578106,451398
24707,578107,451399
24708,578114,466925
24709,578115,466926
24710,578116,466927
24711,578152,501194
24712,578261,38119
24713,578262,38120
24714,578263,38121
24715,578264,38122
24716,578279,62328
24717,578280,62395
24718,578281,62396
24719,578352,132890
24720,578353,132891
24721,578354,132892
24722,578427,203384
24723,578428,203582
24724,578429,203760
24725,578430,203761
24726,578431,203762
24727,578435,212229
24728,578436,212230
24729,578437,212231
24730,578475,262056
24731,578476,262057
24732,578491,270607
24733,578515,301532
24734,578572,366363
24735,578573,366364
24736,578601,394841
24737,578625,423781
24738,578647,451396
24739,578648,451397
24740,578803,38116
24741,578804,38117
24742,578805,38118
24743,578820,62290
24744,578868,132889
24745,578920,203382
24746,578921,203383
24747,578922,203581
24748,578923,203754
24749,578924,203755
24750,578925,203756
24751,578926,203757
24752,578927,203758
24753,578928,203759
24754,578930,212228
24755,578966,262055
24756,578971,270579
24757,578972,270605
24758,578973,270606
24759,579003,301531
24760,579056,366360
24761,579057,366361
24762,579058,366362
24763,579072,394840
24764,579094,417715
24765,579095,417729
24766,579102,423777
24767,579103,423778
24768,579104,423779
24769,579105,423780
24770,579114,451395
24771,579122,466924
24772,579142,501192
24773,579143,501193
24774,579261,62394
24775,579312,132875
24776,579313,132888
24777,579368,203381
24778,579369,203752
24779,579370,203753
24780,579376,212227
24781,579420,270604
24782,579447,301529
24783,579448,301530
24784,579505,366359
24785,579523,394838
24786,579524,394839
24787,579542,417714
24788,579543,417728
24789,579549,423776
24790,579567,450988
24791,579568,451393
24792,579569,451394
24793,579573,466921
24794,579574,466922
24795,579575,466923
24796,579597,501190
24797,579598,501191
24798,579687,38114
24799,579688,38115
24800,579710,62392
24801,579711,62393
24802,579830,203477
24803,579831,203580
24804,579832,203747
24805,579833,203748
24806,579834,203749
24807,579835,203750
24808,579836,203751
24809,579846,212056
24810,579847,212223
24811,579848,212224
24812,579849,212225
24813,579850,212226
24814,579891,262054
24815,579896,270603
24816,580000,366226
24817,580001,366357
24818,580002,366358
24819,580026,394834
24820,580027,394835
24821,580028,394836
24822,580029,394837
24823,580059,423775
24824,580080,466918
24825,580081,466919
24826,580082,466920
24827,580118,501189
24828,580283,62391
24829,580363,132886
24830,580364,132887
24831,580446,203380
24832,580447,203744
24833,580448,203745
24834,580449,203746
24835,580457,212221
24836,580458,212222
24837,580502,262052
24838,580503,262053
24839,580507,270601
24840,580508,270602
24841,580545,301525
24842,580546,301526
24843,580547,301527
24844,580548,301528
24845,580626,366356
24846,580643,394830
24847,580644,394831
24848,580645,394832
24849,580646,394833
24850,580682,417695
24851,580683,417747
24852,580726,451391
24853,580727,451392
24854,580742,466917
24855,580778,501187
24856,580779,501188
24857,580911,16189
24858,580912,16190
24859,580913,16191
24860,580914,16192
24861,580915,16193
24862,580979,88394
24863,580980,88395
24864,581033,139572
24865,581034,139573
24866,581035,139574
24867,581041,146799
24868,581042,146800
24869,581063,176094
24870,581097,203348
24871,581098,203378
24872,581099,203379
24873,581100,203475
24874,581101,203476
24875,581102,203576
24876,581103,203577
24877,581104,203578
24878,581105,203579
24879,581106,203742
24880,581107,203743
24881,581207,300002
24882,581223,308074
24883,581297,394828
24884,581298,394829
24885,581330,423774
24886,581351,451388
24887,581352,451389
24888,581353,451390
24889,581423,524148
24890,581424,524149
24891,581425,524150
24892,581508,16188
24893,581575,88364
24894,581612,139570
24895,581613,139571
24896,581615,146696
24897,581616,146797
24898,581617,146798
24899,581645,176091
24900,581646,176092
24901,581647,176093
24902,581672,203473
24903,581673,203474
24904,581674,203574
24905,581675,203575
24906,581676,203741
24907,581760,299974
24908,581761,299975
24909,581762,300001
24910,581772,308132
24911,581773,308133
24912,581834,394826
24913,581835,394827
24914,581853,423771
24915,581854,423772
24916,581855,423773
24917,581873,451385
24918,581874,451386
24919,581875,451387
24920,582007,16009
24921,582058,88392
24922,582059,88393
24923,582100,139568
24924,582101,139569
24925,582151,203377
24926,582152,203571
24927,582153,203572
24928,582154,203573
24929,582155,203740
24930,582235,299972
24931,582236,299973
24932,582237,300000
24933,582313,394633
24934,582314,394634
24935,582315,394823
24936,582316,394824
24937,582317,394825
24938,582347,423770
24939,582361,451384
24940,582420,524145
24941,582421,524146
24942,582422,524147
24943,582546,88390
24944,582547,88391
24945,582575,139371
24946,582580,146796
24947,582608,203376
24948,582609,203569
24949,582610,203570
24950,582611,203739
24951,582671,299965
24952,582672,299966
24953,582673,299999
24954,582734,394822
24955,582757,451383
24956,582807,524144
24957,582871,16186
24958,582872,16187
24959,582915,88362
24960,582916,88363
24961,582971,139567
24962,582976,146795
24963,583005,176000
24964,583006,176090
24965,583028,203300
24966,583029,203347
24967,583030,203472
24968,583031,203567
24969,583032,203568
24970,583118,308031
24971,583119,308131
24972,583182,394569
24973,583207,423766
24974,583208,423767
24975,583209,423768
24976,583210,423769
24977,583277,524143
24978,583361,16183
24979,583362,16184
24980,583363,16185
24981,583448,139565
24982,583449,139566
24983,583452,146794
24984,583477,175939
24985,583478,176089
24986,583503,203566
24987,583504,203737
24988,583505,203738
24989,583602,308038
24990,583603,308127
24991,583604,308128
24992,583605,308129
24993,583606,308130
24994,583690,394818
24995,583691,394819
24996,583692,394820
24997,583693,394821
24998,583735,451381
24999,583736,451382
25000,583795,524142
25001,583878,16182
25002,583941,88389
25003,583988,139563
25004,583989,139564
25005,583993,146792
25006,583994,146793
25007,584021,176087
25008,584022,176088
25009,584043,203346
25010,584044,203565
25011,584045,203736
25012,584141,299997
25013,584142,299998
25014,584229,394815
25015,584230,394816
25016,584231,394817
25017,584260,423765
25018,584299,450792
25019,584300,451379
25020,584301,451380
25021,584355,524061
25022,584460,38108
25023,584467,46988
25024,584498,82681
25025,584499,82733
25026,584500,82734
25027,584604,203345
25028,584605,203732
25029,584606,203733
25030,584607,203734
25031,584608,203735
25032,584658,267741
25033,584755,379395
25034,584756,379396
25035,584757,379397
25036,584766,394809
25037,584767,394810
25038,584768,394811
25039,584769,394812
25040,584770,394813
25041,584771,394814
25042,584953,46987
25043,584975,82732
25044,585008,130265
25045,585009,130266
25046,585058,203375
25047,585059,203470
25048,585060,203471
25049,585061,203563
25050,585062,203564
25051,585063,203729
25052,585064,203730
25053,585065,203731
25054,585120,267614
25055,585121,267615
25056,585208,379390
25057,585209,379391
25058,585210,379392
25059,585211,379393
25060,585212,379394
25061,585224,394545
25062,585225,394567
25063,585226,394568
25064,585227,394807
25065,585228,394808
25066,585404,38106
25067,585405,38107
25068,585410,46931
25069,585411,46950
25070,585412,46986
25071,585426,82731
25072,585466,130263
25073,585467,130264
25074,585516,203726
25075,585517,203727
25076,585518,203728
25077,585561,267613
25078,585562,267740
25079,585634,379388
25080,585635,379389
25081,585645,394806
25082,585784,38103
25083,585785,38104
25084,585786,38105
25085,585796,82729
25086,585797,82730
25087,585834,203469
25088,585835,203725
25089,585865,267739
25090,585897,379385
25091,585898,379386
25092,585899,379387
25093,585901,394805
25094,585995,46985
25095,586014,82727
25096,586015,82728
25097,586040,130261
25098,586041,130262
25099,586088,203468
25100,586089,203562
25101,586090,203719
25102,586091,203720
25103,586092,203721
25104,586093,203722
25105,586094,203723
25106,586095,203724
25107,586124,267645
25108,586125,267738
25109,586198,379384
25110,586406,82726
25111,586459,130258
25112,586460,130259
25113,586461,130260
25114,586522,203467
25115,586523,203713
25116,586524,203714
25117,586525,203715
25118,586526,203716
25119,586527,203717
25120,586528,203718
25121,586581,267737
25122,586698,379383
25123,586950,37997
25124,586951,38100
25125,586952,38101
25126,586953,38102
25127,586959,46947
25128,586960,46948
25129,586961,46949
25130,586962,46984
25131,586989,82725
25132,587036,130255
25133,587037,130256
25134,587038,130257
25135,587102,203561
25136,587103,203711
25137,587104,203712
25138,587165,267736
25139,587287,379382
25140,587297,394802
25141,587298,394803
25142,587299,394804
25143,587587,130254
25144,587602,146783
25145,587603,146784
25146,587692,267734
25147,587693,267735
25148,587761,351452
25149,587775,379160
25150,587776,379379
25151,587777,379380
25152,587778,379381
25153,587782,393271
25154,587783,393272
25155,587819,463309
25156,587820,463695
25157,587821,463696
25158,587825,468087
25159,587826,468088
25160,587845,493664
25161,587846,493665
25162,587847,493898
25163,587848,493899
25164,587893,554858
25165,587894,554859
25166,587895,555944
25167,587896,555945
25168,587897,555946
25169,588052,130251
25170,588053,130252
25171,588054,130253
25172,588170,267733
25173,588190,312414
25174,588191,312472
25175,588213,343844
25176,588214,343845
25177,588238,379375
25178,588239,379376
25179,588240,379377
25180,588241,379378
25181,588251,393150
25182,588252,393151
25183,588253,393270
25184,588307,468086
25185,588319,493897
25186,588365,554857
25187,588366,555943
25188,588478,130250
25189,588487,146780
25190,588488,146781
25191,588489,146782
25192,588568,267731
25193,588569,267732
25194,588605,312409
25195,588606,312410
25196,588607,312411
25197,588608,312412
25198,588609,312413
25199,588610,312468
25200,588611,312469
25201,588612,312470
25202,588613,312471
25203,588632,343842
25204,588633,343843
25205,588644,351450
25206,588645,351451
25207,588663,379371
25208,588664,379372
25209,588665,379373
25210,588666,379374
25211,588716,463885
25212,588717,463886
25213,588719,468006
25214,588720,468085
25215,588736,493896
25216,588779,554787
25217,588780,554856
25218,588781,555937
25219,588782,555938
25220,588783,555939
25221,588784,555940
25222,588785,555941
25223,588786,555942
25224,588917,146779
25225,589005,267612
25226,589006,267728
25227,589007,267729
25228,589008,267730
25229,589033,312408
25230,589034,312465
25231,589035,312466
25232,589036,312467
25233,589058,343840
25234,589059,343841
25235,589067,351337
25236,589068,351373
25237,589069,351449
25238,589135,463884
25239,589195,555935
25240,589196,555936
25241,589315,130248
25242,589316,130249
25243,589448,312404
25244,589449,312405
25245,589450,312406
25246,589451,312407
25247,589452,312460
25248,589453,312461
25249,589454,312462
25250,589455,312463
25251,589456,312464
25252,589482,343839
25253,589492,351448
25254,589508,379366
25255,589509,379367
25256,589510,379368
25257,589511,379369
25258,589512,379370
25259,589520,393268
25260,589521,393269
25261,589567,463569
25262,589568,463883
25263,589571,467954
25264,589588,493894
25265,589589,493895
25266,589640,554854
25267,589641,554855
25268,589642,555933
25269,589643,555934
25270,589808,130127
25271,589809,130247
25272,589829,146778
25273,590016,343700
25274,590017,343835
25275,590018,343836
25276,590019,343837
25277,590020,343838
25278,590025,351347
25279,590026,351446
25280,590027,351447
25281,590041,379365
25282,590057,393266
25283,590058,393267
25284,590125,463880
25285,590126,463881
25286,590127,463882
25287,590130,468005
25288,590131,468084
25289,590207,554853
25290,590208,555929
25291,590209,555930
25292,590210,555931
25293,590211,555932
25294,590365,130126
25295,590376,146773
25296,590377,146774
25297,590378,146775
25298,590379,146776
25299,590380,146777
25300,590501,267644
25301,590502,267726
25302,590503,267727
25303,590542,312459
25304,590564,343833
25305,590565,343834
25306,590589,379223
25307,590590,379364
25308,590602,393265
25309,590662,463879
25310,590664,468081
25311,590665,468082
25312,590666,468083
25313,590690,493891
25314,590691,493892
25315,590692,493893
25316,590754,554786
25317,590755,554852
25318,590756,555927
25319,590757,555928
25320,590932,130092
25321,590933,130245
25322,590934,130246
25323,590960,163709
25324,590983,187742
25325,590984,187743
25326,590985,187964
25327,590986,187965
25328,590987,188347
25329,590988,188348
25330,590989,188349
25331,590990,188350
25332,591106,338711
25333,591131,366338
25334,591137,379159
25335,591138,379360
25336,591139,379361
25337,591140,379362
25338,591141,379363
25339,591195,434667
25340,591196,434668
25341,591210,451372
25342,591211,451373
25343,591215,466879
25344,591216,466880
25345,591260,524130
25346,591289,555921
25347,591290,555922
25348,591291,555923
25349,591292,555924
25350,591293,555925
25351,591294,555926
25352,591298,559300
25353,591299,559485
25354,591300,559486
25355,591301,559487
25356,591302,560016
25357,591303,560017
25358,591304,560018
25359,591305,560019
25360,591306,560020
25361,591307,560021
25362,591341,600325
25363,591342,600326
25364,591343,600374
25365,591344,600375
25366,591464,130243
25367,591465,130244
25368,591487,163706
25369,591488,163707
25370,591489,163708
25371,591508,187737
25372,591509,187738
25373,591510,187739
25374,591511,187740
25375,591512,187741
25376,591513,187961
25377,591514,187962
25378,591515,187963
25379,591516,188345
25380,591517,188346
25381,591632,338708
25382,591633,338709
25383,591634,338710
25384,591657,366239
25385,591658,366337
25386,591665,379358
25387,591666,379359
25388,591723,434666
25389,591734,450905
25390,591735,451370
25391,591736,451371
25392,591741,463568
25393,591742,466876
25394,591743,466877
25395,591744,466878
25396,591782,524074
25397,591783,524126
25398,591784,524127
25399,591785,524128
25400,591786,524129
25401,591814,555917
25402,591815,555918
25403,591816,555919
25404,591817,555920
25405,591818,559297
25406,591819,559298
25407,591820,559299
25408,591821,560014
25409,591822,560015
25410,591954,130239
25411,591955,130240
25412,591956,130241
25413,591957,130242
25414,591978,163649
25415,591979,163705
25416,591999,187728
25417,592000,187729
25418,592001,187730
25419,592002,187731
25420,592003,187732
25421,592004,187733
25422,592005,187734
25423,592006,187735
25424,592007,187736
25425,592008,188343
25426,592009,188344
25427,592130,366332
25428,592131,366333
25429,592132,366334
25430,592133,366335
25431,592134,366336
25432,592181,434066
25433,592189,451368
25434,592190,451369
25435,592201,466875
25436,592249,524123
25437,592250,524124
25438,592251,524125
25439,592279,555911
25440,592280,555912
25441,592281,555913
25442,592282,555914
25443,592283,555915
25444,592284,555916
25445,592289,559293
25446,592290,559294
25447,592291,559295
25448,592292,559296
25449,592293,560009
25450,592294,560010
25451,592295,560011
25452,592296,560012
25453,592297,560013
25454,592298,566083
25455,592323,600324
25456,592398,130238
25457,592422,163704
25458,592438,187724
25459,592439,187725
25460,592440,187726
25461,592441,187727
25462,592442,187959
25463,592443,187960
25464,592444,188341
25465,592445,188342
25466,592553,338707
25467,592571,366331
25468,592580,379158
25469,592581,379357
25470,592614,434065
25471,592615,434322
25472,592616,434664
25473,592617,434665
25474,592628,451367
25475,592633,463877
25476,592634,463878
25477,592694,555909
25478,592695,555910
25479,592696,560007
25480,592697,560008
25481,592698,566085
25482,592713,600372
25483,592714,600373
25484,592827,130237
25485,592853,163654
25486,592854,163700
25487,592855,163701
25488,592856,163702
25489,592857,163703
25490,592866,187663
25491,592867,187723
25492,592868,187954
25493,592869,187955
25494,592870,187956
25495,592871,187957
25496,592872,187958
25497,592873,188338
25498,592874,188339
25499,592875,188340
25500,592994,338662
25501,592995,338706
25502,593020,366330
25503,593028,379351
25504,593029,379352
25505,593030,379353
25506,593031,379354
25507,593032,379355
25508,593033,379356
25509,593077,434064
25510,593078,434661
25511,593079,434662
25512,593080,434663
25513,593086,451366
25514,593090,463465
25515,593091,463567
25516,593092,463694
25517,593094,466871
25518,593095,466872
25519,593096,466873
25520,593097,466874
25521,593170,555907
25522,593171,555908
25523,593174,559291
25524,593175,559292
25525,593176,560003
25526,593177,560004
25527,593178,560005
25528,593179,560006
25529,593180,566091
25530,593181,566092
25531,593182,566093
25532,593183,566094
25533,593184,566095
25534,593185,566096
25535,593186,566097
25536,593217,600305
25537,593354,163698
25538,593355,163699
25539,593370,188335
25540,593371,188336
25541,593372,188337
25542,593504,338705
25543,593530,366329
25544,593534,379349
25545,593535,379350
25546,593572,434063
25547,593573,434660
25548,593580,451364
25549,593581,451365
25550,593584,463875
25551,593585,463876
25552,593586,466870
25553,593639,524122
25554,593668,555905
25555,593669,555906
25556,593671,559289
25557,593672,559290
25558,593673,560001
25559,593674,560002
25560,593675,566115
25561,593707,600371
25562,593843,130235
25563,593844,130236
25564,593901,187952
25565,593902,187953
25566,593903,188334
25567,594069,338703
25568,594070,338704
25569,594096,366328
25570,594109,379346
25571,594110,379347
25572,594111,379348
25573,594170,434657
25574,594171,434658
25575,594172,434659
25576,594189,463565
25577,594190,463566
25578,594191,463874
25579,594192,466866
25580,594193,466867
25581,594194,466868
25582,594195,466869
25583,594275,555903
25584,594276,555904
25585,594284,559287
25586,594285,559288
25587,594286,559484
25588,594287,559999
25589,594288,560000
25590,594321,600368
25591,594322,600369
25592,594323,600370
25593,594421,80121
25594,594422,80122
25595,594423,80123
25596,594424,80124
25597,594425,80141
25598,594426,80142
25599,594427,80143
25600,594546,203451
25601,594547,203452
25602,594548,203453
25603,594549,203454
25604,594550,203699
25605,594551,203700
25606,594552,203701
25607,594553,203702
25608,594559,212173
25609,594560,212174
25610,594582,239153
25611,594583,239220
25612,594584,239221
25613,594607,263381
25614,594608,263382
25615,594666,314615
25616,594667,314616
25617,594719,379341
25618,594720,379342
25619,594721,379343
25620,594722,379344
25621,594723,379345
25622,594726,384907
25623,594727,384908
25624,594728,384909
25625,594729,384910
25626,594792,463560
25627,594793,463561
25628,594794,463562
25629,594795,463563
25630,594796,463564
25631,594797,463873
25632,594811,476614
25633,594812,476749
25634,594871,555840
25635,594872,555900
25636,594873,555901
25637,594874,555902
25638,594956,89333
25639,594974,115526
25640,595041,203450
25641,595042,203695
25642,595043,203696
25643,595044,203697
25644,595045,203698
25645,595056,212171
25646,595057,212172
25647,595080,239152
25648,595081,239219
25649,595141,314610
25650,595142,314611
25651,595143,314612
25652,595144,314613
25653,595145,314614
25654,595188,379336
25655,595189,379337
25656,595190,379338
25657,595191,379339
25658,595192,379340
25659,595194,384906
25660,595250,463555
25661,595251,463556
25662,595252,463557
25663,595253,463558
25664,595254,463559
25665,595255,463871
25666,595256,463872
25667,595271,476485
25668,595272,476747
25669,595273,476748
25670,595325,555895
25671,595326,555896
25672,595327,555897
25673,595328,555898
25674,595329,555899
25675,595434,89331
25676,595435,89332
25677,595453,115524
25678,595454,115525
25679,595516,203449
25680,595517,203690
25681,595518,203691
25682,595519,203692
25683,595520,203693
25684,595521,203694
25685,595524,212170
25686,595553,263312
25687,595554,263378
25688,595555,263379
25689,595556,263380
25690,595658,379333
25691,595659,379334
25692,595660,379335
25693,595661,384904
25694,595662,384905
25695,595711,463554
25696,595712,463869
25697,595713,463870
25698,595731,476484
25699,595732,476745
25700,595733,476746
25701,595791,555889
25702,595792,555890
25703,595793,555891
25704,595794,555892
25705,595795,555893
25706,595796,555894
25707,595902,89328
25708,595903,89329
25709,595904,89330
25710,595923,115519
25711,595924,115520
25712,595925,115521
25713,595926,115522
25714,595927,115523
25715,595994,203444
25716,595995,203445
25717,595996,203446
25718,595997,203447
25719,595998,203448
25720,595999,203559
25721,596000,203689
25722,596027,239151
25723,596028,239216
25724,596029,239217
25725,596030,239218
25726,596049,263377
25727,596085,314609
25728,596132,379154
25729,596133,379155
25730,596134,379156
25731,596135,379157
25732,596136,379330
25733,596137,379331
25734,596138,379332
25735,596140,384903
25736,596196,463553
25737,596197,463866
25738,596198,463867
25739,596199,463868
25740,596215,476483
25741,596216,476742
25742,596217,476743
25743,596218,476744
25744,596275,555884
25745,596276,555885
25746,596277,555886
25747,596278,555887
25748,596279,555888
25749,596360,80119
25750,596361,80120
25751,596362,80137
25752,596363,80138
25753,596364,80139
25754,596365,80140
25755,596375,89327
25756,596465,203441
25757,596466,203442
25758,596467,203443
25759,596472,212166
25760,596473,212167
25761,596474,212168
25762,596475,212169
25763,596512,263374
25764,596513,263375
25765,596514,263376
25766,596604,379329
25767,596608,384902
25768,596662,463548
25769,596663,463549
25770,596664,463550
25771,596665,463551
25772,596666,463552
25773,596667,463863
25774,596668,463864
25775,596669,463865
25776,596678,476478
25777,596679,476479
25778,596680,476480
25779,596681,476481
25780,596682,476482
25781,596738,555882
25782,596739,555883
25783,596860,89325
25784,596861,89326
25785,596880,115404
25786,596881,115516
25787,596882,115517
25788,596883,115518
25789,596945,203440
25790,596946,203687
25791,596947,203688
25792,596981,239215
25793,597001,263373
25794,597050,314607
25795,597051,314608
25796,597104,379152
25797,597105,379153
25798,597106,379327
25799,597107,379328
25800,597111,384901
25801,597154,463546
25802,597155,463547
25803,597156,463862
25804,597168,476476
25805,597169,476477
25806,597170,476613
25807,597230,555879
25808,597231,555880
25809,597232,555881
25810,597344,89321
25811,597345,89322
25812,597346,89323
25813,597347,89324
25814,597377,115514
25815,597378,115515
25816,597453,203437
25817,597454,203438
25818,597455,203439
25819,597464,212165
25820,597664,379326
25821,597736,463397
25822,597737,463545
25823,597738,463860
25824,597739,463861
25825,597752,476741
25826,597850,555877
25827,597851,555878
25828,597980,89319
25829,597981,89320
25830,597986,95624
25831,598001,115402
25832,598002,115403
25833,598003,115510
25834,598004,115511
25835,598005,115512
25836,598006,115513
25837,598007,117698
25838,598008,117699
25839,598073,187711
25840,598074,187712
25841,598075,187713
25842,598076,187936
25843,598077,187937
25844,598078,188328
25845,598079,188329
25846,598105,211253
25847,598106,211254
25848,598107,211255
25849,598202,314605
25850,598203,314606
25851,598211,323793
25852,598212,323794
25853,598214,327774
25854,598259,374732
25855,598260,374733
25856,598261,374734
25857,598292,404593
25858,598293,404594
25859,598294,404595
25860,598295,404596
25861,598358,463543
25862,598359,463544
25863,598394,501151
25864,598457,568227
25865,598460,571491
25866,598506,16155
25867,598507,16156
25868,598508,16157
25869,598562,89316
25870,598563,89317
25871,598564,89318
25872,598569,95623
25873,598582,115399
25874,598583,115400
25875,598584,115401
25876,598585,115439
25877,598586,115505
25878,598587,115506
25879,598588,115507
25880,598589,115508
25881,598590,115509
25882,598593,117696
25883,598594,117697
25884,598651,187709
25885,598652,187710
25886,598653,187935
25887,598672,211249
25888,598673,211250
25889,598674,211251
25890,598675,211252
25891,598767,314603
25892,598768,314604
25893,598777,323789
25894,598778,323790
25895,598779,323791
25896,598780,323792
25897,598785,327773
25898,598786,328815
25899,598827,374727
25900,598828,374728
25901,598829,374729
25902,598830,374730
25903,598831,374731
25904,598855,404592
25905,598908,463542
25906,598953,501150
25907,599006,568226
25908,599008,571489
25909,599009,571490
25910,599051,16153
25911,599052,16154
25912,599103,89314
25913,599104,89315
25914,599118,115398
25915,599119,115502
25916,599120,115503
25917,599121,115504
25918,599124,117695
25919,599181,211248
25920,599247,327771
25921,599248,327772
25922,599273,374726
25923,599284,404536
25924,599285,404537
25925,599286,404538
25926,599287,404539
25927,599288,404540
25928,599289,404541
25929,599290,404542
25930,599291,404543
25931,599292,404584
25932,599293,404585
25933,599294,404586
25934,599295,404587
25935,599296,404588
25936,599297,404589
25937,599298,404590
25938,599299,404591
25939,599314,463859
25940,599334,501149
25941,599382,568224
25942,599383,568225
25943,599384,571487
25944,599385,571488
25945,599410,16152
25946,599446,89066
25947,599447,95620
25948,599448,95621
25949,599449,95622
25950,599462,115395
25951,599463,115396
25952,599464,115397
25953,599465,115499
25954,599466,115500
25955,599467,115501
25956,599503,187660
25957,599504,187708
25958,599505,188327
25959,599568,314600
25960,599569,314601
25961,599570,314602
25962,599572,323788
25963,599575,328813
25964,599576,328814
25965,599604,404535
25966,599605,404576
25967,599606,404577
25968,599607,404578
25969,599608,404579
25970,599609,404580
25971,599610,404581
25972,599611,404582
25973,599612,404583
25974,599629,463541
25975,599684,568222
25976,599685,568223
25977,599687,571486
25978,599706,16149
25979,599707,16150
25980,599708,16151
25981,599767,89311
25982,599768,89312
25983,599769,89313
25984,599772,95618
25985,599773,95619
25986,599785,115393
25987,599786,115394
25988,599787,115498
25989,599789,117693
25990,599790,117694
25991,599835,187706
25992,599836,187707
25993,599837,187932
25994,599838,187933
25995,599839,187934
25996,599935,314598
25997,599936,314599
25998,599943,323787
25999,599948,327769
26000,599949,327770
26001,599950,328812
26002,599993,374722
26003,599994,374723
26004,599995,374724
26005,599996,374725
26006,600025,404575
26007,600062,463857
26008,600063,463858
26009,600093,501147
26010,600094,501148
26011,600147,568147
26012,600148,568220
26013,600149,568221
26014,600151,571485
26015,600192,16148
26016,600256,89309
26017,600257,89310
26018,600258,95549
26019,600259,95617
26020,600279,115438
26021,600280,115496
26022,600281,115497
26023,600283,117690
26024,600284,117691
26025,600285,117692
26026,600343,187702
26027,600344,187703
26028,600345,187704
26029,600346,187705
26030,600347,187929
26031,600348,187930
26032,600349,187931
26033,600350,188326
26034,600374,211247
26035,600462,314596
26036,600463,314597
26037,600480,323785
26038,600481,323786
26039,600483,327767
26040,600484,327768
26041,600485,328783
26042,600486,328809
26043,600487,328810
26044,600488,328811
26045,600523,374720
26046,600524,374721
26047,600603,463308
26048,600604,463693
26049,600605,463851
26050,600606,463852
26051,600607,463853
26052,600608,463854
26053,600609,463855
26054,600610,463856
26055,600647,501142
26056,600648,501143
26057,600649,501144
26058,600650,501145
26059,600651,501146
26060,600702,568146
26061,600703,568167
26062,600704,568215
26063,600705,568216
26064,600706,568217
26065,600707,568218
26066,600708,568219
26067,600711,571484
26068,600772,16146
26069,600773,16147
26070,600866,89307
26071,600867,89308
26072,600872,95615
26073,600873,95616
26074,600901,115392
26075,600986,187659
26076,600987,187926
26077,600988,187927
26078,600989,187928
26079,600990,188324
26080,600991,188325
26081,601013,211244
26082,601014,211245
26083,601015,211246
26084,601139,314595
26085,601152,327765
26086,601153,327766
26087,601154,328807
26088,601155,328808
26089,601213,374717
26090,601214,374718
26091,601215,374719
26092,601246,404574
26093,601299,463692
26094,601300,463850
26095,601346,501139
26096,601347,501140
26097,601348,501141
26098,601427,571430
26099,601428,571481
26100,601429,571482
26101,601430,571483
26102,601467,1299
26103,601468,1300
26104,601474,8804
26105,601475,8805
26106,601487,20292
26107,601488,20293
26108,601489,20294
26109,601516,38064
26110,601611,113778
26111,601613,115390
26112,601614,115391
26113,601615,115495
26114,601639,133168
26115,601640,133169
26116,601641,133170
26117,601659,149068
26118,601660,149069
26119,601671,158709
26120,601672,158710
26121,601674,163678
26122,601689,174598
26123,601701,183166
26124,601702,183167
26125,601705,187658
26126,601706,187701
26127,601707,187923
26128,601708,187924
26129,601709,187925
26130,601710,188322
26131,601711,188323
26132,601714,192115
26133,601715,192116
26134,601745,212146
26135,601746,212147
26136,601747,212148
26137,601748,212149
26138,601749,212150
26139,601888,312899
26140,601945,366314
26141,601946,366315
26142,601947,366316
26143,601970,389020
26144,601971,389021
26145,602021,451347
26146,602067,488528
26147,602071,493863
26148,602072,493864
26149,602073,493865
26150,602074,493866
26151,602075,493867
26152,602092,506104
26153,602093,506105
26154,602094,506106
26155,602104,516154
26156,602108,519252
26157,602109,519253
26158,602121,525219
26159,602122,525220
26160,602137,542674
26161,602138,542675
26162,602151,559938
26163,602152,559939
26164,602153,559940
26165,602154,559941
26166,602155,559942
26167,602156,559943
26168,602157,559944
26169,602158,559945
26170,602159,559946
26171,602160,559947
26172,602161,559948
26173,602164,568214
26174,602167,571479
26175,602168,571480
26176,602196,600355
26177,602200,605701
26178,602206,1298
26179,602210,8803
26180,602222,20290
26181,602223,20291
26182,602243,38062
26183,602244,38063
26184,602300,95548
26185,602301,95614
26186,602315,113774
26187,602316,113775
26188,602317,113776
26189,602318,113777
26190,602321,115389
26191,602322,115494
26192,602353,133167
26193,602379,158704
26194,602380,158705
26195,602381,158706
26196,602382,158707
26197,602383,158708
26198,602386,163675
26199,602387,163676
26200,602388,163677
26201,602394,174595
26202,602395,174596
26203,602396,174597
26204,602404,183165
26205,602409,187920
26206,602410,187921
26207,602411,187922
26208,602412,188318
26209,602413,188319
26210,602414,188320
26211,602415,188321
26212,602418,192114
26213,602443,212144
26214,602444,212145
26215,602464,233579
26216,602465,233580
26217,602466,233581
26218,602567,312848
26219,602568,312896
26220,602569,312897
26221,602570,312898
26222,602636,389018
26223,602637,389019
26224,602697,432932
26225,602716,450984
26226,602717,451343
26227,602718,451344
26228,602719,451345
26229,602720,451346
26230,602756,479590
26231,602763,488525
26232,602764,488526
26233,602765,488527
26234,602770,493862
26235,602782,506050
26236,602783,506102
26237,602784,506103
26238,602792,516153
26239,602795,519249
26240,602796,519250
26241,602797,519251
26242,602800,525216
26243,602801,525217
26244,602802,525218
26245,602816,542672
26246,602817,542673
26247,602843,559475
26248,602844,559476
26249,602845,559477
26250,602846,559934
26251,602847,559935
26252,602848,559936
26253,602849,559937
26254,602853,568213
26255,602855,571476
26256,602856,571477
26257,602857,571478
26258,602890,600351
26259,602891,600352
26260,602892,600353
26261,602893,600354
26262,602897,605612
26263,602898,605700
26264,602901,1297
26265,602907,8788
26266,602912,20289
26267,602971,95612
26268,602972,95613
26269,602989,115387
26270,602990,115388
26271,602991,115493
26272,603011,133164
26273,603012,133165
26274,603013,133166
26275,603022,149064
26276,603023,149065
26277,603024,149066
26278,603025,149067
26279,603034,158703
26280,603038,163673
26281,603039,163674
26282,603050,174594
26283,603055,183163
26284,603056,183164
26285,603057,187914
26286,603058,187915
26287,603059,187916
26288,603060,187917
26289,603061,187918
26290,603062,187919
26291,603063,188316
26292,603064,188317
26293,603067,192112
26294,603068,192113
26295,603091,212141
26296,603092,212142
26297,603093,212143
26298,603109,233575
26299,603110,233576
26300,603111,233577
26301,603112,233578
26302,603221,366313
26303,603276,432930
26304,603277,432931
26305,603288,451340
26306,603289,451341
26307,603290,451342
26308,603308,479571
26309,603309,479572
26310,603310,479573
26311,603311,479574
26312,603312,479575
26313,603313,479586
26314,603314,479587
26315,603315,479588
26316,603316,479589
26317,603325,488523
26318,603326,488524
26319,603341,506048
26320,603342,506049
26321,603350,516152
26322,603354,519247
26323,603355,519248
26324,603360,525214
26325,603361,525215
26326,603373,542670
26327,603374,542671
26328,603392,559474
26329,603393,559930
26330,603394,559931
26331,603395,559932
26332,603396,559933
26333,603398,568212
26334,603402,571414
26335,603403,571475
26336,603437,1185
26337,603438,1296
26338,603445,8802
26339,603475,38058
26340,603476,38059
26341,603477,38060
26342,603478,38061
26343,603522,95547
26344,603539,113772
26345,603540,113773
26346,603541,115385
26347,603542,115386
26348,603543,115490
26349,603544,115491
26350,603545,115492
26351,603566,133163
26352,603583,149062
26353,603584,149063
26354,603596,163653
26355,603610,174593
26356,603615,183160
26357,603616,183161
26358,603617,183162
26359,603620,187699
26360,603621,187700
26361,603622,187913
26362,603623,188310
26363,603624,188311
26364,603625,188312
26365,603626,188313
26366,603627,188314
26367,603628,188315
26368,603630,192111
26369,603658,211945
26370,603659,212139
26371,603660,212140
26372,603740,312895
26373,603794,366218
26374,603795,366308
26375,603796,366309
26376,603797,366310
26377,603798,366311
26378,603799,366312
26379,603823,388926
26380,603824,389017
26381,603907,479585
26382,603917,493861
26383,603926,506045
26384,603927,506046
26385,603928,506047
26386,603943,516146
26387,603944,516147
26388,603945,516148
26389,603946,516149
26390,603947,516150
26391,603948,516151
26392,603951,519245
26393,603952,519246
26394,603963,525161
26395,603964,525162
26396,603965,525163
26397,603966,525172
26398,603967,525185
26399,603968,525210
26400,603969,525211
26401,603970,525212
26402,603971,525213
26403,603987,542669
26404,604011,559276
26405,604012,559277
26406,604013,559278
26407,604014,559279
26408,604015,559280
26409,604016,559472
26410,604017,559473
26411,604018,559925
26412,604019,559926
26413,604020,559927
26414,604021,559928
26415,604022,559929
26416,604026,568145
26417,604027,568209
26418,604028,568210
26419,604029,568211
26420,604049,600349
26421,604050,600350
26422,604060,1295
26423,604069,8800
26424,604070,8801
26425,604083,20287
26426,604084,20288
26427,604112,38055
26428,604113,38056
26429,604114,38057
26430,604185,95516
26431,604186,95546
26432,604187,95611
26433,604208,113770
26434,604209,113771
26435,604210,115383
26436,604211,115384
26437,604227,133158
26438,604228,133159
26439,604229,133160
26440,604230,133161
26441,604231,133162
26442,604254,149061
26443,604266,158702
26444,604268,163672
26445,604280,174592
26446,604294,183159
26447,604298,187657
26448,604300,192109
26449,604301,192110
26450,604328,212135
26451,604329,212136
26452,604330,212137
26453,604331,212138
26454,604346,233475
26455,604347,233572
26456,604348,233573
26457,604349,233574
26458,604442,312894
26459,604511,366305
26460,604512,366306
26461,604513,366307
26462,604539,389014
26463,604540,389015
26464,604541,389016
26465,604597,432928
26466,604598,432929
26467,604639,479584
26468,604654,488522
26469,604658,493638
26470,604659,493858
26471,604660,493859
26472,604661,493860
26473,604668,506044
26474,604669,506073
26475,604670,506101
26476,604681,516145
26477,604701,525209
26478,604723,542666
26479,604724,542667
26480,604725,542668
26481,604745,559097
26482,604746,559274
26483,604747,559275
26484,604748,559922
26485,604749,559923
26486,604750,559924
26487,604763,568143
26488,604764,568144
26489,604765,568207
26490,604766,568208
26491,604768,571403
26492,604769,571473
26493,604770,571474
26494,604806,600347
26495,604807,600348
26496,604815,1294
26497,604825,8799
26498,604855,38051
26499,604856,38052
26500,604857,38053
26501,604858,38054
26502,604921,95609
26503,604922,95610
26504,604943,113768
26505,604944,113769
26506,604947,115437
26507,604948,115489
26508,604972,133156
26509,604973,133157
26510,604992,149059
26511,604993,149060
26512,605001,158697
26513,605002,158698
26514,605003,158699
26515,605004,158700
26516,605005,158701
26517,605008,163667
26518,605009,163668
26519,605010,163669
26520,605011,163670
26521,605012,163671
26522,605035,183158
26523,605040,187697
26524,605041,187698
26525,605042,187912
26526,605043,188307
26527,605044,188308
26528,605045,188309
26529,605050,192105
26530,605051,192106
26531,605052,192107
26532,605053,192108
26533,605084,212132
26534,605085,212133
26535,605086,212134
26536,605119,233571
26537,605225,312893
26538,605295,366217
26539,605296,366303
26540,605297,366304
26541,605375,432926
26542,605376,432927
26543,605397,451337
26544,605398,451338
26545,605399,451339
26546,605440,479568
26547,605441,479569
26548,605442,479570
26549,605443,479583
26550,605464,488521
26551,605469,493855
26552,605470,493856
26553,605471,493857
26554,605481,506042
26555,605482,506043
26556,605497,516144
26557,605504,519244
26558,605517,525171
26559,605518,525207
26560,605519,525208
26561,605542,542664
26562,605543,542665
26563,605567,559273
26564,605568,559471
26565,605569,559917
26566,605570,559918
26567,605571,559919
26568,605572,559920
26569,605573,559921
26570,605581,568206
26571,605584,571472
26572,605622,605573
26573,605623,605574
26574,605624,605698
26575,605625,605699
26576,605628,1292
26577,605629,1293
26578,605639,8797
26579,605640,8798
26580,605656,20285
26581,605657,20286
26582,605679,38050
26583,605776,113766
26584,605777,113767
26585,605779,115436
26586,605780,115488
26587,605806,133154
26588,605807,133155
26589,605838,158696
26590,605843,163664
26591,605844,163665
26592,605845,163666
26593,605852,174589
26594,605853,174590
26595,605854,174591
26596,605860,183157
26597,605862,187910
26598,605863,187911
26599,605864,188302
26600,605865,188303
26601,605866,188304
26602,605867,188305
26603,605868,188306
26604,605870,192101
26605,605871,192102
26606,605872,192103
26607,605873,192104
26608,605905,212131
26609,605920,233570
26610,606010,312891
26611,606011,312892
26612,606087,366302
26613,606108,389013
26614,606159,432884
26615,606160,432898
26616,606161,432925
26617,606174,451335
26618,606175,451336
26619,606206,479581
26620,606207,479582
26621,606224,488519
26622,606225,488520
26623,606228,493853
26624,606229,493854
26625,606246,506099
26626,606247,506100
26627,606256,516143
26628,606261,519219
26629,606262,519243
26630,606269,525205
26631,606270,525206
26632,606285,542662
26633,606286,542663
26634,606304,559908
26635,606305,559909
26636,606306,559910
26637,606307,559911
26638,606308,559912
26639,606309,559913
26640,606310,559914
26641,606311,559915
26642,606312,559916
26643,606317,568142
26644,606318,568202
26645,606319,568203
26646,606320,568204
26647,606321,568205
26648,606322,571469
26649,606323,571470
26650,606324,571471
26651,606351,600345
26652,606352,600346
26653,606358,605695
26654,606359,605696
26655,606360,605697
26656,606804,379147
26657,606805,379285
26658,606806,379286
26659,606854,432198
26660,606855,432199
26661,606856,432200
26662,606857,432201
26663,606891,463821
26664,606892,463822
26665,606893,463823
26666,606894,463824
26667,606895,463825
26668,606896,463826
26669,606897,463827
26670,606898,463828
26671,606899,463829
26672,606900,463830
26673,606901,463831
26674,607468,379142
26675,607469,379143
26676,607470,379144
26677,607471,379145
26678,607472,379146
26679,607473,379222
26680,607474,379281
26681,607475,379282
26682,607476,379283
26683,607477,379284
26684,607540,463307
26685,607541,463689
26686,607542,463817
26687,607543,463818
26688,607544,463819
26689,607545,463820
26690,607887,432197
26691,608117,432195
26692,608118,432196
26693,608122,463815
26694,608123,463816
26695,608329,432192
26696,608330,432193
26697,608331,432194
26698,608338,463813
26699,608339,463814
26700,608447,463812
